{
"type": "FeatureCollection",
"name": "power_lines_220.tmp",
"crs": { "type": "name", "properties": { "name": "urn:ogc:def:crs:OGC:1.3:CRS84" } },
"features": [
{ "type": "Feature", "properties": { "voltage_kv": "220 kV", "operator_show": "–", "name_show": "–" }, "geometry": { "type": "LineString", "coordinates": [ [ 8.6772056, 49.9741364 ], [ 8.5929537, 49.9677219 ], [ 8.5611256, 49.9917902 ] ] } },
{ "type": "Feature", "properties": { "voltage_kv": "220 kV", "operator_show": "50Hertz Transmission", "name_show": "Nordring Berlin" }, "geometry": { "type": "LineString", "coordinates": [ [ 13.2062826, 52.658561 ], [ 13.2106471, 52.679257 ] ] } },
{ "type": "Feature", "properties": { "voltage_kv": "220 kV", "operator_show": "50Hertz Transmission", "name_show": "Nordring Berlin" }, "geometry": { "type": "LineString", "coordinates": [ [ 13.2106471, 52.679257 ], [ 13.2112178, 52.680794 ] ] } },
{ "type": "Feature", "properties": { "voltage_kv": "220 kV; 110 kV", "operator_show": "Amprion", "name_show": "–" }, "geometry": { "type": "LineString", "coordinates": [ [ 6.2224587, 51.692393299999985 ], [ 6.321894, 51.7172593 ] ] } },
{ "type": "Feature", "properties": { "voltage_kv": "220 kV", "operator_show": "RWE", "name_show": "220 kV Bocklemünd Nord|Süd" }, "geometry": { "type": "LineString", "coordinates": [ [ 6.8086586, 50.965978 ], [ 6.8462804, 50.987698 ] ] } },
{ "type": "Feature", "properties": { "voltage_kv": "220 kV; 0 kV", "operator_show": "RWE", "name_show": "–" }, "geometry": { "type": "LineString", "coordinates": [ [ 6.9757257, 51.0375074 ], [ 6.9650685, 51.051739199999979 ] ] } },
{ "type": "Feature", "properties": { "voltage_kv": "220 kV", "operator_show": "RWE", "name_show": "220 kV Stommeln Nord" }, "geometry": { "type": "LineString", "coordinates": [ [ 6.9638723, 51.0666645 ], [ 6.9644934, 51.065709099999985 ] ] } },
{ "type": "Feature", "properties": { "voltage_kv": "220 kV", "operator_show": "RWE", "name_show": "220 kV Gremberghoven Ost|West" }, "geometry": { "type": "LineString", "coordinates": [ [ 7.0968095, 50.8537862 ], [ 7.0943982, 50.8269324 ] ] } },
{ "type": "Feature", "properties": { "voltage_kv": "220 kV", "operator_show": "TenneT TSO", "name_show": "Ltg 2025 Wahle - Braunschweig Nord" }, "geometry": { "type": "LineString", "coordinates": [ [ 10.5040654, 52.3018953 ], [ 10.4565018, 52.2786267 ], [ 10.3695681, 52.2852343 ] ] } },
{ "type": "Feature", "properties": { "voltage_kv": "220 kV", "operator_show": "TenneT TSO", "name_show": "Ltg 208 I und 208 II Hamburg Nord (Henstedt-Ulzburg) - Lübeck" }, "geometry": { "type": "LineString", "coordinates": [ [ 9.9867437, 53.7672268 ], [ 9.9902116, 53.769327499999974 ] ] } },
{ "type": "Feature", "properties": { "voltage_kv": "220 kV; 0 kV", "operator_show": "RWE", "name_show": "220 kV Niederaußem 5e" }, "geometry": { "type": "LineString", "coordinates": [ [ 6.70572, 51.003998599999974 ], [ 6.713905, 51.0047618 ] ] } },
{ "type": "Feature", "properties": { "voltage_kv": "220 kV", "operator_show": "Amprion", "name_show": "220 kV Niederaußem 1a|3c" }, "geometry": { "type": "LineString", "coordinates": [ [ 6.8041691, 50.9686866 ], [ 6.8059136, 50.967913 ] ] } },
{ "type": "Feature", "properties": { "voltage_kv": "220 kV", "operator_show": "50Hertz Transmission", "name_show": "Ltg 291 und 302" }, "geometry": { "type": "LineString", "coordinates": [ [ 13.3086975, 52.23108340000001 ], [ 13.2885099, 52.2451897 ], [ 13.3757262, 52.349950599999971 ], [ 13.5067692, 52.3970341 ] ] } },
{ "type": "Feature", "properties": { "voltage_kv": "220 kV", "operator_show": "TenneT", "name_show": "Leitung 2026 Lehrte - Mehrum" }, "geometry": { "type": "LineString", "coordinates": [ [ 10.0860822, 52.3156725 ], [ 10.051171, 52.312573 ], [ 9.919029, 52.3803229 ] ] } },
{ "type": "Feature", "properties": { "voltage_kv": "220 kV", "operator_show": "TenneT TSO", "name_show": "Leitung 2027 Mehrum - Salzgitter Hallendorf" }, "geometry": { "type": "LineString", "coordinates": [ [ 10.0860903, 52.3146278 ], [ 10.0698056, 52.3012565 ], [ 10.226823, 52.222677 ], [ 10.247831, 52.187619 ] ] } },
{ "type": "Feature", "properties": { "voltage_kv": "220 kV", "operator_show": "TenneT", "name_show": "300" }, "geometry": { "type": "LineString", "coordinates": [ [ 8.1227677, 53.5605 ], [ 8.1244578, 53.557565699999977 ] ] } },
{ "type": "Feature", "properties": { "voltage_kv": "220 kV", "operator_show": "TenneT TSO GmbH", "name_show": "–" }, "geometry": { "type": "LineString", "coordinates": [ [ 8.8726099, 53.1849108 ], [ 8.8194274, 53.1094772 ] ] } },
{ "type": "Feature", "properties": { "voltage_kv": "220 kV", "operator_show": "TenneT TSO", "name_show": "Oberbrunn - Oberbachern" }, "geometry": { "type": "LineString", "coordinates": [ [ 11.2972713, 48.0524118 ], [ 11.4062292, 48.223867899999988 ] ] } },
{ "type": "Feature", "properties": { "voltage_kv": "220 kV", "operator_show": "TenneT TSO", "name_show": "Nfi-Oh" }, "geometry": { "type": "LineString", "coordinates": [ [ 11.8154506, 48.221454 ], [ 11.8164695, 48.222061899999986 ] ] } },
{ "type": "Feature", "properties": { "voltage_kv": "220 kV", "operator_show": "TenneT TSO", "name_show": "Oberbachern - Neufinsing" }, "geometry": { "type": "LineString", "coordinates": [ [ 11.815428, 48.2219889 ], [ 11.797904, 48.240892100000011 ] ] } },
{ "type": "Feature", "properties": { "voltage_kv": "220 kV", "operator_show": "TenneT", "name_show": "–" }, "geometry": { "type": "LineString", "coordinates": [ [ 10.4194296, 52.235916299999978 ], [ 10.4185318, 52.2389643 ] ] } },
{ "type": "Feature", "properties": { "voltage_kv": "220 kV; 110 kV", "operator_show": "RWE", "name_show": "–" }, "geometry": { "type": "LineString", "coordinates": [ [ 7.5247507, 51.5319067 ], [ 7.611422, 51.5431991 ] ] } },
{ "type": "Feature", "properties": { "voltage_kv": "220 kV", "operator_show": "RWE", "name_show": "220kV Elmenhorst Süd" }, "geometry": { "type": "LineString", "coordinates": [ [ 7.4454912, 51.619216299999984 ], [ 7.4450885, 51.619912 ] ] } },
{ "type": "Feature", "properties": { "voltage_kv": "220 kV; 110 kV", "operator_show": "RWE", "name_show": "–" }, "geometry": { "type": "LineString", "coordinates": [ [ 6.65864, 51.5846322 ], [ 6.6506675, 51.5537023 ] ] } },
{ "type": "Feature", "properties": { "voltage_kv": "220 kV; 110 kV", "operator_show": "Amprion", "name_show": "–" }, "geometry": { "type": "LineString", "coordinates": [ [ 6.6139254, 51.6174835 ], [ 6.6290144, 51.6137688 ] ] } },
{ "type": "Feature", "properties": { "voltage_kv": "220 kV", "operator_show": "RWE", "name_show": "–" }, "geometry": { "type": "LineString", "coordinates": [ [ 6.6842997, 51.6448945 ], [ 6.6846435, 51.6434665 ] ] } },
{ "type": "Feature", "properties": { "voltage_kv": "220 kV", "operator_show": "RWE", "name_show": "Schermbeck Nord" }, "geometry": { "type": "LineString", "coordinates": [ [ 6.6849334, 51.6458348 ], [ 6.6787174, 51.6541685 ] ] } },
{ "type": "Feature", "properties": { "voltage_kv": "220 kV", "operator_show": "RWE", "name_show": "–" }, "geometry": { "type": "LineString", "coordinates": [ [ 6.7160193, 51.526253499999989 ], [ 6.7163233, 51.5258973 ] ] } },
{ "type": "Feature", "properties": { "voltage_kv": "220 kV", "operator_show": "RWE", "name_show": "220kV Wesel Ost" }, "geometry": { "type": "LineString", "coordinates": [ [ 6.6840501, 51.644873 ], [ 6.6843323, 51.6406973 ] ] } },
{ "type": "Feature", "properties": { "voltage_kv": "220 kV", "operator_show": "TenneT TSO", "name_show": "210" }, "geometry": { "type": "LineString", "coordinates": [ [ 8.4087008, 53.1903932 ], [ 8.4100494, 53.1904783 ] ] } },
{ "type": "Feature", "properties": { "voltage_kv": "220 kV", "operator_show": "–", "name_show": "220 KV" }, "geometry": { "type": "LineString", "coordinates": [ [ 6.6537973, 51.3804116 ], [ 6.6543625, 51.3824778 ] ] } },
{ "type": "Feature", "properties": { "voltage_kv": "220 kV", "operator_show": "RWE", "name_show": "220 KV" }, "geometry": { "type": "LineString", "coordinates": [ [ 6.6543625, 51.3824778 ], [ 6.6575663, 51.3847381 ] ] } },
{ "type": "Feature", "properties": { "voltage_kv": "220 kV", "operator_show": "–", "name_show": "220 KV" }, "geometry": { "type": "LineString", "coordinates": [ [ 6.6543625, 51.3824778 ], [ 6.6525754, 51.384007899999986 ] ] } },
{ "type": "Feature", "properties": { "voltage_kv": "220 kV", "operator_show": "TenneT", "name_show": "–" }, "geometry": { "type": "LineString", "coordinates": [ [ 8.9347132, 52.19309040000001 ], [ 8.8804816, 52.095386 ], [ 8.6807188, 51.996841899999986 ] ] } },
{ "type": "Feature", "properties": { "voltage_kv": "220 kV", "operator_show": "RWE", "name_show": "220 kV Frixheim Süd; Niederaußem 4d|5e; Stommeln Nord" }, "geometry": { "type": "LineString", "coordinates": [ [ 6.8541511, 51.0238621 ], [ 6.8814901, 51.006461899999984 ] ] } },
{ "type": "Feature", "properties": { "voltage_kv": "220 kV", "operator_show": "–", "name_show": "–" }, "geometry": { "type": "LineString", "coordinates": [ [ 10.8442682, 49.3806377 ], [ 10.8413165, 49.3800419 ] ] } },
{ "type": "Feature", "properties": { "voltage_kv": "220 kV", "operator_show": "TenneT TSO", "name_show": "Raitersaich - Trennfeld" }, "geometry": { "type": "LineString", "coordinates": [ [ 10.8433702, 49.3776778 ], [ 10.8454339, 49.377904899999983 ] ] } },
{ "type": "Feature", "properties": { "voltage_kv": "220 kV", "operator_show": "RWE", "name_show": "–" }, "geometry": { "type": "LineString", "coordinates": [ [ 6.3819604, 51.2152143 ], [ 6.422933, 51.2260059 ] ] } },
{ "type": "Feature", "properties": { "voltage_kv": "220 kV; 110 kV", "operator_show": "RWE", "name_show": "–" }, "geometry": { "type": "LineString", "coordinates": [ [ 6.3716067, 51.212475799999986 ], [ 6.3284882, 51.2417032 ] ] } },
{ "type": "Feature", "properties": { "voltage_kv": "220 kV", "operator_show": "RWE", "name_show": "220 kV Niederaußem 1a|2b|3c|4d" }, "geometry": { "type": "LineString", "coordinates": [ [ 6.6934171, 51.0028644 ], [ 6.6731572, 50.9912347 ] ] } },
{ "type": "Feature", "properties": { "voltage_kv": "220 kV", "operator_show": "RWE", "name_show": "220 kV Niederaußem 2b; Rommerskirchen Ost" }, "geometry": { "type": "LineString", "coordinates": [ [ 6.6998613, 51.0033702 ], [ 6.6980218, 50.9761948 ] ] } },
{ "type": "Feature", "properties": { "voltage_kv": "220 kV", "operator_show": "50Hertz Transmission", "name_show": "Ltg 225 und 226 Röhrsdorf - Niederwiesa" }, "geometry": { "type": "LineString", "coordinates": [ [ 12.8153112, 50.855168799999987 ], [ 12.8668111, 50.8970434 ], [ 12.9655826, 50.894164699999983 ], [ 13.0045993, 50.8668439 ] ] } },
{ "type": "Feature", "properties": { "voltage_kv": "220 kV", "operator_show": "RWE", "name_show": "220 kV Gremberghoven Ost|West" }, "geometry": { "type": "LineString", "coordinates": [ [ 7.0631247, 50.9093228 ], [ 7.0815506, 50.89811310000001 ] ] } },
{ "type": "Feature", "properties": { "voltage_kv": "220 kV", "operator_show": "RWE", "name_show": "380kV Herne 1A" }, "geometry": { "type": "LineString", "coordinates": [ [ 7.1375237, 51.5219863 ], [ 7.1367619, 51.5250955 ] ] } },
{ "type": "Feature", "properties": { "voltage_kv": "220 kV; 110 kV", "operator_show": "RWE", "name_show": "–" }, "geometry": { "type": "LineString", "coordinates": [ [ 7.1378238, 51.5537615 ], [ 7.1401822, 51.5553066 ] ] } },
{ "type": "Feature", "properties": { "voltage_kv": "220 kV; 110 kV", "operator_show": "RWE", "name_show": "–" }, "geometry": { "type": "LineString", "coordinates": [ [ 7.034915, 51.5412776 ], [ 7.0218428, 51.5556243 ] ] } },
{ "type": "Feature", "properties": { "voltage_kv": "220 kV", "operator_show": "Amprion", "name_show": "220kV Buer Süd+Scholven E" }, "geometry": { "type": "LineString", "coordinates": [ [ 7.0373966, 51.597471200000015 ], [ 7.0199035, 51.5650137 ] ] } },
{ "type": "Feature", "properties": { "voltage_kv": "220 kV; 110 kV", "operator_show": "Amprion;Westnetz", "name_show": "–" }, "geometry": { "type": "LineString", "coordinates": [ [ 7.0199035, 51.5650137 ], [ 7.0199048, 51.561574200000017 ] ] } },
{ "type": "Feature", "properties": { "voltage_kv": "220 kV", "operator_show": "RWE", "name_show": "–" }, "geometry": { "type": "LineString", "coordinates": [ [ 7.0368062, 51.6000274 ], [ 7.0314023, 51.6102848 ] ] } },
{ "type": "Feature", "properties": { "voltage_kv": "220 kV", "operator_show": "RWE", "name_show": "220kV Scholven E" }, "geometry": { "type": "LineString", "coordinates": [ [ 7.0048361, 51.6020503 ], [ 7.0003162, 51.6005738 ] ] } },
{ "type": "Feature", "properties": { "voltage_kv": "220 kV", "operator_show": "RWE", "name_show": "–" }, "geometry": { "type": "LineString", "coordinates": [ [ 7.0600038, 51.6958222 ], [ 7.0624458, 51.6871975 ] ] } },
{ "type": "Feature", "properties": { "voltage_kv": "220 kV", "operator_show": "Amprion", "name_show": "220 kV Troisdorf Ost" }, "geometry": { "type": "LineString", "coordinates": [ [ 6.972347, 50.794009599999988 ], [ 6.972892, 50.7938436 ] ] } },
{ "type": "Feature", "properties": { "voltage_kv": "220 kV", "operator_show": "Amprion", "name_show": "220 kV Troisdorf West" }, "geometry": { "type": "LineString", "coordinates": [ [ 6.9747074, 50.794217 ], [ 6.9797807, 50.7947903 ] ] } },
{ "type": "Feature", "properties": { "voltage_kv": "220 kV", "operator_show": "RWE", "name_show": "220kV Bochum West+Herne 1A" }, "geometry": { "type": "LineString", "coordinates": [ [ 7.1212472, 51.4511 ], [ 7.1226743, 51.4511189 ] ] } },
{ "type": "Feature", "properties": { "voltage_kv": "220 kV; 0 kV", "operator_show": "RWE", "name_show": "220kV Gladbeck West+ANK" }, "geometry": { "type": "LineString", "coordinates": [ [ 7.1206261, 51.4503912 ], [ 7.1230627, 51.4507432 ] ] } },
{ "type": "Feature", "properties": { "voltage_kv": "220 kV", "operator_show": "RWE", "name_show": "220kV Herdecke Nord" }, "geometry": { "type": "LineString", "coordinates": [ [ 7.1250204, 51.450351899999987 ], [ 7.1233805, 51.450407599999984 ] ] } },
{ "type": "Feature", "properties": { "voltage_kv": "220 kV; 110 kV", "operator_show": "RWE", "name_show": "220 kV Gremberghoven Ost|West; 110 kV Porz Ost|West" }, "geometry": { "type": "LineString", "coordinates": [ [ 7.0631247, 50.9093228 ], [ 7.0519666, 50.9063416 ] ] } },
{ "type": "Feature", "properties": { "voltage_kv": "220 kV; 110 kV", "operator_show": "Amprion;Westnetz", "name_show": "–" }, "geometry": { "type": "LineString", "coordinates": [ [ 6.321894, 51.7172593 ], [ 6.442799, 51.740493800000017 ] ] } },
{ "type": "Feature", "properties": { "voltage_kv": "220 kV", "operator_show": "RWE", "name_show": "220kV LMG Ost+West" }, "geometry": { "type": "LineString", "coordinates": [ [ 6.9651684, 51.489394 ], [ 6.9474527, 51.4982927 ] ] } },
{ "type": "Feature", "properties": { "voltage_kv": "220 kV; 110 kV", "operator_show": "TransnetBW;Netze BW", "name_show": "–" }, "geometry": { "type": "LineString", "coordinates": [ [ 8.3109478, 49.0121745 ], [ 8.321627, 49.0416916 ] ] } },
{ "type": "Feature", "properties": { "voltage_kv": "220 kV; 110 kV", "operator_show": "TenneT;Avacon Netz GmbH", "name_show": "209, 081" }, "geometry": { "type": "LineString", "coordinates": [ [ 8.087343, 53.604992 ], [ 8.1205593, 53.562811800000013 ] ] } },
{ "type": "Feature", "properties": { "voltage_kv": "220 kV; 110 kV", "operator_show": "TenneT;Avacon Netz GmbH", "name_show": "300" }, "geometry": { "type": "LineString", "coordinates": [ [ 8.1244578, 53.557565699999977 ], [ 8.131133, 53.556971 ] ] } },
{ "type": "Feature", "properties": { "voltage_kv": "220 kV; 110 kV", "operator_show": "–", "name_show": "–" }, "geometry": { "type": "LineString", "coordinates": [ [ 8.6528265, 52.0035622 ], [ 8.6580006, 52.0023226 ] ] } },
{ "type": "Feature", "properties": { "voltage_kv": "220 kV", "operator_show": "TIWAG", "name_show": "Silz - Oberbrunn" }, "geometry": { "type": "LineString", "coordinates": [ [ 11.1027179, 47.2939609 ], [ 11.2656267, 47.4012553 ] ] } },
{ "type": "Feature", "properties": { "voltage_kv": "220 kV; 110 kV", "operator_show": "TenneT TSO GmbH;Avacon Netz GmbH", "name_show": "Aschaffenburg - Großkrotzenburg" }, "geometry": { "type": "LineString", "coordinates": [ [ 9.0962708, 50.1193211 ], [ 8.9586107, 50.0860088 ] ] } },
{ "type": "Feature", "properties": { "voltage_kv": "220 kV; 110 kV", "operator_show": "RWE", "name_show": "Osterath - Duisburg-Mündelheim" }, "geometry": { "type": "LineString", "coordinates": [ [ 6.6269075, 51.262357 ], [ 6.6578593, 51.2938617 ] ] } },
{ "type": "Feature", "properties": { "voltage_kv": "220 kV", "operator_show": "RWE", "name_show": "220 kV Eller Ost; Itterbach Ost" }, "geometry": { "type": "LineString", "coordinates": [ [ 6.9357514, 51.14209109999998 ], [ 6.9089863, 51.1152833 ], [ 6.9613032, 51.0687055 ] ] } },
{ "type": "Feature", "properties": { "voltage_kv": "220 kV", "operator_show": "TenneT", "name_show": "201" }, "geometry": { "type": "LineString", "coordinates": [ [ 8.4961199, 53.199316 ], [ 8.4193267, 53.229867 ] ] } },
{ "type": "Feature", "properties": { "voltage_kv": "220 kV; 110 kV", "operator_show": "Amprion", "name_show": "–" }, "geometry": { "type": "LineString", "coordinates": [ [ 6.899491, 51.15921789999998 ], [ 6.8797647, 51.189157399999985 ] ] } },
{ "type": "Feature", "properties": { "voltage_kv": "220 kV; 110 kV", "operator_show": "RWE", "name_show": "–" }, "geometry": { "type": "LineString", "coordinates": [ [ 6.899491, 51.15921789999998 ], [ 6.9357514, 51.14209109999998 ] ] } },
{ "type": "Feature", "properties": { "voltage_kv": "220 kV", "operator_show": "50Hertz Transmission", "name_show": "Ltg 319 und 324 Wustermark - Brandenburg West" }, "geometry": { "type": "LineString", "coordinates": [ [ 12.5791814, 52.6293198 ], [ 12.5329209, 52.5854505 ], [ 12.5734783, 52.5172971 ], [ 12.4991703, 52.406508 ] ] } },
{ "type": "Feature", "properties": { "voltage_kv": "220 kV", "operator_show": "50Hertz Transmission", "name_show": "Ltg 494 Wolmirstedt" }, "geometry": { "type": "LineString", "coordinates": [ [ 12.9420596, 52.5621207 ], [ 12.9393531, 52.5628746 ] ] } },
{ "type": "Feature", "properties": { "voltage_kv": "220 kV", "operator_show": "50Hertz Transmission", "name_show": "Ltg 319 Brandenburg West" }, "geometry": { "type": "LineString", "coordinates": [ [ 12.9399657, 52.5629325 ], [ 12.9388518, 52.564034499999984 ] ] } },
{ "type": "Feature", "properties": { "voltage_kv": "220 kV", "operator_show": "50Hertz Transmission", "name_show": "Nordring Berlin" }, "geometry": { "type": "LineString", "coordinates": [ [ 13.2112178, 52.680794 ], [ 13.249418, 52.698111699999984 ] ] } },
{ "type": "Feature", "properties": { "voltage_kv": "220 kV", "operator_show": "50Hertz Transmission", "name_show": "Nordring Berlin" }, "geometry": { "type": "LineString", "coordinates": [ [ 13.2089761, 52.6797765 ], [ 13.2112178, 52.680794 ] ] } },
{ "type": "Feature", "properties": { "voltage_kv": "220 kV", "operator_show": "50Hertz Transmission", "name_show": "Nordring Berlin" }, "geometry": { "type": "LineString", "coordinates": [ [ 13.2106471, 52.679257 ], [ 13.2089761, 52.6797765 ] ] } },
{ "type": "Feature", "properties": { "voltage_kv": "220 kV; 110 kV", "operator_show": "Amprion", "name_show": "220 kV Kondelwald" }, "geometry": { "type": "LineString", "coordinates": [ [ 7.3120315, 50.2333454 ], [ 7.2889776, 50.226819399999982 ] ] } },
{ "type": "Feature", "properties": { "voltage_kv": "220 kV", "operator_show": "TransnetBW", "name_show": "–" }, "geometry": { "type": "LineString", "coordinates": [ [ 8.409383, 49.0923365 ], [ 8.439178, 49.2050193 ], [ 8.5124054, 49.291645 ] ] } },
{ "type": "Feature", "properties": { "voltage_kv": "220 kV", "operator_show": "–", "name_show": "–" }, "geometry": { "type": "LineString", "coordinates": [ [ 9.9968298, 54.3134086 ], [ 10.0011778, 54.3158355 ] ] } },
{ "type": "Feature", "properties": { "voltage_kv": "220 kV; 110 kV", "operator_show": "TenneT;Avacon Netz GmbH", "name_show": "211;109" }, "geometry": { "type": "LineString", "coordinates": [ [ 8.081571, 53.605233 ], [ 8.0598026, 53.616355 ] ] } },
{ "type": "Feature", "properties": { "voltage_kv": "220 kV", "operator_show": "TenneT", "name_show": "–" }, "geometry": { "type": "LineString", "coordinates": [ [ 8.6807188, 51.996841899999986 ], [ 8.8127255, 51.9834145 ] ] } },
{ "type": "Feature", "properties": { "voltage_kv": "220 kV", "operator_show": "TenneT", "name_show": "Leitung 3004" }, "geometry": { "type": "LineString", "coordinates": [ [ 9.114329, 52.542813 ], [ 9.1142068, 52.5431106 ] ] } },
{ "type": "Feature", "properties": { "voltage_kv": "220 kV", "operator_show": "TenneT TSO GmbH", "name_show": "Leitung 2016" }, "geometry": { "type": "LineString", "coordinates": [ [ 9.1368, 52.540678 ], [ 9.115573, 52.542049 ] ] } },
{ "type": "Feature", "properties": { "voltage_kv": "220 kV", "operator_show": "TenneT", "name_show": "Leitung 2010" }, "geometry": { "type": "LineString", "coordinates": [ [ 9.10935, 52.542937 ], [ 9.1108984, 52.543156899999985 ] ] } },
{ "type": "Feature", "properties": { "voltage_kv": "220 kV", "operator_show": "RWE", "name_show": "220 kV Merheim Ost|West" }, "geometry": { "type": "LineString", "coordinates": [ [ 7.0213986, 50.9982196 ], [ 7.028062, 50.985615099999983 ] ] } },
{ "type": "Feature", "properties": { "voltage_kv": "220 kV", "operator_show": "RWE", "name_show": "220 kV Dünnwald Ost|West" }, "geometry": { "type": "LineString", "coordinates": [ [ 7.0189659, 51.0032178 ], [ 7.019724, 51.001210199999989 ] ] } },
{ "type": "Feature", "properties": { "voltage_kv": "220 kV", "operator_show": "TenneT", "name_show": "Leitung 2023" }, "geometry": { "type": "LineString", "coordinates": [ [ 9.144611, 52.851977 ], [ 9.137948, 52.847027 ] ] } },
{ "type": "Feature", "properties": { "voltage_kv": "220 kV", "operator_show": "TenneT TSO GmbH", "name_show": "–" }, "geometry": { "type": "LineString", "coordinates": [ [ 9.5164449, 52.3634767 ], [ 9.5211836, 52.3618011 ] ] } },
{ "type": "Feature", "properties": { "voltage_kv": "220 kV; 110 kV", "operator_show": "TenneT;Avacon Netz GmbH", "name_show": "–" }, "geometry": { "type": "LineString", "coordinates": [ [ 9.4893764, 52.3618291 ], [ 9.5164449, 52.3634767 ] ] } },
{ "type": "Feature", "properties": { "voltage_kv": "220 kV", "operator_show": "TenneT", "name_show": "Leitung 2010" }, "geometry": { "type": "LineString", "coordinates": [ [ 9.10935, 52.542937 ], [ 9.1118461, 52.5431484 ] ] } },
{ "type": "Feature", "properties": { "voltage_kv": "220 kV", "operator_show": "TenneT TSO GmbH", "name_show": "–" }, "geometry": { "type": "LineString", "coordinates": [ [ 8.5877798, 53.236217499999981 ], [ 8.724873, 53.244279 ], [ 8.7986274, 53.1892664 ], [ 8.8726099, 53.1849108 ] ] } },
{ "type": "Feature", "properties": { "voltage_kv": "220 kV", "operator_show": "TenneT TSO", "name_show": "–" }, "geometry": { "type": "LineString", "coordinates": [ [ 9.9233795, 51.8972476 ], [ 9.8524163, 51.898765299999987 ] ] } },
{ "type": "Feature", "properties": { "voltage_kv": "220 kV", "operator_show": "TenneT TSO", "name_show": "Leitung 2030" }, "geometry": { "type": "LineString", "coordinates": [ [ 9.795964, 51.999614 ], [ 9.790932, 52.001331 ] ] } },
{ "type": "Feature", "properties": { "voltage_kv": "220 kV", "operator_show": "RWE", "name_show": "220 kV Gremberghoven Ost|West" }, "geometry": { "type": "LineString", "coordinates": [ [ 7.1101169, 50.8178521 ], [ 7.0961495, 50.8259668 ] ] } },
{ "type": "Feature", "properties": { "voltage_kv": "220 kV; 110 kV", "operator_show": "RWE", "name_show": "220 kV Dünnwald Ost|West; 110 kV Bahnstrom Köln - Gerresheim 1|2" }, "geometry": { "type": "LineString", "coordinates": [ [ 6.9811877, 51.054675699999976 ], [ 6.9700408, 51.060383 ] ] } },
{ "type": "Feature", "properties": { "voltage_kv": "220 kV; 110 kV", "operator_show": "ENERVIE Vernetzt", "name_show": "–" }, "geometry": { "type": "LineString", "coordinates": [ [ 7.6825068, 51.2741192 ], [ 7.6029737, 51.3455052 ] ] } },
{ "type": "Feature", "properties": { "voltage_kv": "220 kV", "operator_show": "TenneT", "name_show": "204" }, "geometry": { "type": "LineString", "coordinates": [ [ 8.067387, 53.551082 ], [ 7.986481, 53.511717 ], [ 8.010921, 53.374639 ] ] } },
{ "type": "Feature", "properties": { "voltage_kv": "220 kV", "operator_show": "TenneT TSO", "name_show": "Oberbachern - Oberbrunn" }, "geometry": { "type": "LineString", "coordinates": [ [ 11.3652881, 48.2888758 ], [ 11.3714515, 48.290335 ] ] } },
{ "type": "Feature", "properties": { "voltage_kv": "220 kV", "operator_show": "TenneT", "name_show": "–" }, "geometry": { "type": "LineString", "coordinates": [ [ 10.0860782, 52.3160522 ], [ 10.0152395, 52.3421792 ], [ 9.9774461, 52.4113122 ], [ 9.8725381, 52.4020122 ], [ 9.8255217, 52.4258455 ] ] } },
{ "type": "Feature", "properties": { "voltage_kv": "220 kV; 110 kV", "operator_show": "RWE", "name_show": "220 kV Dünnwald Ost|West;110 kV Bahnstrom Köln - Gerresheim 1|2" }, "geometry": { "type": "LineString", "coordinates": [ [ 7.0189659, 51.0032178 ], [ 7.0070919, 51.0501462 ] ] } },
{ "type": "Feature", "properties": { "voltage_kv": "220 kV; 110 kV", "operator_show": "RWE", "name_show": "–" }, "geometry": { "type": "LineString", "coordinates": [ [ 6.8797647, 51.189157399999985 ], [ 6.8495254, 51.1894515 ] ] } },
{ "type": "Feature", "properties": { "voltage_kv": "220 kV", "operator_show": "RWE", "name_show": "220kV Cappenberg Süd" }, "geometry": { "type": "LineString", "coordinates": [ [ 7.4450885, 51.619912 ], [ 7.4456514, 51.6192919 ] ] } },
{ "type": "Feature", "properties": { "voltage_kv": "220 kV", "operator_show": "RWE", "name_show": "220kV Hochlarmark Ost+West" }, "geometry": { "type": "LineString", "coordinates": [ [ 7.2593248, 51.5716312 ], [ 7.2614578, 51.5741073 ] ] } },
{ "type": "Feature", "properties": { "voltage_kv": "220 kV", "operator_show": "TenneT TSO GmbH", "name_show": "Regensburg - Schwandorf" }, "geometry": { "type": "LineString", "coordinates": [ [ 12.0802777, 49.296714399999978 ], [ 12.0807455, 49.2861352 ] ] } },
{ "type": "Feature", "properties": { "voltage_kv": "220 kV", "operator_show": "TenneT TSO", "name_show": "Leitung 2024" }, "geometry": { "type": "LineString", "coordinates": [ [ 10.192738, 52.30246 ], [ 10.3647978, 52.2833646 ] ] } },
{ "type": "Feature", "properties": { "voltage_kv": "220 kV", "operator_show": "Amprion", "name_show": "–" }, "geometry": { "type": "LineString", "coordinates": [ [ 7.9695049, 50.954110300000011 ], [ 7.9362858, 51.0099429 ] ] } },
{ "type": "Feature", "properties": { "voltage_kv": "220 kV", "operator_show": "Amprion", "name_show": "220kV Herdecke Nord+Süd" }, "geometry": { "type": "LineString", "coordinates": [ [ 7.1666352, 51.3801522 ], [ 7.1213278, 51.4463395 ] ] } },
{ "type": "Feature", "properties": { "voltage_kv": "220 kV", "operator_show": "RWE", "name_show": "–" }, "geometry": { "type": "LineString", "coordinates": [ [ 6.9670047, 52.007602199999987 ], [ 6.966319, 52.0106294 ] ] } },
{ "type": "Feature", "properties": { "voltage_kv": "220 kV", "operator_show": "Westnetz", "name_show": "–" }, "geometry": { "type": "LineString", "coordinates": [ [ 7.3719734, 52.1976958 ], [ 7.3707748, 52.1978786 ] ] } },
{ "type": "Feature", "properties": { "voltage_kv": "220 kV", "operator_show": "RWE", "name_show": "220kV Itterbach Ost" }, "geometry": { "type": "LineString", "coordinates": [ [ 7.1253743, 51.449970699999987 ], [ 7.1240753, 51.449708700000016 ] ] } },
{ "type": "Feature", "properties": { "voltage_kv": "220 kV", "operator_show": "TenneT", "name_show": "–" }, "geometry": { "type": "LineString", "coordinates": [ [ 10.4191054, 52.2365455 ], [ 10.4194296, 52.235916299999978 ] ] } },
{ "type": "Feature", "properties": { "voltage_kv": "220 kV", "operator_show": "TenneT", "name_show": "–" }, "geometry": { "type": "LineString", "coordinates": [ [ 10.359056, 52.176288 ], [ 10.3684154, 52.1678055 ] ] } },
{ "type": "Feature", "properties": { "voltage_kv": "220 kV", "operator_show": "TenneT", "name_show": "Inhausen" }, "geometry": { "type": "LineString", "coordinates": [ [ 8.1214903, 53.5610936 ], [ 8.1205593, 53.562811800000013 ] ] } },
{ "type": "Feature", "properties": { "voltage_kv": "220 kV", "operator_show": "50Hertz Transmission", "name_show": "Ltg 494 Wolmirstedt - Wustermark" }, "geometry": { "type": "LineString", "coordinates": [ [ 12.9041319, 52.5964637 ], [ 12.9064616, 52.5948973 ] ] } },
{ "type": "Feature", "properties": { "voltage_kv": "220 kV", "operator_show": "TenneT TSO GmbH", "name_show": "Ingolstadt - Raitersaich" }, "geometry": { "type": "LineString", "coordinates": [ [ 10.8383044, 49.3722488 ], [ 10.8408529, 49.3777565 ] ] } },
{ "type": "Feature", "properties": { "voltage_kv": "220 kV", "operator_show": "TenneT TSO", "name_show": "3022" }, "geometry": { "type": "LineString", "coordinates": [ [ 8.062549, 53.329352 ], [ 8.0563347, 53.3332462 ] ] } },
{ "type": "Feature", "properties": { "voltage_kv": "220 kV", "operator_show": "RWE", "name_show": "220 kV Godorf Ost; Olefin West" }, "geometry": { "type": "LineString", "coordinates": [ [ 6.9621645, 50.8332085 ], [ 6.9338124, 50.8446113 ] ] } },
{ "type": "Feature", "properties": { "voltage_kv": "220 kV; 110 kV", "operator_show": "TenneT TSO GmbH;E.ON Netz GmbH", "name_show": "Oberbrunn - Oberbachern;Karlsfeld/West - Oberbachern" }, "geometry": { "type": "LineString", "coordinates": [ [ 11.4062292, 48.223867899999988 ], [ 11.3652881, 48.2888758 ] ] } },
{ "type": "Feature", "properties": { "voltage_kv": "220 kV", "operator_show": "TenneT TSO", "name_show": "Oberbrunn - Krün - Silz" }, "geometry": { "type": "LineString", "coordinates": [ [ 11.2981481, 48.0506929 ], [ 11.2145044, 47.8785173 ], [ 11.3193298, 47.711413099999987 ], [ 11.2905649, 47.680916 ], [ 11.3045349, 47.6546273 ] ] } },
{ "type": "Feature", "properties": { "voltage_kv": "220 kV", "operator_show": "50Hertz Transmission", "name_show": "Ltg 315 Pasewalk - Güstrow und 316 Pasewalk - Iven - Güstrow" }, "geometry": { "type": "LineString", "coordinates": [ [ 13.3984749, 53.7933636 ], [ 13.2072526, 53.8561524 ], [ 13.1429219, 53.905909199999989 ] ] } },
{ "type": "Feature", "properties": { "voltage_kv": "220 kV", "operator_show": "Amprion", "name_show": "Iller Ltg." }, "geometry": { "type": "LineString", "coordinates": [ [ 9.8880438, 48.3037515 ], [ 9.8884777, 48.302468 ] ] } },
{ "type": "Feature", "properties": { "voltage_kv": "220 kV", "operator_show": "TenneT TSO", "name_show": "206" }, "geometry": { "type": "LineString", "coordinates": [ [ 8.107041, 52.970469 ], [ 8.125226, 53.038466 ], [ 8.0892282, 53.1358072 ] ] } },
{ "type": "Feature", "properties": { "voltage_kv": "220 kV", "operator_show": "Amprion", "name_show": "220 kV Troisdorf Ost" }, "geometry": { "type": "LineString", "coordinates": [ [ 6.9747074, 50.794217 ], [ 6.9797807, 50.7947903 ] ] } },
{ "type": "Feature", "properties": { "voltage_kv": "220 kV; 110 kV", "operator_show": "RWE", "name_show": "220 kV Merheim Ost|West; 110 kV Moitzfeld West; Springborn West" }, "geometry": { "type": "LineString", "coordinates": [ [ 7.0540568, 50.9154809 ], [ 7.0487608, 50.907365699999978 ] ] } },
{ "type": "Feature", "properties": { "voltage_kv": "220 kV", "operator_show": "RWE", "name_show": "220 kV Merheim Ost|West" }, "geometry": { "type": "LineString", "coordinates": [ [ 7.0487608, 50.907365699999978 ], [ 7.0476081, 50.906199 ] ] } },
{ "type": "Feature", "properties": { "voltage_kv": "220 kV", "operator_show": "RWE", "name_show": "220 kV Gremberghoven Ost|West" }, "geometry": { "type": "LineString", "coordinates": [ [ 7.0840756, 50.897735899999986 ], [ 7.0968095, 50.8537862 ] ] } },
{ "type": "Feature", "properties": { "voltage_kv": "220 kV; 110 kV", "operator_show": "RWE", "name_show": "220 kV Gremberghoven Ost|West; 110 kV Porz Ost|West" }, "geometry": { "type": "LineString", "coordinates": [ [ 7.0815506, 50.89811310000001 ], [ 7.0840756, 50.897735899999986 ] ] } },
{ "type": "Feature", "properties": { "voltage_kv": "220 kV", "operator_show": "RWE", "name_show": "220 kV Gremberghoven Ost" }, "geometry": { "type": "LineString", "coordinates": [ [ 7.0943982, 50.8269324 ], [ 7.0956244, 50.8272636 ] ] } },
{ "type": "Feature", "properties": { "voltage_kv": "220 kV", "operator_show": "TenneT TSO", "name_show": "–" }, "geometry": { "type": "LineString", "coordinates": [ [ 8.4737144, 53.4278842 ], [ 8.4777368, 53.4283753 ] ] } },
{ "type": "Feature", "properties": { "voltage_kv": "220 kV", "operator_show": "Amprion", "name_show": "220 kV Knapsack 2b" }, "geometry": { "type": "LineString", "coordinates": [ [ 6.9691455, 50.7964554 ], [ 6.9711649, 50.7944011 ] ] } },
{ "type": "Feature", "properties": { "voltage_kv": "220 kV", "operator_show": "TenneT TSO", "name_show": "202A" }, "geometry": { "type": "LineString", "coordinates": [ [ 9.3618889, 53.8731702 ], [ 9.3454071, 53.8523777 ] ] } },
{ "type": "Feature", "properties": { "voltage_kv": "220 kV", "operator_show": "TransnetBW GmbH", "name_show": "–" }, "geometry": { "type": "LineString", "coordinates": [ [ 8.6399642, 48.8905141 ], [ 8.5794461, 48.892612099999987 ], [ 8.4506716, 48.9525752 ] ] } },
{ "type": "Feature", "properties": { "voltage_kv": "220 kV; 110 kV", "operator_show": "TransnetBW;Netze BW", "name_show": "–" }, "geometry": { "type": "LineString", "coordinates": [ [ 8.3975254, 49.0902433 ], [ 8.409383, 49.0923365 ] ] } },
{ "type": "Feature", "properties": { "voltage_kv": "220 kV", "operator_show": "Amprion", "name_show": "220kV Herdecke Nord+Süd" }, "geometry": { "type": "LineString", "coordinates": [ [ 7.1890594, 51.376205899999988 ], [ 7.4274289, 51.428773 ] ] } },
{ "type": "Feature", "properties": { "voltage_kv": "220 kV", "operator_show": "50Hertz Transmission", "name_show": "Ltg 317 und 318 Lüdershagen - Bentwisch" }, "geometry": { "type": "LineString", "coordinates": [ [ 13.0773983, 54.2831676 ], [ 13.0068363, 54.2369254 ], [ 12.743315, 54.178124 ], [ 12.4508061, 54.0733955 ], [ 12.379113, 54.064729 ], [ 12.218809, 54.112981 ] ] } },
{ "type": "Feature", "properties": { "voltage_kv": "220 kV", "operator_show": "TransnetBW", "name_show": "–" }, "geometry": { "type": "LineString", "coordinates": [ [ 8.4464827, 48.9860682 ], [ 8.4466201, 48.987681799999983 ] ] } },
{ "type": "Feature", "properties": { "voltage_kv": "220 kV", "operator_show": "TransnetBW", "name_show": "–" }, "geometry": { "type": "LineString", "coordinates": [ [ 8.4454503, 48.985387400000015 ], [ 8.4451572, 48.98358 ] ] } },
{ "type": "Feature", "properties": { "voltage_kv": "220 kV", "operator_show": "RWE", "name_show": "220 kV Gremberghoven Ost|West" }, "geometry": { "type": "LineString", "coordinates": [ [ 7.0961495, 50.8259668 ], [ 7.0954787, 50.8263376 ] ] } },
{ "type": "Feature", "properties": { "voltage_kv": "220 kV", "operator_show": "TenneT TSO", "name_show": "Neufinsing - Zolling" }, "geometry": { "type": "LineString", "coordinates": [ [ 11.823394, 48.2294602 ], [ 11.821367, 48.225731499999988 ] ] } },
{ "type": "Feature", "properties": { "voltage_kv": "220 kV; 110 kV", "operator_show": "TenneT TSO GmbH;E.ON Netz GmbH", "name_show": "Neufinsing - Zolling;Neufinsing - Wörth;Neufinsing - Wörth - Stollnkirchen" }, "geometry": { "type": "LineString", "coordinates": [ [ 11.821367, 48.225731499999988 ], [ 11.8179393, 48.223346099999986 ] ] } },
{ "type": "Feature", "properties": { "voltage_kv": "220 kV", "operator_show": "TenneT TSO", "name_show": "Neufinsing - Zolling" }, "geometry": { "type": "LineString", "coordinates": [ [ 11.8179393, 48.223346099999986 ], [ 11.815091, 48.2227395 ] ] } },
{ "type": "Feature", "properties": { "voltage_kv": "220 kV", "operator_show": "TenneT TSO", "name_show": "–" }, "geometry": { "type": "LineString", "coordinates": [ [ 11.8107884, 48.2185164 ], [ 11.8133028, 48.2198299 ] ] } },
{ "type": "Feature", "properties": { "voltage_kv": "220 kV", "operator_show": "–", "name_show": "–" }, "geometry": { "type": "LineString", "coordinates": [ [ 8.6807188, 51.996841899999986 ], [ 8.6601712, 52.001467 ] ] } },
{ "type": "Feature", "properties": { "voltage_kv": "220 kV", "operator_show": "RWE", "name_show": "220 kV Niederaußem 1a|2b|3c; Rommerskirchen Ost" }, "geometry": { "type": "LineString", "coordinates": [ [ 6.8017175, 50.9679727 ], [ 6.6994739, 50.974868299999983 ] ] } },
{ "type": "Feature", "properties": { "voltage_kv": "220 kV", "operator_show": "Amprion", "name_show": "–" }, "geometry": { "type": "LineString", "coordinates": [ [ 8.3104438, 52.3471523 ], [ 8.3060417, 52.3504217 ] ] } },
{ "type": "Feature", "properties": { "voltage_kv": "220 kV; 110 kV", "operator_show": "Amprion", "name_show": "–" }, "geometry": { "type": "LineString", "coordinates": [ [ 8.3064307, 52.3409537 ], [ 8.3096093, 52.345331100000017 ] ] } },
{ "type": "Feature", "properties": { "voltage_kv": "220 kV", "operator_show": "RWE", "name_show": "–" }, "geometry": { "type": "LineString", "coordinates": [ [ 8.3104232, 52.3461007 ], [ 8.3100178, 52.3452198 ] ] } },
{ "type": "Feature", "properties": { "voltage_kv": "220 kV; 220 kV; 110 kV; 110 kV", "operator_show": "RWE", "name_show": "–" }, "geometry": { "type": "LineString", "coordinates": [ [ 8.3064307, 52.3409537 ], [ 8.267952, 52.309818 ], [ 8.277592, 52.2824029 ] ] } },
{ "type": "Feature", "properties": { "voltage_kv": "220 kV", "operator_show": "50Hertz Transmission", "name_show": "Ltg 207 Röhrsdorf - Weida und 208 Eula - Weida" }, "geometry": { "type": "LineString", "coordinates": [ [ 12.5639281, 51.0780563 ], [ 12.4177024, 51.0111355 ], [ 12.2438181, 50.81576960000001 ], [ 12.1490808, 50.7688479 ], [ 12.073927, 50.798273899999984 ], [ 12.0515168, 50.7879383 ] ] } },
{ "type": "Feature", "properties": { "voltage_kv": "220 kV", "operator_show": "RWE", "name_show": "–" }, "geometry": { "type": "LineString", "coordinates": [ [ 7.9695049, 50.954110300000011 ], [ 7.970757, 50.9534004 ] ] } },
{ "type": "Feature", "properties": { "voltage_kv": "220 kV", "operator_show": "TenneT TSO GmbH", "name_show": "–" }, "geometry": { "type": "LineString", "coordinates": [ [ 11.8663349, 48.2085132 ], [ 11.8671135, 48.207224499999988 ] ] } },
{ "type": "Feature", "properties": { "voltage_kv": "220 kV", "operator_show": "Amprion", "name_show": "–" }, "geometry": { "type": "LineString", "coordinates": [ [ 6.442799, 51.740493800000017 ], [ 6.4485259, 51.740717199999985 ] ] } },
{ "type": "Feature", "properties": { "voltage_kv": "220 kV", "operator_show": "TenneT", "name_show": "211" }, "geometry": { "type": "LineString", "coordinates": [ [ 8.0598026, 53.616355 ], [ 8.0586656, 53.618546099999989 ] ] } },
{ "type": "Feature", "properties": { "voltage_kv": "220 kV", "operator_show": "50Hertz Transmission", "name_show": "Ltg 293 und 294" }, "geometry": { "type": "LineString", "coordinates": [ [ 13.6937919, 52.5607416 ], [ 13.6556546, 52.612866 ], [ 13.53362, 52.6192849 ] ] } },
{ "type": "Feature", "properties": { "voltage_kv": "220 kV", "operator_show": "–", "name_show": "–" }, "geometry": { "type": "LineString", "coordinates": [ [ 10.0865876, 52.315986500000015 ], [ 10.0860782, 52.3160522 ] ] } },
{ "type": "Feature", "properties": { "voltage_kv": "220 kV", "operator_show": "RWE", "name_show": "220 kV Merheim Ost|West" }, "geometry": { "type": "LineString", "coordinates": [ [ 7.0561534, 50.9263602 ], [ 7.0540568, 50.9154809 ] ] } },
{ "type": "Feature", "properties": { "voltage_kv": "220 kV; 110 kV", "operator_show": "RWE", "name_show": "220 kV Merheim Ost|West; 110 kV Bahnstrom Köln - Gerresheim 1|2" }, "geometry": { "type": "LineString", "coordinates": [ [ 7.0548607, 50.9279214 ], [ 7.0398443, 50.948254699999978 ] ] } },
{ "type": "Feature", "properties": { "voltage_kv": "220 kV", "operator_show": "RWE", "name_show": "220 kV Merheim Ost|West" }, "geometry": { "type": "LineString", "coordinates": [ [ 7.0548607, 50.9279214 ], [ 7.0561534, 50.9263602 ] ] } },
{ "type": "Feature", "properties": { "voltage_kv": "220 kV", "operator_show": "TenneT", "name_show": "–" }, "geometry": { "type": "LineString", "coordinates": [ [ 10.0361688, 53.803460099999981 ], [ 10.6364753, 53.919593199999987 ] ] } },
{ "type": "Feature", "properties": { "voltage_kv": "220 kV; 110 kV", "operator_show": "TenneT TSO GmbH;E.ON Netz GmbH", "name_show": "Ingolstadt - Sittling;Riedenburg - Sittling;Dietfurt - Sittling" }, "geometry": { "type": "LineString", "coordinates": [ [ 11.7374131, 48.8510179 ], [ 11.7875887, 48.8387237 ] ] } },
{ "type": "Feature", "properties": { "voltage_kv": "220 kV", "operator_show": "TenneT TSO", "name_show": "Ingolstadt - Sittling" }, "geometry": { "type": "LineString", "coordinates": [ [ 11.5079517, 48.7611971 ], [ 11.7374131, 48.8510179 ] ] } },
{ "type": "Feature", "properties": { "voltage_kv": "220 kV; 110 kV", "operator_show": "TransnetBW;Netze BW", "name_show": "–" }, "geometry": { "type": "LineString", "coordinates": [ [ 8.4250901, 48.9614117 ], [ 8.3763656, 48.974779 ] ] } },
{ "type": "Feature", "properties": { "voltage_kv": "220 kV; 110 kV", "operator_show": "TransnetBW;Netze BW", "name_show": "–" }, "geometry": { "type": "LineString", "coordinates": [ [ 8.4506716, 48.9525752 ], [ 8.4286507, 48.9598157 ] ] } },
{ "type": "Feature", "properties": { "voltage_kv": "220 kV; 110 kV", "operator_show": "RWE", "name_show": "–" }, "geometry": { "type": "LineString", "coordinates": [ [ 6.7328972, 51.4596697 ], [ 6.7250579, 51.4782496 ] ] } },
{ "type": "Feature", "properties": { "voltage_kv": "220 kV", "operator_show": "Amprion", "name_show": "–" }, "geometry": { "type": "LineString", "coordinates": [ [ 6.7237914, 51.480654 ], [ 6.7232279, 51.4913419 ] ] } },
{ "type": "Feature", "properties": { "voltage_kv": "220 kV", "operator_show": "–", "name_show": "–" }, "geometry": { "type": "LineString", "coordinates": [ [ 6.7261723, 51.4875332 ], [ 6.7276122, 51.4878339 ] ] } },
{ "type": "Feature", "properties": { "voltage_kv": "220 kV", "operator_show": "–", "name_show": "–" }, "geometry": { "type": "LineString", "coordinates": [ [ 6.7232499, 51.489918199999984 ], [ 6.7277116, 51.4880068 ] ] } },
{ "type": "Feature", "properties": { "voltage_kv": "220 kV", "operator_show": "–", "name_show": "–" }, "geometry": { "type": "LineString", "coordinates": [ [ 6.7452913, 51.4986608 ], [ 6.7439753, 51.498912 ] ] } },
{ "type": "Feature", "properties": { "voltage_kv": "220 kV", "operator_show": "–", "name_show": "–" }, "geometry": { "type": "LineString", "coordinates": [ [ 6.7287378, 51.495826200000018 ], [ 6.7287705, 51.4934733 ] ] } },
{ "type": "Feature", "properties": { "voltage_kv": "220 kV", "operator_show": "–", "name_show": "–" }, "geometry": { "type": "LineString", "coordinates": [ [ 6.7287705, 51.4934733 ], [ 6.7275653, 51.490321499999986 ] ] } },
{ "type": "Feature", "properties": { "voltage_kv": "220 kV", "operator_show": "RWE", "name_show": "–" }, "geometry": { "type": "LineString", "coordinates": [ [ 6.7457683, 51.4983302 ], [ 6.7461708, 51.4988318 ] ] } },
{ "type": "Feature", "properties": { "voltage_kv": "220 kV", "operator_show": "–", "name_show": "–" }, "geometry": { "type": "LineString", "coordinates": [ [ 6.7439753, 51.498912 ], [ 6.7452136, 51.498408 ] ] } },
{ "type": "Feature", "properties": { "voltage_kv": "220 kV", "operator_show": "–", "name_show": "–" }, "geometry": { "type": "LineString", "coordinates": [ [ 6.7454027, 51.4986418 ], [ 6.7461708, 51.4988318 ] ] } },
{ "type": "Feature", "properties": { "voltage_kv": "220 kV", "operator_show": "–", "name_show": "–" }, "geometry": { "type": "LineString", "coordinates": [ [ 6.7403985, 51.5111887 ], [ 6.7412555, 51.5125716 ] ] } },
{ "type": "Feature", "properties": { "voltage_kv": "220 kV; 110 kV", "operator_show": "RWE", "name_show": "–" }, "geometry": { "type": "LineString", "coordinates": [ [ 6.7264064, 51.5195796 ], [ 6.7189885, 51.5204285 ] ] } },
{ "type": "Feature", "properties": { "voltage_kv": "220 kV", "operator_show": "RWE", "name_show": "220kV Beeck Tr211+212" }, "geometry": { "type": "LineString", "coordinates": [ [ 6.7148683, 51.5257728 ], [ 6.7163233, 51.5258973 ] ] } },
{ "type": "Feature", "properties": { "voltage_kv": "220 kV", "operator_show": "–", "name_show": "–" }, "geometry": { "type": "LineString", "coordinates": [ [ 6.7119398, 51.5283255 ], [ 6.7134574, 51.526868499999978 ] ] } },
{ "type": "Feature", "properties": { "voltage_kv": "220 kV; 110 kV; 20 kV", "operator_show": "RWE", "name_show": "–" }, "geometry": { "type": "LineString", "coordinates": [ [ 7.4287579, 50.4289988 ], [ 7.4279902, 50.4096138 ] ] } },
{ "type": "Feature", "properties": { "voltage_kv": "220 kV", "operator_show": "RWE", "name_show": "220 kV Trafo 41" }, "geometry": { "type": "LineString", "coordinates": [ [ 6.9642742, 51.0704235 ], [ 6.9640147, 51.0682066 ] ] } },
{ "type": "Feature", "properties": { "voltage_kv": "220 kV", "operator_show": "RWE", "name_show": "220 kV Niederaußem 4d; Wiesdorf Ltg." }, "geometry": { "type": "LineString", "coordinates": [ [ 6.9649186, 51.0657202 ], [ 6.9643816, 51.0642948 ] ] } },
{ "type": "Feature", "properties": { "voltage_kv": "220 kV", "operator_show": "RWE", "name_show": "220 kV Dünnwald Ost|West" }, "geometry": { "type": "LineString", "coordinates": [ [ 6.9653499, 51.065728400000012 ], [ 6.9700408, 51.060383 ] ] } },
{ "type": "Feature", "properties": { "voltage_kv": "220 kV; 110 kV", "operator_show": "TenneT;Avacon Netz GmbH", "name_show": "300" }, "geometry": { "type": "LineString", "coordinates": [ [ 8.131133, 53.556971 ], [ 8.1480759, 53.5625937 ] ] } },
{ "type": "Feature", "properties": { "voltage_kv": "220 kV", "operator_show": "50Hertz Transmission", "name_show": "Ltg 207 Röhrsdorf - Weida" }, "geometry": { "type": "LineString", "coordinates": [ [ 12.5667176, 51.0781507 ], [ 12.5639281, 51.0780563 ] ] } },
{ "type": "Feature", "properties": { "voltage_kv": "220 kV", "operator_show": "Amprion", "name_show": "–" }, "geometry": { "type": "LineString", "coordinates": [ [ 7.451327, 50.401721 ], [ 7.4526021, 50.398699 ] ] } },
{ "type": "Feature", "properties": { "voltage_kv": "220 kV", "operator_show": "RWE", "name_show": "–" }, "geometry": { "type": "LineString", "coordinates": [ [ 7.4287579, 50.4289988 ], [ 7.4346381, 50.4358978 ] ] } },
{ "type": "Feature", "properties": { "voltage_kv": "220 kV; 110 kV", "operator_show": "enercity Netz", "name_show": "–" }, "geometry": { "type": "LineString", "coordinates": [ [ 9.8961211, 52.3605329 ], [ 10.0834216, 52.31436 ] ] } },
{ "type": "Feature", "properties": { "voltage_kv": "220 kV", "operator_show": "RWE", "name_show": "220 kV Merheim Ost|West" }, "geometry": { "type": "LineString", "coordinates": [ [ 7.0258513, 50.9781734 ], [ 7.0321995, 50.9723874 ] ] } },
{ "type": "Feature", "properties": { "voltage_kv": "220 kV; 110 kV", "operator_show": "RWE", "name_show": "220 kV Merheim Ost|West;110 kV Moitzfeld West;Springborn West" }, "geometry": { "type": "LineString", "coordinates": [ [ 7.0321995, 50.9723874 ], [ 7.0400181, 50.9504985 ] ] } },
{ "type": "Feature", "properties": { "voltage_kv": "220 kV; 110 kV", "operator_show": "RWE", "name_show": "220 kV Merheim Ost|West; 110 kV Springborn Ost|West" }, "geometry": { "type": "LineString", "coordinates": [ [ 7.028062, 50.985615099999983 ], [ 7.0258513, 50.9781734 ] ] } },
{ "type": "Feature", "properties": { "voltage_kv": "220 kV", "operator_show": "TenneT TSO", "name_show": "220 kV Zolling - Irsching" }, "geometry": { "type": "LineString", "coordinates": [ [ 11.8073061, 48.457117800000013 ], [ 11.8063479, 48.456009 ] ] } },
{ "type": "Feature", "properties": { "voltage_kv": "220 kV", "operator_show": "TenneT TSO", "name_show": "220 kV Neufinsing - Zolling" }, "geometry": { "type": "LineString", "coordinates": [ [ 11.8073061, 48.457117800000013 ], [ 11.8070926, 48.4560576 ] ] } },
{ "type": "Feature", "properties": { "voltage_kv": "220 kV", "operator_show": "TenneT", "name_show": "–" }, "geometry": { "type": "LineString", "coordinates": [ [ 9.8215288, 52.424593799999982 ], [ 9.8226552, 52.4253197 ] ] } },
{ "type": "Feature", "properties": { "voltage_kv": "220 kV; 110 kV", "operator_show": "RWE", "name_show": "–" }, "geometry": { "type": "LineString", "coordinates": [ [ 6.7253519, 51.3600976 ], [ 6.7318523, 51.3750483 ] ] } },
{ "type": "Feature", "properties": { "voltage_kv": "220 kV", "operator_show": "RWE", "name_show": "220 kV Dünnwald Ost|West" }, "geometry": { "type": "LineString", "coordinates": [ [ 7.019724, 51.001210199999989 ], [ 7.0207057, 50.999464399999987 ] ] } },
{ "type": "Feature", "properties": { "voltage_kv": "220 kV; 110 kV", "operator_show": "RWE", "name_show": "220 kV Dünnwald Ost|West; 110 kV Springborn Ost" }, "geometry": { "type": "LineString", "coordinates": [ [ 7.0070919, 51.0501462 ], [ 6.9871377, 51.0542067 ] ] } },
{ "type": "Feature", "properties": { "voltage_kv": "220 kV", "operator_show": "RWE", "name_show": "220 kV Dünnwald Ost|West" }, "geometry": { "type": "LineString", "coordinates": [ [ 6.9871377, 51.0542067 ], [ 6.9811877, 51.054675699999976 ] ] } },
{ "type": "Feature", "properties": { "voltage_kv": "220 kV", "operator_show": "Amprion", "name_show": "–" }, "geometry": { "type": "LineString", "coordinates": [ [ 7.7290903, 52.277231 ], [ 7.7292323, 52.2769821 ] ] } },
{ "type": "Feature", "properties": { "voltage_kv": "220 kV; 110 kV", "operator_show": "TenneT TSO GmbH;E.ON Netz GmbH", "name_show": "Ludersheim - Schwandorf;Lauterhofen - Schwandorf" }, "geometry": { "type": "LineString", "coordinates": [ [ 12.0788105, 49.2968119 ], [ 11.9642635, 49.3247862 ], [ 11.8652858, 49.4122957 ], [ 11.5993344, 49.394894599999979 ] ] } },
{ "type": "Feature", "properties": { "voltage_kv": "220 kV", "operator_show": "Amprion", "name_show": "–" }, "geometry": { "type": "LineString", "coordinates": [ [ 8.1034601, 52.2616286 ], [ 8.1033944, 52.2638424 ] ] } },
{ "type": "Feature", "properties": { "voltage_kv": "220 kV; 0 kV", "operator_show": "RWE", "name_show": "220 kV Frimmersdorf 4d" }, "geometry": { "type": "LineString", "coordinates": [ [ 6.6179708, 51.0552542 ], [ 6.7067813, 51.0906193 ] ] } },
{ "type": "Feature", "properties": { "voltage_kv": "220 kV; 110 kV", "operator_show": "TenneT TSO GmbH;E.ON Netz GmbH", "name_show": "Regensburg - Schwandorf;Ponholz - Regensburg;Schwandorf - Wutzlhofen" }, "geometry": { "type": "LineString", "coordinates": [ [ 12.1083315, 49.14040090000001 ], [ 12.1484282, 49.060613 ] ] } },
{ "type": "Feature", "properties": { "voltage_kv": "220 kV", "operator_show": "Amprion", "name_show": "220kV Bohmte Ost+West" }, "geometry": { "type": "LineString", "coordinates": [ [ 8.277592, 52.2824029 ], [ 8.11014, 52.2621249 ] ] } },
{ "type": "Feature", "properties": { "voltage_kv": "220 kV; 220 kV; 110 kV; 110 kV", "operator_show": "RWE", "name_show": "–" }, "geometry": { "type": "LineString", "coordinates": [ [ 8.11014, 52.2621249 ], [ 8.1078009, 52.263327 ] ] } },
{ "type": "Feature", "properties": { "voltage_kv": "220 kV", "operator_show": "RWE", "name_show": "Scholven C" }, "geometry": { "type": "LineString", "coordinates": [ [ 7.0060669, 51.6004678 ], [ 7.0314526, 51.6092612 ] ] } },
{ "type": "Feature", "properties": { "voltage_kv": "220 kV", "operator_show": "–", "name_show": "–" }, "geometry": { "type": "LineString", "coordinates": [ [ 7.0320874, 51.6094186 ], [ 7.0320609, 51.610134 ] ] } },
{ "type": "Feature", "properties": { "voltage_kv": "220 kV", "operator_show": "ENERVIE Vernetzt", "name_show": "220kV Nordleitung+Südleitung" }, "geometry": { "type": "LineString", "coordinates": [ [ 7.5120064, 51.4008897 ], [ 7.508188, 51.402602 ] ] } },
{ "type": "Feature", "properties": { "voltage_kv": "220 kV", "operator_show": "RWE", "name_show": "220kV Herdecke Nord" }, "geometry": { "type": "LineString", "coordinates": [ [ 7.5083864, 51.4031418 ], [ 7.5063946, 51.4025935 ] ] } },
{ "type": "Feature", "properties": { "voltage_kv": "220 kV", "operator_show": "RWE", "name_show": "220 kV Bienwald West" }, "geometry": { "type": "LineString", "coordinates": [ [ 8.3378777, 49.409592099999983 ], [ 8.3452641, 49.4142566 ] ] } },
{ "type": "Feature", "properties": { "voltage_kv": "220 kV", "operator_show": "RWE", "name_show": "220 kV Eisbach Süd; Roxheim Süd" }, "geometry": { "type": "LineString", "coordinates": [ [ 8.3380307, 49.4166035 ], [ 8.3452641, 49.4142566 ] ] } },
{ "type": "Feature", "properties": { "voltage_kv": "220 kV", "operator_show": "RWE", "name_show": "220 kV Bienwald West; Eisbach Süd; Roxheim Süd" }, "geometry": { "type": "LineString", "coordinates": [ [ 8.3452641, 49.4142566 ], [ 8.3519275, 49.4204086 ] ] } },
{ "type": "Feature", "properties": { "voltage_kv": "220 kV", "operator_show": "RWE", "name_show": "–" }, "geometry": { "type": "LineString", "coordinates": [ [ 8.3532287, 49.4208282 ], [ 8.3529149, 49.4192555 ] ] } },
{ "type": "Feature", "properties": { "voltage_kv": "220 kV", "operator_show": "RWE", "name_show": "–" }, "geometry": { "type": "LineString", "coordinates": [ [ 8.3529149, 49.4192555 ], [ 8.3528481, 49.420707 ] ] } },
{ "type": "Feature", "properties": { "voltage_kv": "220 kV", "operator_show": "TransnetBW GmbH", "name_show": "–" }, "geometry": { "type": "LineString", "coordinates": [ [ 8.541668, 49.4440623 ], [ 8.5411553, 49.4384854 ] ] } },
{ "type": "Feature", "properties": { "voltage_kv": "220 kV", "operator_show": "50Hertz Transmission", "name_show": "–" }, "geometry": { "type": "LineString", "coordinates": [ [ 12.218664, 54.11261 ], [ 12.2144473, 54.112386799999982 ] ] } },
{ "type": "Feature", "properties": { "voltage_kv": "220 kV", "operator_show": "50Hertz Transmission", "name_show": "317" }, "geometry": { "type": "LineString", "coordinates": [ [ 12.218664, 54.11261 ], [ 12.2160609, 54.112576 ] ] } },
{ "type": "Feature", "properties": { "voltage_kv": "220 kV", "operator_show": "50Hertz Transmission", "name_show": "Ltg 316 Pasewalk / Güstrow" }, "geometry": { "type": "LineString", "coordinates": [ [ 13.3992189, 53.7944052 ], [ 13.3984749, 53.7933636 ] ] } },
{ "type": "Feature", "properties": { "voltage_kv": "220 kV; 0 kV", "operator_show": "Westnetz", "name_show": "220kV Amelsbüren" }, "geometry": { "type": "LineString", "coordinates": [ [ 7.3707748, 52.1978786 ], [ 7.7286038, 52.281017799999987 ] ] } },
{ "type": "Feature", "properties": { "voltage_kv": "220 kV", "operator_show": "RWE", "name_show": "Tiengen - Stockach" }, "geometry": { "type": "LineString", "coordinates": [ [ 9.0121678, 47.8443727 ], [ 9.0101839, 47.8431387 ] ] } },
{ "type": "Feature", "properties": { "voltage_kv": "220 kV", "operator_show": "RWE", "name_show": "–" }, "geometry": { "type": "LineString", "coordinates": [ [ 8.2508173, 47.6342231 ], [ 8.254611, 47.6334054 ] ] } },
{ "type": "Feature", "properties": { "voltage_kv": "220 kV", "operator_show": "TransnetBW", "name_show": "–" }, "geometry": { "type": "LineString", "coordinates": [ [ 8.2372657, 48.840403 ], [ 8.1001077, 48.7070611 ] ] } },
{ "type": "Feature", "properties": { "voltage_kv": "220 kV", "operator_show": "50Hertz Transmission", "name_show": "Ltg 302 Marzahn - Wuhlheide - Thyrow" }, "geometry": { "type": "LineString", "coordinates": [ [ 13.5053289, 52.4747822 ], [ 13.5033616, 52.4744405 ] ] } },
{ "type": "Feature", "properties": { "voltage_kv": "220 kV", "operator_show": "50Hertz Transmission", "name_show": "Ltg 301 Marzahn - Wuhlheide und Ltg 302 Marzahn - Wuhlheide - Thyrow" }, "geometry": { "type": "LineString", "coordinates": [ [ 13.5251274, 52.534610699999988 ], [ 13.5407923, 52.497943899999989 ] ] } },
{ "type": "Feature", "properties": { "voltage_kv": "220 kV", "operator_show": "50Hertz Transmission", "name_show": "Ltg 301 Marzahn" }, "geometry": { "type": "LineString", "coordinates": [ [ 13.5053289, 52.4747822 ], [ 13.5059452, 52.474537 ] ] } },
{ "type": "Feature", "properties": { "voltage_kv": "220 kV", "operator_show": "50Hertz Transmission", "name_show": "Ltg 291 Thyrow" }, "geometry": { "type": "LineString", "coordinates": [ [ 13.5033616, 52.4744405 ], [ 13.5044666, 52.4743121 ] ] } },
{ "type": "Feature", "properties": { "voltage_kv": "220 kV", "operator_show": "TransnetBW", "name_show": "–" }, "geometry": { "type": "LineString", "coordinates": [ [ 8.3763656, 48.974779 ], [ 8.3151928, 49.0063879 ] ] } },
{ "type": "Feature", "properties": { "voltage_kv": "220 kV", "operator_show": "TransnetBW", "name_show": "–" }, "geometry": { "type": "LineString", "coordinates": [ [ 8.4286507, 48.9598157 ], [ 8.4250901, 48.9614117 ] ] } },
{ "type": "Feature", "properties": { "voltage_kv": "220 kV", "operator_show": "TransnetBW", "name_show": "–" }, "geometry": { "type": "LineString", "coordinates": [ [ 8.4281544, 48.9619193 ], [ 8.4250901, 48.9614117 ] ] } },
{ "type": "Feature", "properties": { "voltage_kv": "220 kV; 110 kV", "operator_show": "TransnetBW;Netze BW", "name_show": "–" }, "geometry": { "type": "LineString", "coordinates": [ [ 8.4286507, 48.9598157 ], [ 8.4281544, 48.9619193 ] ] } },
{ "type": "Feature", "properties": { "voltage_kv": "220 kV; 110 kV", "operator_show": "TransnetBW;Netze BW", "name_show": "–" }, "geometry": { "type": "LineString", "coordinates": [ [ 8.4451572, 48.98358 ], [ 8.4281544, 48.9619193 ] ] } },
{ "type": "Feature", "properties": { "voltage_kv": "220 kV", "operator_show": "TransnetBW", "name_show": "–" }, "geometry": { "type": "LineString", "coordinates": [ [ 8.4422252, 48.994041899999985 ], [ 8.4505045, 49.0076981 ] ] } },
{ "type": "Feature", "properties": { "voltage_kv": "220 kV; 110 kV; 20 kV", "operator_show": "TransnetBW;Netze BW;Stadtwerke Karlsruhe Netzservice", "name_show": "–" }, "geometry": { "type": "LineString", "coordinates": [ [ 8.4466201, 48.987681799999983 ], [ 8.4422252, 48.994041899999985 ] ] } },
{ "type": "Feature", "properties": { "voltage_kv": "220 kV; 110 kV", "operator_show": "RWE", "name_show": "Frimmersdorf 1a, Frimmersdorf 2b, Frimmersdorf 3c, Frimmersdorf 4d" }, "geometry": { "type": "LineString", "coordinates": [ [ 6.5867616, 51.0520915 ], [ 6.6170351, 51.0545491 ] ] } },
{ "type": "Feature", "properties": { "voltage_kv": "220 kV", "operator_show": "RWE", "name_show": "Frimmersdorf 4d" }, "geometry": { "type": "LineString", "coordinates": [ [ 6.5867616, 51.0520915 ], [ 6.5860343, 51.0509815 ] ] } },
{ "type": "Feature", "properties": { "voltage_kv": "220 kV; 110 kV", "operator_show": "RWE", "name_show": "Vanikum West, Frimmersdorf Block D, Erft West, Frimmersdorf 4d" }, "geometry": { "type": "LineString", "coordinates": [ [ 6.5729762, 51.0488465 ], [ 6.585418, 51.0495723 ] ] } },
{ "type": "Feature", "properties": { "voltage_kv": "220 kV", "operator_show": "Amprion", "name_show": "220 kV Frimmersdorf 5e" }, "geometry": { "type": "LineString", "coordinates": [ [ 6.6207859, 51.0550167 ], [ 6.6250725, 51.0562861 ] ] } },
{ "type": "Feature", "properties": { "voltage_kv": "220 kV", "operator_show": "RWE", "name_show": "Frimmersdorf Block D, Frimmersdorf 4d" }, "geometry": { "type": "LineString", "coordinates": [ [ 6.5860343, 51.0509815 ], [ 6.585418, 51.0495723 ] ] } },
{ "type": "Feature", "properties": { "voltage_kv": "220 kV", "operator_show": "RWE", "name_show": "Frimmersdorf 4d" }, "geometry": { "type": "LineString", "coordinates": [ [ 6.6170351, 51.0545491 ], [ 6.6179708, 51.0552542 ] ] } },
{ "type": "Feature", "properties": { "voltage_kv": "220 kV", "operator_show": "RWE", "name_show": "220 kV Neurath 1a" }, "geometry": { "type": "LineString", "coordinates": [ [ 6.6214093, 51.0554234 ], [ 6.6223104, 51.0529763 ] ] } },
{ "type": "Feature", "properties": { "voltage_kv": "220 kV", "operator_show": "TransnetBW", "name_show": "–" }, "geometry": { "type": "LineString", "coordinates": [ [ 8.324218, 49.043413199999989 ], [ 8.3975254, 49.0902433 ] ] } },
{ "type": "Feature", "properties": { "voltage_kv": "220 kV; 110 kV", "operator_show": "TenneT TSO GmbH;E.ON Netz GmbH", "name_show": "OBR-KR-SSI;Kochel - Murnau" }, "geometry": { "type": "LineString", "coordinates": [ [ 11.3045349, 47.6546273 ], [ 11.3365743, 47.6295424 ] ] } },
{ "type": "Feature", "properties": { "voltage_kv": "220 kV", "operator_show": "TenneT TSO", "name_show": "OBR-KR-SSI" }, "geometry": { "type": "LineString", "coordinates": [ [ 11.3365743, 47.6295424 ], [ 11.2907052, 47.5648681 ], [ 11.2869439, 47.492862499999987 ] ] } },
{ "type": "Feature", "properties": { "voltage_kv": "220 kV", "operator_show": "RWE", "name_show": "220 kV Biblis 3c" }, "geometry": { "type": "LineString", "coordinates": [ [ 8.5834827, 49.8150292 ], [ 8.5860302, 49.8157772 ] ] } },
{ "type": "Feature", "properties": { "voltage_kv": "220 kV", "operator_show": "RWE", "name_show": "220 kV Rheinau Ost|West" }, "geometry": { "type": "LineString", "coordinates": [ [ 8.5767388, 49.7844895 ], [ 8.5609882, 49.6985933 ], [ 8.6200327, 49.5591781 ] ] } },
{ "type": "Feature", "properties": { "voltage_kv": "220 kV", "operator_show": "TenneT TSO", "name_show": "–" }, "geometry": { "type": "LineString", "coordinates": [ [ 8.9577053, 50.0829245 ], [ 8.9567241, 50.0830909 ] ] } },
{ "type": "Feature", "properties": { "voltage_kv": "220 kV", "operator_show": "Badenwerk", "name_show": "Tiengen - Schlücht 1x 220 kV" }, "geometry": { "type": "LineString", "coordinates": [ [ 8.2525366, 47.6404985 ], [ 8.2540586, 47.6403821 ] ] } },
{ "type": "Feature", "properties": { "voltage_kv": "220 kV", "operator_show": "Amprion", "name_show": "220kV Cappenberg Nord" }, "geometry": { "type": "LineString", "coordinates": [ [ 7.7061559, 51.67621170000001 ], [ 7.7034535, 51.6813669 ] ] } },
{ "type": "Feature", "properties": { "voltage_kv": "220 kV; 110 kV", "operator_show": "RWE", "name_show": "–" }, "geometry": { "type": "LineString", "coordinates": [ [ 7.6150117, 51.544545499999977 ], [ 7.611422, 51.5431991 ] ] } },
{ "type": "Feature", "properties": { "voltage_kv": "220 kV", "operator_show": "Amprion", "name_show": "–" }, "geometry": { "type": "LineString", "coordinates": [ [ 7.6432249, 51.8879708 ], [ 7.6372691, 51.8886873 ] ] } },
{ "type": "Feature", "properties": { "voltage_kv": "220 kV", "operator_show": "Amprion", "name_show": "–" }, "geometry": { "type": "LineString", "coordinates": [ [ 7.6122893, 51.8968203 ], [ 7.6080784, 51.8983743 ] ] } },
{ "type": "Feature", "properties": { "voltage_kv": "220 kV; 110 kV; 0 kV", "operator_show": "RWE", "name_show": "–" }, "geometry": { "type": "LineString", "coordinates": [ [ 7.6097291, 51.9016198 ], [ 7.5969314, 51.9180332 ] ] } },
{ "type": "Feature", "properties": { "voltage_kv": "220 kV", "operator_show": "RWE", "name_show": "–" }, "geometry": { "type": "LineString", "coordinates": [ [ 7.0507718, 51.6995933 ], [ 7.0631872, 51.698706499999986 ] ] } },
{ "type": "Feature", "properties": { "voltage_kv": "220 kV", "operator_show": "RWE", "name_show": "220kV Polsum Süd" }, "geometry": { "type": "LineString", "coordinates": [ [ 7.0595541, 51.6956866 ], [ 7.0595954, 51.694324399999985 ] ] } },
{ "type": "Feature", "properties": { "voltage_kv": "220 kV", "operator_show": "Amprion", "name_show": "220kV Scholven D+E" }, "geometry": { "type": "LineString", "coordinates": [ [ 7.0159584, 51.6272484 ], [ 7.0264256, 51.6273429 ] ] } },
{ "type": "Feature", "properties": { "voltage_kv": "220 kV", "operator_show": "Amprion", "name_show": "220kV Schermbeck Nord" }, "geometry": { "type": "LineString", "coordinates": [ [ 7.0264256, 51.6273429 ], [ 7.0159058, 51.6276393 ] ] } },
{ "type": "Feature", "properties": { "voltage_kv": "220 kV", "operator_show": "Amprion", "name_show": "220kV Scholven D+E" }, "geometry": { "type": "LineString", "coordinates": [ [ 7.0112641, 51.6259384 ], [ 7.0159584, 51.6272484 ] ] } },
{ "type": "Feature", "properties": { "voltage_kv": "220 kV", "operator_show": "RWE", "name_show": "220kV Scholven D" }, "geometry": { "type": "LineString", "coordinates": [ [ 7.0312558, 51.6285664 ], [ 7.0264256, 51.6273429 ] ] } },
{ "type": "Feature", "properties": { "voltage_kv": "220 kV", "operator_show": "Amprion", "name_show": "220kV Schermbeck Nord+Scholven E" }, "geometry": { "type": "LineString", "coordinates": [ [ 7.0293674, 51.6243731 ], [ 7.0264256, 51.6273429 ] ] } },
{ "type": "Feature", "properties": { "voltage_kv": "220 kV", "operator_show": "RWE", "name_show": "220kV Polsum Süd" }, "geometry": { "type": "LineString", "coordinates": [ [ 7.0293674, 51.6243731 ], [ 7.0312558, 51.6285664 ] ] } },
{ "type": "Feature", "properties": { "voltage_kv": "220 kV", "operator_show": "50Hertz Transmission", "name_show": "Ltg 315 Pasewalk - Güstrow und Ltg 316 Pasewalk - Iven - Güstrow" }, "geometry": { "type": "LineString", "coordinates": [ [ 13.1343866, 53.9046219 ], [ 12.9294598, 53.8507862 ], [ 12.7925545, 53.8745284 ], [ 12.5408024, 53.8712961 ], [ 12.3566955, 53.8243202 ], [ 12.2193718, 53.8303898 ], [ 12.1868833, 53.8143569 ] ] } },
{ "type": "Feature", "properties": { "voltage_kv": "220 kV", "operator_show": "TransnetBW GmbH", "name_show": "Anlage 313; NWHEI-PULVE" }, "geometry": { "type": "LineString", "coordinates": [ [ 9.0480998, 48.903058299999984 ], [ 9.0488193, 48.904017 ] ] } },
{ "type": "Feature", "properties": { "voltage_kv": "220 kV", "operator_show": "TransnetBW GmbH", "name_show": "–" }, "geometry": { "type": "LineString", "coordinates": [ [ 9.2058418, 48.9217454 ], [ 9.206713, 48.9218334 ] ] } },
{ "type": "Feature", "properties": { "voltage_kv": "220 kV", "operator_show": "TransnetBW GmbH", "name_show": "–" }, "geometry": { "type": "LineString", "coordinates": [ [ 9.2057419, 48.9239207 ], [ 9.2058418, 48.9217454 ] ] } },
{ "type": "Feature", "properties": { "voltage_kv": "220 kV", "operator_show": "TransnetBW GmbH", "name_show": "Anlage 322" }, "geometry": { "type": "LineString", "coordinates": [ [ 9.2058418, 48.9217454 ], [ 9.2010634, 48.9158916 ] ] } },
{ "type": "Feature", "properties": { "voltage_kv": "220 kV; 0 kV", "operator_show": "TransnetBW GmbH", "name_show": "–" }, "geometry": { "type": "LineString", "coordinates": [ [ 9.2365991, 48.923805899999984 ], [ 9.2367906, 48.9227403 ] ] } },
{ "type": "Feature", "properties": { "voltage_kv": "220 kV; 0 kV", "operator_show": "TransnetBW GmbH", "name_show": "–" }, "geometry": { "type": "LineString", "coordinates": [ [ 9.2367906, 48.9227403 ], [ 9.2370128, 48.9221859 ] ] } },
{ "type": "Feature", "properties": { "voltage_kv": "220 kV", "operator_show": "TransnetBW GmbH", "name_show": "–" }, "geometry": { "type": "LineString", "coordinates": [ [ 9.2355512, 48.92513 ], [ 9.235259, 48.9262184 ] ] } },
{ "type": "Feature", "properties": { "voltage_kv": "220 kV; 110 kV", "operator_show": "Netze BW GmbH;TransnetBW GmbH", "name_show": "–" }, "geometry": { "type": "LineString", "coordinates": [ [ 9.2365991, 48.923805899999984 ], [ 9.2355512, 48.92513 ] ] } },
{ "type": "Feature", "properties": { "voltage_kv": "220 kV", "operator_show": "TransnetBW GmbH", "name_show": "–" }, "geometry": { "type": "LineString", "coordinates": [ [ 8.1182722, 48.705093799999979 ], [ 8.1001077, 48.7070611 ] ] } },
{ "type": "Feature", "properties": { "voltage_kv": "220 kV", "operator_show": "–", "name_show": "Anlage 313" }, "geometry": { "type": "LineString", "coordinates": [ [ 9.0605804, 48.9085485 ], [ 9.0471014, 48.891837 ] ] } },
{ "type": "Feature", "properties": { "voltage_kv": "220 kV; 110 kV", "operator_show": "TransnetBW GmbH", "name_show": "Anlage 9333" }, "geometry": { "type": "LineString", "coordinates": [ [ 9.0467126, 48.9017108 ], [ 9.0471014, 48.891837 ] ] } },
{ "type": "Feature", "properties": { "voltage_kv": "220 kV", "operator_show": "TenneT TSO GmbH", "name_show": "2143 und 2144" }, "geometry": { "type": "LineString", "coordinates": [ [ 8.519383, 53.2038317 ], [ 8.5177835, 53.2033638 ] ] } },
{ "type": "Feature", "properties": { "voltage_kv": "220 kV; 110 kV", "operator_show": "TenneT TSO GmbH", "name_show": "2143 und 2144" }, "geometry": { "type": "LineString", "coordinates": [ [ 8.5399017, 53.2301156 ], [ 8.5199563, 53.206078799999979 ] ] } },
{ "type": "Feature", "properties": { "voltage_kv": "220 kV; 110 kV", "operator_show": "TenneT TSO GmbH;Schleswig-Holstein Netz", "name_show": "–" }, "geometry": { "type": "LineString", "coordinates": [ [ 9.9843556, 54.3199946 ], [ 9.9572075, 54.321589 ] ] } },
{ "type": "Feature", "properties": { "voltage_kv": "220 kV", "operator_show": "TenneT TSO", "name_show": "–" }, "geometry": { "type": "LineString", "coordinates": [ [ 9.9572075, 54.321589 ], [ 9.728737, 54.290219 ] ] } },
{ "type": "Feature", "properties": { "voltage_kv": "220 kV", "operator_show": "TransnetBW GmbH", "name_show": "–" }, "geometry": { "type": "LineString", "coordinates": [ [ 9.0479259, 48.9061637 ], [ 9.0474205, 48.9032646 ] ] } },
{ "type": "Feature", "properties": { "voltage_kv": "220 kV; 110 kV", "operator_show": "TransnetBW GmbH", "name_show": "Anlage 313 ; HOHCK-PULVE, NWHEI-PULVE" }, "geometry": { "type": "LineString", "coordinates": [ [ 9.049716, 48.905458799999977 ], [ 9.0605804, 48.9085485 ] ] } },
{ "type": "Feature", "properties": { "voltage_kv": "220 kV", "operator_show": "TenneT", "name_show": "202A" }, "geometry": { "type": "LineString", "coordinates": [ [ 9.4596775, 53.8646575 ], [ 9.4587434, 53.8644784 ] ] } },
{ "type": "Feature", "properties": { "voltage_kv": "220 kV", "operator_show": "TransnetBW", "name_show": "–" }, "geometry": { "type": "LineString", "coordinates": [ [ 8.5132833, 49.2943701 ], [ 8.5124255, 49.293246299999986 ] ] } },
{ "type": "Feature", "properties": { "voltage_kv": "220 kV; 110 kV", "operator_show": "RWE", "name_show": "–" }, "geometry": { "type": "LineString", "coordinates": [ [ 6.7696865, 51.5171331 ], [ 6.7333915, 51.5202274 ] ] } },
{ "type": "Feature", "properties": { "voltage_kv": "220 kV", "operator_show": "RWE", "name_show": "220kV Dinslaken West" }, "geometry": { "type": "LineString", "coordinates": [ [ 6.7864748, 51.505948 ], [ 6.788212, 51.506724299999988 ] ] } },
{ "type": "Feature", "properties": { "voltage_kv": "220 kV", "operator_show": "RWE", "name_show": "–" }, "geometry": { "type": "LineString", "coordinates": [ [ 6.78958, 51.5063512 ], [ 6.7886137, 51.5064543 ] ] } },
{ "type": "Feature", "properties": { "voltage_kv": "220 kV", "operator_show": "–", "name_show": "–" }, "geometry": { "type": "LineString", "coordinates": [ [ 10.8399805, 49.3772726 ], [ 10.8419656, 49.376298499999976 ] ] } },
{ "type": "Feature", "properties": { "voltage_kv": "220 kV", "operator_show": "TenneT", "name_show": "202 UW-HH-Nord UW-Itzehoe-West" }, "geometry": { "type": "LineString", "coordinates": [ [ 9.4488157, 53.965954899999986 ], [ 9.4378491, 53.9152852 ] ] } },
{ "type": "Feature", "properties": { "voltage_kv": "220 kV", "operator_show": "TenneT TSO", "name_show": "Regensburg - Schwandorf" }, "geometry": { "type": "LineString", "coordinates": [ [ 12.1502143, 49.014159 ], [ 12.1506173, 49.01191919999998 ] ] } },
{ "type": "Feature", "properties": { "voltage_kv": "220 kV", "operator_show": "–", "name_show": "–" }, "geometry": { "type": "LineString", "coordinates": [ [ 10.1899825, 49.9790215 ], [ 10.1856515, 49.9797597 ] ] } },
{ "type": "Feature", "properties": { "voltage_kv": "220 kV", "operator_show": "–", "name_show": "–" }, "geometry": { "type": "LineString", "coordinates": [ [ 8.6341176, 52.0032844 ], [ 8.633293, 52.0028684 ] ] } },
{ "type": "Feature", "properties": { "voltage_kv": "220 kV; 110 kV", "operator_show": "TenneT;Avacon Netz GmbH", "name_show": "2021" }, "geometry": { "type": "LineString", "coordinates": [ [ 7.2219323, 53.3496445 ], [ 7.2085421, 53.341788299999983 ] ] } },
{ "type": "Feature", "properties": { "voltage_kv": "110 kV; 220 kV; 220 kV; 110 kV", "operator_show": "TenneT TSO", "name_show": "–" }, "geometry": { "type": "LineString", "coordinates": [ [ 7.2258088, 53.350469199999985 ], [ 7.2377098, 53.3551963 ] ] } },
{ "type": "Feature", "properties": { "voltage_kv": "220 kV; 110 kV", "operator_show": "RWE", "name_show": "220 kV Norf Ost; 110 kV Nievenheim Ost|West" }, "geometry": { "type": "LineString", "coordinates": [ [ 6.7910355, 51.132134899999983 ], [ 6.7979301, 51.1281011 ] ] } },
{ "type": "Feature", "properties": { "voltage_kv": "220 kV", "operator_show": "TransnetBW", "name_show": "–" }, "geometry": { "type": "LineString", "coordinates": [ [ 8.1721544, 47.6509634 ], [ 8.2502113, 47.641857499999986 ] ] } },
{ "type": "Feature", "properties": { "voltage_kv": "220 kV", "operator_show": "Transpower", "name_show": "Pleinting - Schwandorf" }, "geometry": { "type": "LineString", "coordinates": [ [ 12.079483, 49.2945101 ], [ 12.0805427, 49.296014 ] ] } },
{ "type": "Feature", "properties": { "voltage_kv": "220 kV", "operator_show": "50Hertz Transmission", "name_show": "Ltg 293 und 294" }, "geometry": { "type": "LineString", "coordinates": [ [ 13.4764209, 52.6296306 ], [ 13.3091946, 52.6940178 ] ] } },
{ "type": "Feature", "properties": { "voltage_kv": "220 kV", "operator_show": "Amprion", "name_show": "220 kV Frixheim Süd weiss; Zons West schwarz" }, "geometry": { "type": "LineString", "coordinates": [ [ 6.7130473, 51.0910368 ], [ 6.7995604, 51.124267799999984 ] ] } },
{ "type": "Feature", "properties": { "voltage_kv": "220 kV", "operator_show": "TenneT", "name_show": "–" }, "geometry": { "type": "LineString", "coordinates": [ [ 10.5057079, 52.301242099999982 ], [ 10.5040654, 52.3018953 ] ] } },
{ "type": "Feature", "properties": { "voltage_kv": "220 kV", "operator_show": "TenneT", "name_show": "–" }, "geometry": { "type": "LineString", "coordinates": [ [ 10.5040654, 52.3018953 ], [ 10.5059366, 52.302075 ] ] } },
{ "type": "Feature", "properties": { "voltage_kv": "220 kV", "operator_show": "RWE", "name_show": "220 kV Itterbach Ost" }, "geometry": { "type": "LineString", "coordinates": [ [ 6.9622035, 51.068861799999986 ], [ 6.9638428, 51.0681341 ] ] } },
{ "type": "Feature", "properties": { "voltage_kv": "220 kV", "operator_show": "Amprion", "name_show": "–" }, "geometry": { "type": "LineString", "coordinates": [ [ 7.5236783, 51.5321517 ], [ 7.5247507, 51.5319067 ] ] } },
{ "type": "Feature", "properties": { "voltage_kv": "220 kV", "operator_show": "Amprion", "name_show": "–" }, "geometry": { "type": "LineString", "coordinates": [ [ 7.5247507, 51.5319067 ], [ 7.524079, 51.5323081 ] ] } },
{ "type": "Feature", "properties": { "voltage_kv": "220 kV", "operator_show": "Amprion", "name_show": "–" }, "geometry": { "type": "LineString", "coordinates": [ [ 7.5230123, 51.533752899999961 ], [ 7.5013362, 51.5356378 ] ] } },
{ "type": "Feature", "properties": { "voltage_kv": "220 kV", "operator_show": "50Hertz Transmission", "name_show": "293" }, "geometry": { "type": "LineString", "coordinates": [ [ 13.2062826, 52.658561 ], [ 13.2064433, 52.6578023 ] ] } },
{ "type": "Feature", "properties": { "voltage_kv": "220 kV", "operator_show": "50Hertz Transmission", "name_show": "295" }, "geometry": { "type": "LineString", "coordinates": [ [ 13.2062826, 52.658561 ], [ 13.2054896, 52.657760399999987 ] ] } },
{ "type": "Feature", "properties": { "voltage_kv": "220 kV", "operator_show": "Amprion", "name_show": "–" }, "geometry": { "type": "LineString", "coordinates": [ [ 7.4998497, 51.5353035 ], [ 7.5013362, 51.5356378 ] ] } },
{ "type": "Feature", "properties": { "voltage_kv": "220 kV", "operator_show": "Amprion", "name_show": "–" }, "geometry": { "type": "LineString", "coordinates": [ [ 7.5013362, 51.5356378 ], [ 7.4999614, 51.535134 ] ] } },
{ "type": "Feature", "properties": { "voltage_kv": "220 kV", "operator_show": "Amprion", "name_show": "–" }, "geometry": { "type": "LineString", "coordinates": [ [ 7.5237801, 51.5331185 ], [ 7.5230123, 51.533752899999961 ] ] } },
{ "type": "Feature", "properties": { "voltage_kv": "220 kV", "operator_show": "Amprion", "name_show": "–" }, "geometry": { "type": "LineString", "coordinates": [ [ 7.5235894, 51.5330452 ], [ 7.5230123, 51.533752899999961 ] ] } },
{ "type": "Feature", "properties": { "voltage_kv": "220 kV", "operator_show": "RWE", "name_show": "220 kV Bigge Ost|West" }, "geometry": { "type": "LineString", "coordinates": [ [ 6.9641565, 51.068847299999987 ], [ 6.9673179, 51.071337299999989 ] ] } },
{ "type": "Feature", "properties": { "voltage_kv": "220 kV", "operator_show": "RWE", "name_show": "220 kV Kasselberg Süd;Niederaußem 5e" }, "geometry": { "type": "LineString", "coordinates": [ [ 6.9607603, 51.0500018 ], [ 6.9611082, 51.0528451 ] ] } },
{ "type": "Feature", "properties": { "voltage_kv": "220 kV", "operator_show": "RWE", "name_show": "220 kV Niederaußem 4d; Stommeln Nord; Wiesdorf Ltg." }, "geometry": { "type": "LineString", "coordinates": [ [ 6.9650685, 51.051739199999979 ], [ 6.9643816, 51.0642948 ] ] } },
{ "type": "Feature", "properties": { "voltage_kv": "220 kV", "operator_show": "Amprion", "name_show": "220 kV Niederaußem 4d;Stommeln Nord" }, "geometry": { "type": "LineString", "coordinates": [ [ 6.9650685, 51.051739199999979 ], [ 6.9607603, 51.0500018 ] ] } },
{ "type": "Feature", "properties": { "voltage_kv": "220 kV", "operator_show": "–", "name_show": "–" }, "geometry": { "type": "LineString", "coordinates": [ [ 10.0011778, 54.3158355 ], [ 10.0023108, 54.3254221 ] ] } },
{ "type": "Feature", "properties": { "voltage_kv": "220 kV", "operator_show": "TenneT", "name_show": "–" }, "geometry": { "type": "LineString", "coordinates": [ [ 10.0023108, 54.3254221 ], [ 10.0592662, 54.34804960000001 ] ] } },
{ "type": "Feature", "properties": { "voltage_kv": "220 kV", "operator_show": "TenneT TSO", "name_show": "–" }, "geometry": { "type": "LineString", "coordinates": [ [ 10.8444895, 49.3817123 ], [ 10.845723, 49.3815204 ] ] } },
{ "type": "Feature", "properties": { "voltage_kv": "220 kV", "operator_show": "Amprion", "name_show": "220kV Bixterheide Nord+Bigge Ost" }, "geometry": { "type": "LineString", "coordinates": [ [ 7.6035626, 51.3481601 ], [ 7.6046967, 51.3471692 ] ] } },
{ "type": "Feature", "properties": { "voltage_kv": "220 kV", "operator_show": "RWE", "name_show": "220 kV Trafo 211" }, "geometry": { "type": "LineString", "coordinates": [ [ 8.4197974, 49.634744199999986 ], [ 8.4185935, 49.635389 ] ] } },
{ "type": "Feature", "properties": { "voltage_kv": "220 kV", "operator_show": "RWE", "name_show": "–" }, "geometry": { "type": "LineString", "coordinates": [ [ 8.419261, 49.6341188 ], [ 8.4190683, 49.634237 ] ] } },
{ "type": "Feature", "properties": { "voltage_kv": "220 kV", "operator_show": "RWE", "name_show": "–" }, "geometry": { "type": "LineString", "coordinates": [ [ 8.4188372, 49.6338408 ], [ 8.4186604, 49.6339445 ] ] } },
{ "type": "Feature", "properties": { "voltage_kv": "220 kV", "operator_show": "RWE", "name_show": "220 kV Trafo 421" }, "geometry": { "type": "LineString", "coordinates": [ [ 8.41877, 49.6340231 ], [ 8.4176325, 49.6347124 ] ] } },
{ "type": "Feature", "properties": { "voltage_kv": "220 kV", "operator_show": "50Hertz Transmission", "name_show": "Ltg 203 Röhrsdorf - Eula" }, "geometry": { "type": "LineString", "coordinates": [ [ 12.5667176, 51.0781507 ], [ 12.5653765, 51.0791247 ] ] } },
{ "type": "Feature", "properties": { "voltage_kv": "220 kV; 110 kV", "operator_show": "TenneT TSO GmbH;E.ON Netz GmbH", "name_show": "Regensburg - Schwandorf;Schwandorf - Wutzlhofen" }, "geometry": { "type": "LineString", "coordinates": [ [ 12.0807455, 49.2861352 ], [ 12.129686, 49.1836881 ], [ 12.1083315, 49.14040090000001 ] ] } },
{ "type": "Feature", "properties": { "voltage_kv": "220 kV", "operator_show": "50Hertz Transmission", "name_show": "291 Wuhlheide - Thyrow und Ltg 302 Marzahn - Wuhlheide - Thyrow" }, "geometry": { "type": "LineString", "coordinates": [ [ 13.5064219, 52.4312062 ], [ 13.4765687, 52.4464787 ], [ 13.5033616, 52.4744405 ] ] } },
{ "type": "Feature", "properties": { "voltage_kv": "220 kV", "operator_show": "TenneT", "name_show": "–" }, "geometry": { "type": "LineString", "coordinates": [ [ 9.2367291, 53.8966013 ], [ 9.2438284, 53.897916500000015 ] ] } },
{ "type": "Feature", "properties": { "voltage_kv": "220 kV", "operator_show": "TenneT TSO GmbH", "name_show": "Neufinsing - Marienberg" }, "geometry": { "type": "LineString", "coordinates": [ [ 12.0975849, 47.9288447 ], [ 12.0510001, 47.9450157 ], [ 12.0088614, 48.0149746 ], [ 11.9213395, 48.0282094 ], [ 11.805261, 48.0870305 ] ] } },
{ "type": "Feature", "properties": { "voltage_kv": "220 kV; 220 kV; 110 kV; 110 kV", "operator_show": "TenneT TSO GmbH;Bayernwerk Netz GmbH", "name_show": "–" }, "geometry": { "type": "LineString", "coordinates": [ [ 11.805261, 48.0870305 ], [ 11.7801478, 48.180657 ] ] } },
{ "type": "Feature", "properties": { "voltage_kv": "220 kV", "operator_show": "50Hertz Transmission", "name_show": "Ltg 328 Parchim Süd" }, "geometry": { "type": "LineString", "coordinates": [ [ 12.1843087, 53.8154656 ], [ 12.1817032, 53.814971499999984 ] ] } },
{ "type": "Feature", "properties": { "voltage_kv": "220 kV", "operator_show": "–", "name_show": "Ltg 317 Lüdershagen" }, "geometry": { "type": "LineString", "coordinates": [ [ 12.1842712, 53.8157297 ], [ 12.1817747, 53.8154964 ] ] } },
{ "type": "Feature", "properties": { "voltage_kv": "220 kV", "operator_show": "50Hertz Transmission", "name_show": "Ltg 321 Parchim Süd" }, "geometry": { "type": "LineString", "coordinates": [ [ 12.1842858, 53.8155947 ], [ 12.1817032, 53.814971499999984 ] ] } },
{ "type": "Feature", "properties": { "voltage_kv": "220 kV", "operator_show": "–", "name_show": "Ltg 275 Bentwisch" }, "geometry": { "type": "LineString", "coordinates": [ [ 12.1842474, 53.815868599999988 ], [ 12.1817747, 53.8154964 ] ] } },
{ "type": "Feature", "properties": { "voltage_kv": "220 kV; 110 kV", "operator_show": "TenneT;Schleswig-Holstein Netz", "name_show": "212 Brunsbüttel-Itzehoe/West" }, "geometry": { "type": "LineString", "coordinates": [ [ 9.3875989, 53.9441544 ], [ 9.2438284, 53.897916500000015 ] ] } },
{ "type": "Feature", "properties": { "voltage_kv": "220 kV", "operator_show": "RWE", "name_show": "220 kV Niederaußem 4d; Stommeln Nord" }, "geometry": { "type": "LineString", "coordinates": [ [ 6.7190653, 51.0047425 ], [ 6.8541511, 51.0238621 ] ] } },
{ "type": "Feature", "properties": { "voltage_kv": "220 kV", "operator_show": "50Hertz Transmission", "name_show": "Ltg 315 Pasewalk" }, "geometry": { "type": "LineString", "coordinates": [ [ 12.186001, 53.814460299999979 ], [ 12.1868833, 53.8143569 ] ] } },
{ "type": "Feature", "properties": { "voltage_kv": "220 kV", "operator_show": "50Hertz Transmission", "name_show": "Ltg 316 Iven / Pasewalk" }, "geometry": { "type": "LineString", "coordinates": [ [ 12.1859774, 53.814603199999986 ], [ 12.1868833, 53.8143569 ] ] } },
{ "type": "Feature", "properties": { "voltage_kv": "220 kV; 110 kV", "operator_show": "RWE", "name_show": "–" }, "geometry": { "type": "LineString", "coordinates": [ [ 6.6758761, 51.3239503 ], [ 6.7228307, 51.351839900000016 ] ] } },
{ "type": "Feature", "properties": { "voltage_kv": "220 kV; 110 kV", "operator_show": "RWE", "name_show": "–" }, "geometry": { "type": "LineString", "coordinates": [ [ 6.5257046, 51.753063799999985 ], [ 6.4916754, 51.7469769 ] ] } },
{ "type": "Feature", "properties": { "voltage_kv": "220 kV", "operator_show": "Amprion", "name_show": "220kV Cappenberg Süd+Elmenhorst Süd" }, "geometry": { "type": "LineString", "coordinates": [ [ 7.4450885, 51.619912 ], [ 7.413324, 51.6435046 ] ] } },
{ "type": "Feature", "properties": { "voltage_kv": "220 kV", "operator_show": "TenneT", "name_show": "–" }, "geometry": { "type": "LineString", "coordinates": [ [ 8.1476736, 53.5642244 ], [ 8.1480759, 53.5625937 ] ] } },
{ "type": "Feature", "properties": { "voltage_kv": "220 kV; 110 kV", "operator_show": "TenneT TSO GmbH;Schleswig-Holstein Netz", "name_show": "211;133" }, "geometry": { "type": "LineString", "coordinates": [ [ 10.2041312, 54.3407327 ], [ 10.2364191, 54.311275 ], [ 10.2057194, 54.2753825 ], [ 10.158227, 54.274297499999982 ] ] } },
{ "type": "Feature", "properties": { "voltage_kv": "220 kV", "operator_show": "TenneT", "name_show": "207" }, "geometry": { "type": "LineString", "coordinates": [ [ 10.1555539, 54.274596199999984 ], [ 10.0726259, 54.271489 ], [ 9.9968298, 54.3134086 ] ] } },
{ "type": "Feature", "properties": { "voltage_kv": "220 kV", "operator_show": "Amprion", "name_show": "Grafschaft West" }, "geometry": { "type": "LineString", "coordinates": [ [ 7.0507718, 51.6995933 ], [ 7.0422025, 51.6973818 ] ] } },
{ "type": "Feature", "properties": { "voltage_kv": "220 kV; 110 kV", "operator_show": "RWE", "name_show": "–" }, "geometry": { "type": "LineString", "coordinates": [ [ 7.1201016, 51.4485597 ], [ 7.1213278, 51.4463395 ] ] } },
{ "type": "Feature", "properties": { "voltage_kv": "220 kV; 110 kV", "operator_show": "Amprion", "name_show": "–" }, "geometry": { "type": "LineString", "coordinates": [ [ 7.0194232, 51.5587942 ], [ 7.0192663, 51.5566841 ] ] } },
{ "type": "Feature", "properties": { "voltage_kv": "220 kV", "operator_show": "TenneT", "name_show": "–" }, "geometry": { "type": "LineString", "coordinates": [ [ 10.0592662, 54.34804960000001 ], [ 10.0606235, 54.34833960000001 ] ] } },
{ "type": "Feature", "properties": { "voltage_kv": "220 kV", "operator_show": "TenneT", "name_show": "–" }, "geometry": { "type": "LineString", "coordinates": [ [ 10.0592662, 54.34804960000001 ], [ 10.0606328, 54.3484558 ] ] } },
{ "type": "Feature", "properties": { "voltage_kv": "220 kV", "operator_show": "TenneT TSO", "name_show": "220 kV Zolling - Irsching" }, "geometry": { "type": "LineString", "coordinates": [ [ 11.586659, 48.7613862 ], [ 11.583407, 48.763198200000012 ] ] } },
{ "type": "Feature", "properties": { "voltage_kv": "220 kV; 110 kV", "operator_show": "RWE", "name_show": "Gladbeck West+Gelsenkirchen Nord" }, "geometry": { "type": "LineString", "coordinates": [ [ 7.0446316, 51.515468899999988 ], [ 7.0412556, 51.5275459 ] ] } },
{ "type": "Feature", "properties": { "voltage_kv": "220 kV", "operator_show": "Amprion", "name_show": "220kV Benteler (ex 110kV Rühle Ost,110kV Hanekenfähr-Holthausen)" }, "geometry": { "type": "LineString", "coordinates": [ [ 7.3164609, 52.469797300000018 ], [ 7.3139655, 52.4757946 ] ] } },
{ "type": "Feature", "properties": { "voltage_kv": "220 kV", "operator_show": "Amprion", "name_show": "–" }, "geometry": { "type": "LineString", "coordinates": [ [ 7.3139655, 52.4757946 ], [ 7.3097038, 52.4778819 ] ] } },
{ "type": "Feature", "properties": { "voltage_kv": "220 kV", "operator_show": "Amprion", "name_show": "220kV Benteler" }, "geometry": { "type": "LineString", "coordinates": [ [ 7.3181924, 52.468954 ], [ 7.3164609, 52.469797300000018 ] ] } },
{ "type": "Feature", "properties": { "voltage_kv": "220 kV", "operator_show": "Amprion", "name_show": "220-kV Grafschaft-West" }, "geometry": { "type": "LineString", "coordinates": [ [ 7.3098914, 52.4647346 ], [ 7.3110852, 52.471705099999987 ] ] } },
{ "type": "Feature", "properties": { "voltage_kv": "220 kV", "operator_show": "Amprion", "name_show": "–" }, "geometry": { "type": "LineString", "coordinates": [ [ 7.3114029, 52.4719687 ], [ 7.3102113, 52.464367 ] ] } },
{ "type": "Feature", "properties": { "voltage_kv": "220 kV", "operator_show": "Amprion", "name_show": "Itterbach Ost" }, "geometry": { "type": "LineString", "coordinates": [ [ 7.134848, 51.416085599999988 ], [ 7.13741, 51.4165537 ] ] } },
{ "type": "Feature", "properties": { "voltage_kv": "220 kV; 110 kV", "operator_show": "TenneT;Schleswig-Holstein Netz AG", "name_show": "Ltg 208 I und 208 II Hamburg Nord (Henstedt-Ulzburg) - Lübeck sowie Ltg 147" }, "geometry": { "type": "LineString", "coordinates": [ [ 9.9902116, 53.769327499999974 ], [ 10.0361688, 53.803460099999981 ] ] } },
{ "type": "Feature", "properties": { "voltage_kv": "220 kV", "operator_show": "TenneT TSO", "name_show": "202 UW-HH-Nord UW-Itzehoe-West" }, "geometry": { "type": "LineString", "coordinates": [ [ 9.9845397, 53.767470599999989 ], [ 9.7545215, 53.770044099999986 ], [ 9.576771, 53.8554547 ], [ 9.4596775, 53.8646575 ] ] } },
{ "type": "Feature", "properties": { "voltage_kv": "220 kV", "operator_show": "TenneT TSO", "name_show": "Ltg 208 II Lübeck" }, "geometry": { "type": "LineString", "coordinates": [ [ 9.9873063, 53.766183 ], [ 9.9867437, 53.7672268 ] ] } },
{ "type": "Feature", "properties": { "voltage_kv": "220 kV; 0 kV", "operator_show": "RWE", "name_show": "220 kV Stommeln Nord" }, "geometry": { "type": "LineString", "coordinates": [ [ 6.9644934, 51.065709099999985 ], [ 6.9643816, 51.0642948 ] ] } },
{ "type": "Feature", "properties": { "voltage_kv": "220 kV", "operator_show": "Amprion", "name_show": "Itterbach Ost" }, "geometry": { "type": "LineString", "coordinates": [ [ 7.1350992, 51.418531199999975 ], [ 7.13741, 51.4165537 ] ] } },
{ "type": "Feature", "properties": { "voltage_kv": "220 kV", "operator_show": "RWE", "name_show": "–" }, "geometry": { "type": "LineString", "coordinates": [ [ 7.1704685, 51.389517499999982 ], [ 7.1681809, 51.3922644 ] ] } },
{ "type": "Feature", "properties": { "voltage_kv": "220 kV", "operator_show": "RWE", "name_show": "–" }, "geometry": { "type": "LineString", "coordinates": [ [ 7.888667, 52.2778522 ], [ 7.8925006, 52.279196499999983 ] ] } },
{ "type": "Feature", "properties": { "voltage_kv": "220 kV", "operator_show": "RWE AG", "name_show": "–" }, "geometry": { "type": "LineString", "coordinates": [ [ 8.3058512, 52.3459944 ], [ 8.3092661, 52.3460982 ] ] } },
{ "type": "Feature", "properties": { "voltage_kv": "220 kV", "operator_show": "Amprion", "name_show": "220kV Diepholz Ost" }, "geometry": { "type": "LineString", "coordinates": [ [ 8.3108542, 52.346302 ], [ 8.3106974, 52.3471636 ] ] } },
{ "type": "Feature", "properties": { "voltage_kv": "220 kV", "operator_show": "Amprion", "name_show": "–" }, "geometry": { "type": "LineString", "coordinates": [ [ 8.3096093, 52.345331100000017 ], [ 8.3100415, 52.3460838 ] ] } },
{ "type": "Feature", "properties": { "voltage_kv": "220 kV", "operator_show": "RWE", "name_show": "–" }, "geometry": { "type": "LineString", "coordinates": [ [ 6.422933, 51.2260059 ], [ 6.4375562, 51.2327783 ] ] } },
{ "type": "Feature", "properties": { "voltage_kv": "220 kV", "operator_show": "RWE", "name_show": "220kV Hochlarmark West+Ost" }, "geometry": { "type": "LineString", "coordinates": [ [ 7.0535013, 51.6466992 ], [ 7.0533386, 51.6530173 ] ] } },
{ "type": "Feature", "properties": { "voltage_kv": "220 kV; 0 kV", "operator_show": "RWE", "name_show": "–" }, "geometry": { "type": "LineString", "coordinates": [ [ 7.0380885, 51.5383588 ], [ 7.0370549, 51.5398832 ] ] } },
{ "type": "Feature", "properties": { "voltage_kv": "220 kV; 0 kV", "operator_show": "RWE", "name_show": "Gladbeck West+ANK" }, "geometry": { "type": "LineString", "coordinates": [ [ 7.0370549, 51.5398832 ], [ 7.034915, 51.5412776 ] ] } },
{ "type": "Feature", "properties": { "voltage_kv": "220 kV", "operator_show": "Amprion", "name_show": "220kV Laer West" }, "geometry": { "type": "LineString", "coordinates": [ [ 7.1690416, 51.388818500000014 ], [ 7.1682537, 51.388305699999982 ] ] } },
{ "type": "Feature", "properties": { "voltage_kv": "220 kV", "operator_show": "Amprion", "name_show": "220kV Pöppinghausen Ost" }, "geometry": { "type": "LineString", "coordinates": [ [ 7.2811886, 51.4736058 ], [ 7.2813771, 51.4720393 ] ] } },
{ "type": "Feature", "properties": { "voltage_kv": "220 kV", "operator_show": "–", "name_show": "–" }, "geometry": { "type": "LineString", "coordinates": [ [ 7.2832753, 51.4696942 ], [ 7.2958315, 51.456432199999988 ] ] } },
{ "type": "Feature", "properties": { "voltage_kv": "220 kV; 110 kV", "operator_show": "RWE", "name_show": "2601 Gersteinwerk - Pöppinghausen" }, "geometry": { "type": "LineString", "coordinates": [ [ 7.2642063, 51.575523499999981 ], [ 7.264682, 51.5804618 ] ] } },
{ "type": "Feature", "properties": { "voltage_kv": "220 kV", "operator_show": "RWE", "name_show": "2601 Gersteinwerk - Pöppinghausen" }, "geometry": { "type": "LineString", "coordinates": [ [ 7.264682, 51.5804618 ], [ 7.3437134, 51.613105 ] ] } },
{ "type": "Feature", "properties": { "voltage_kv": "220 kV", "operator_show": "Amprion", "name_show": "220kV/d Pöppinghausen West+Ost" }, "geometry": { "type": "LineString", "coordinates": [ [ 7.2811886, 51.4736058 ], [ 7.2812396, 51.47529309999998 ] ] } },
{ "type": "Feature", "properties": { "voltage_kv": "220 kV", "operator_show": "TransnetBW", "name_show": "–" }, "geometry": { "type": "LineString", "coordinates": [ [ 7.7538349, 48.0956916 ], [ 7.8534036, 48.0688231 ], [ 8.0617739, 47.934459499999981 ], [ 8.1631752, 47.9090558 ], [ 8.2555711, 47.767413599999983 ], [ 8.2505209, 47.6420954 ] ] } },
{ "type": "Feature", "properties": { "voltage_kv": "220 kV", "operator_show": "RWE", "name_show": "220kV Welper Ost+ANK" }, "geometry": { "type": "LineString", "coordinates": [ [ 7.179217, 51.4218287 ], [ 7.1961412, 51.411788799999989 ] ] } },
{ "type": "Feature", "properties": { "voltage_kv": "220 kV", "operator_show": "–", "name_show": "–" }, "geometry": { "type": "LineString", "coordinates": [ [ 11.2869439, 47.492862499999987 ], [ 11.2787088, 47.4956278 ] ] } },
{ "type": "Feature", "properties": { "voltage_kv": "220 kV", "operator_show": "Amprion", "name_show": "220kV Welper Ost" }, "geometry": { "type": "LineString", "coordinates": [ [ 7.1765145, 51.4715712 ], [ 7.1743922, 51.4688633 ] ] } },
{ "type": "Feature", "properties": { "voltage_kv": "220 kV", "operator_show": "RWE", "name_show": "–" }, "geometry": { "type": "LineString", "coordinates": [ [ 7.1469009, 51.5061858 ], [ 7.1493209, 51.5045259 ] ] } },
{ "type": "Feature", "properties": { "voltage_kv": "220 kV; 0 kV", "operator_show": "RWE", "name_show": "220kV Utfort West" }, "geometry": { "type": "LineString", "coordinates": [ [ 6.4866734, 51.377205600000011 ], [ 6.5222998, 51.323703 ] ] } },
{ "type": "Feature", "properties": { "voltage_kv": "220 kV; 110 kV", "operator_show": "RWE", "name_show": "–" }, "geometry": { "type": "LineString", "coordinates": [ [ 6.5243633, 51.320565900000013 ], [ 6.5398412, 51.2994109 ] ] } },
{ "type": "Feature", "properties": { "voltage_kv": "220 kV; 110 kV", "operator_show": "TenneT TSO GmbH;E.ON Netz GmbH", "name_show": "–" }, "geometry": { "type": "LineString", "coordinates": [ [ 11.7801478, 48.180657 ], [ 11.8107884, 48.2185164 ] ] } },
{ "type": "Feature", "properties": { "voltage_kv": "220 kV; 110 kV", "operator_show": "RWE", "name_show": "Gladbeck West+Nordstern West" }, "geometry": { "type": "LineString", "coordinates": [ [ 7.0412556, 51.5275459 ], [ 7.0380885, 51.5383588 ] ] } },
{ "type": "Feature", "properties": { "voltage_kv": "220 kV; 110 kV", "operator_show": "RWE", "name_show": "–" }, "geometry": { "type": "LineString", "coordinates": [ [ 6.9306456, 51.4978752 ], [ 6.9474527, 51.4982927 ] ] } },
{ "type": "Feature", "properties": { "voltage_kv": "220 kV", "operator_show": "50Hertz Transmission", "name_show": "–" }, "geometry": { "type": "LineString", "coordinates": [ [ 13.5242347, 52.5349987 ], [ 13.5242627, 52.534536599999988 ] ] } },
{ "type": "Feature", "properties": { "voltage_kv": "220 kV", "operator_show": "50Hertz Transmission", "name_show": "Ltg 302 Thyrow" }, "geometry": { "type": "LineString", "coordinates": [ [ 13.5251274, 52.534610699999988 ], [ 13.5243424, 52.5355046 ] ] } },
{ "type": "Feature", "properties": { "voltage_kv": "220 kV; 110 kV", "operator_show": "RWE", "name_show": "Gladbeck West+Gelsenkirchen Süd" }, "geometry": { "type": "LineString", "coordinates": [ [ 7.0997069, 51.48224 ], [ 7.0737692, 51.4799634 ], [ 7.069284, 51.507566099999984 ] ] } },
{ "type": "Feature", "properties": { "voltage_kv": "220 kV; 0 kV", "operator_show": "RWE", "name_show": "–" }, "geometry": { "type": "LineString", "coordinates": [ [ 7.0997069, 51.48224 ], [ 7.1020439, 51.4803156 ] ] } },
{ "type": "Feature", "properties": { "voltage_kv": "220 kV", "operator_show": "Amprion", "name_show": "220kV Buer Süd+Scholven E" }, "geometry": { "type": "LineString", "coordinates": [ [ 7.0192663, 51.5566841 ], [ 6.9954799, 51.538814099999989 ] ] } },
{ "type": "Feature", "properties": { "voltage_kv": "220 kV; 110 kV", "operator_show": "Amprion;Westnetz", "name_show": "Gladbeck West + Hugo Ost" }, "geometry": { "type": "LineString", "coordinates": [ [ 7.0218428, 51.5556243 ], [ 7.0199048, 51.561574200000017 ] ] } },
{ "type": "Feature", "properties": { "voltage_kv": "220 kV; 110 kV", "operator_show": "Amprion;Westnetz", "name_show": "–" }, "geometry": { "type": "LineString", "coordinates": [ [ 7.0194232, 51.5587942 ], [ 7.0199048, 51.561574200000017 ] ] } },
{ "type": "Feature", "properties": { "voltage_kv": "220 kV", "operator_show": "Amprion", "name_show": "220kV Polsum Süd+Scholven D" }, "geometry": { "type": "LineString", "coordinates": [ [ 7.0522096, 51.6554571 ], [ 7.0312558, 51.6285664 ] ] } },
{ "type": "Feature", "properties": { "voltage_kv": "220 kV", "operator_show": "Amprion", "name_show": "220kV Hochlarmark Ost+West" }, "geometry": { "type": "LineString", "coordinates": [ [ 7.0629118, 51.6654075 ], [ 7.0533386, 51.6530173 ] ] } },
{ "type": "Feature", "properties": { "voltage_kv": "220 kV; 110 kV", "operator_show": "RWE", "name_show": "–" }, "geometry": { "type": "LineString", "coordinates": [ [ 7.0630155, 51.6759071 ], [ 7.0629118, 51.6654075 ] ] } },
{ "type": "Feature", "properties": { "voltage_kv": "220 kV; 110 kV", "operator_show": "Amprion;Westnetz", "name_show": "Gladbeck West+Hugo Ost" }, "geometry": { "type": "LineString", "coordinates": [ [ 7.0199048, 51.561574200000017 ], [ 7.0378835, 51.597570099999984 ] ] } },
{ "type": "Feature", "properties": { "voltage_kv": "220 kV", "operator_show": "TenneT TSO GmbH", "name_show": "Pirach - Pleinting;St. Peter - Pleinting" }, "geometry": { "type": "LineString", "coordinates": [ [ 13.1055676, 48.664360499999987 ], [ 13.1260002, 48.5898679 ], [ 13.0640815, 48.2949827 ] ] } },
{ "type": "Feature", "properties": { "voltage_kv": "220 kV", "operator_show": "Amprion", "name_show": "220kV Herdecke Nord+Süd" }, "geometry": { "type": "LineString", "coordinates": [ [ 7.1666352, 51.3801522 ], [ 7.1684523, 51.3789275 ] ] } },
{ "type": "Feature", "properties": { "voltage_kv": "220 kV", "operator_show": "RWE", "name_show": "–" }, "geometry": { "type": "LineString", "coordinates": [ [ 7.1897234, 51.552021 ], [ 7.1841658, 51.558870300000017 ] ] } },
{ "type": "Feature", "properties": { "voltage_kv": "220 kV; 110 kV", "operator_show": "RWE", "name_show": "–" }, "geometry": { "type": "LineString", "coordinates": [ [ 6.7735318, 51.5173757 ], [ 6.7715545, 51.5181416 ] ] } },
{ "type": "Feature", "properties": { "voltage_kv": "220 kV", "operator_show": "RWE", "name_show": "220kV Fichtenhain West+Utfort West" }, "geometry": { "type": "LineString", "coordinates": [ [ 6.5396422, 51.296997599999983 ], [ 6.5421557, 51.2985703 ] ] } },
{ "type": "Feature", "properties": { "voltage_kv": "220 kV", "operator_show": "Amprion", "name_show": "220kV Fichtenhain Ost+West" }, "geometry": { "type": "LineString", "coordinates": [ [ 6.620244, 51.2596055 ], [ 6.6249691, 51.259227 ] ] } },
{ "type": "Feature", "properties": { "voltage_kv": "220 kV; 110 kV", "operator_show": "RWE", "name_show": "–" }, "geometry": { "type": "LineString", "coordinates": [ [ 6.6267239, 51.2542738 ], [ 6.6277274, 51.2569968 ] ] } },
{ "type": "Feature", "properties": { "voltage_kv": "220 kV", "operator_show": "RWE", "name_show": "220kV Fichtenhain Ost+Utfort West" }, "geometry": { "type": "LineString", "coordinates": [ [ 6.517865, 51.3216033 ], [ 6.5227314, 51.3224881 ] ] } },
{ "type": "Feature", "properties": { "voltage_kv": "220 kV; 110 kV", "operator_show": "RWE", "name_show": "–" }, "geometry": { "type": "LineString", "coordinates": [ [ 6.6578593, 51.2938617 ], [ 6.6758761, 51.3239503 ] ] } },
{ "type": "Feature", "properties": { "voltage_kv": "220 kV", "operator_show": "RWE", "name_show": "220kV Neurath 1a+Osterath West" }, "geometry": { "type": "LineString", "coordinates": [ [ 6.62592, 51.259555499999983 ], [ 6.6268669, 51.2566204 ] ] } },
{ "type": "Feature", "properties": { "voltage_kv": "220 kV; 110 kV", "operator_show": "RWE", "name_show": "–" }, "geometry": { "type": "LineString", "coordinates": [ [ 6.5398412, 51.2994109 ], [ 6.5396422, 51.296997599999983 ] ] } },
{ "type": "Feature", "properties": { "voltage_kv": "220 kV; 110 kV", "operator_show": "RWE", "name_show": "–" }, "geometry": { "type": "LineString", "coordinates": [ [ 6.5396422, 51.296997599999983 ], [ 6.620244, 51.2596055 ] ] } },
{ "type": "Feature", "properties": { "voltage_kv": "220 kV", "operator_show": "TenneT TSO", "name_show": "Altheim - Sittling: \"Reichssammelschiene\"" }, "geometry": { "type": "LineString", "coordinates": [ [ 12.2218322, 48.587470499999988 ], [ 12.1879681, 48.6606315 ], [ 12.0813898, 48.685849 ], [ 12.0299485, 48.7334829 ], [ 11.7954531, 48.8370669 ] ] } },
{ "type": "Feature", "properties": { "voltage_kv": "220 kV", "operator_show": "TenneT TSO GmbH", "name_show": "LU SIT" }, "geometry": { "type": "LineString", "coordinates": [ [ 11.7910792, 48.839093 ], [ 11.7925601, 48.8390962 ] ] } },
{ "type": "Feature", "properties": { "voltage_kv": "220 kV", "operator_show": "TenneT TSO GmbH", "name_show": "IN-SIT" }, "geometry": { "type": "LineString", "coordinates": [ [ 11.7909641, 48.838605499999986 ], [ 11.7924533, 48.8386181 ] ] } },
{ "type": "Feature", "properties": { "voltage_kv": "220 kV", "operator_show": "TenneT TSO", "name_show": "Ingolstadt - Sittling" }, "geometry": { "type": "LineString", "coordinates": [ [ 11.7875887, 48.8387237 ], [ 11.7909641, 48.838605499999986 ] ] } },
{ "type": "Feature", "properties": { "voltage_kv": "220 kV", "operator_show": "TenneT TSO GmbH", "name_show": "Altheim - Sittling" }, "geometry": { "type": "LineString", "coordinates": [ [ 11.7954531, 48.8370669 ], [ 11.7936524, 48.8383179 ] ] } },
{ "type": "Feature", "properties": { "voltage_kv": "220 kV", "operator_show": "TenneT TSO", "name_show": "Juraleitung" }, "geometry": { "type": "LineString", "coordinates": [ [ 11.7910792, 48.839093 ], [ 11.7363606, 48.8530332 ], [ 11.6393531, 48.9340041 ], [ 11.5776613, 49.0305037 ], [ 11.4461485, 49.148727899999983 ], [ 11.3287206, 49.3955233 ] ] } },
{ "type": "Feature", "properties": { "voltage_kv": "220 kV", "operator_show": "TenneT TSO GmbH", "name_show": "Altheim - Sittling" }, "geometry": { "type": "LineString", "coordinates": [ [ 11.7954531, 48.8370669 ], [ 11.7935057, 48.8376739 ] ] } },
{ "type": "Feature", "properties": { "voltage_kv": "220 kV", "operator_show": "TenneT TSO GmbH", "name_show": "IN-SIT" }, "geometry": { "type": "LineString", "coordinates": [ [ 11.7909641, 48.838605499999986 ], [ 11.7923647, 48.838300199999985 ] ] } },
{ "type": "Feature", "properties": { "voltage_kv": "220 kV", "operator_show": "TenneT TSO GmbH", "name_show": "AHM-SIT" }, "geometry": { "type": "LineString", "coordinates": [ [ 12.2225516, 48.5859087 ], [ 12.2218322, 48.587470499999988 ] ] } },
{ "type": "Feature", "properties": { "voltage_kv": "220 kV", "operator_show": "TenneT TSO", "name_show": "–" }, "geometry": { "type": "LineString", "coordinates": [ [ 12.2223433, 48.5849861 ], [ 12.2224512, 48.5842585 ] ] } },
{ "type": "Feature", "properties": { "voltage_kv": "220 kV", "operator_show": "TenneT TSO", "name_show": "–" }, "geometry": { "type": "LineString", "coordinates": [ [ 12.2224512, 48.5842585 ], [ 12.2217151, 48.584845 ] ] } },
{ "type": "Feature", "properties": { "voltage_kv": "220 kV", "operator_show": "TenneT TSO GmbH", "name_show": "AHM-SIT" }, "geometry": { "type": "LineString", "coordinates": [ [ 12.2218322, 48.587470499999988 ], [ 12.2223138, 48.5858499 ] ] } },
{ "type": "Feature", "properties": { "voltage_kv": "220 kV; 110 kV", "operator_show": "RWE", "name_show": "–" }, "geometry": { "type": "LineString", "coordinates": [ [ 8.0910282, 50.9076136 ], [ 8.0326233, 50.920629199999986 ] ] } },
{ "type": "Feature", "properties": { "voltage_kv": "220 kV", "operator_show": "RWE", "name_show": "220 kV Frixheim Süd; Niederaußem 4d|5e; Stommeln Nord" }, "geometry": { "type": "LineString", "coordinates": [ [ 6.8814901, 51.006461899999984 ], [ 6.9303229, 51.0327345 ] ] } },
{ "type": "Feature", "properties": { "voltage_kv": "220 kV; 110 kV", "operator_show": "RWE", "name_show": "220 kV Wesel Ost; 110 kV Götterswick Süd; Wallach Ost|West" }, "geometry": { "type": "LineString", "coordinates": [ [ 6.5878824, 51.559238 ], [ 6.5792258, 51.5560472 ] ] } },
{ "type": "Feature", "properties": { "voltage_kv": "220 kV; 110 kV", "operator_show": "RWE", "name_show": "220 kV Wesel Ost; 110 kV Götterswick Süd" }, "geometry": { "type": "LineString", "coordinates": [ [ 6.6025423, 51.5538054 ], [ 6.5878824, 51.559238 ] ] } },
{ "type": "Feature", "properties": { "voltage_kv": "220 kV", "operator_show": "RWE", "name_show": "220kV Stratum Ost+West" }, "geometry": { "type": "LineString", "coordinates": [ [ 6.7238897, 51.3539352 ], [ 6.7255944, 51.3548689 ] ] } },
{ "type": "Feature", "properties": { "voltage_kv": "220 kV", "operator_show": "RWE", "name_show": "220kV Meerbusch Ost+Stratum West" }, "geometry": { "type": "LineString", "coordinates": [ [ 6.7255944, 51.3548689 ], [ 6.7253822, 51.357681499999984 ] ] } },
{ "type": "Feature", "properties": { "voltage_kv": "220 kV", "operator_show": "RWE", "name_show": "–" }, "geometry": { "type": "LineString", "coordinates": [ [ 6.7239155, 51.362652499999982 ], [ 6.7240898, 51.357218699999983 ] ] } },
{ "type": "Feature", "properties": { "voltage_kv": "220 kV", "operator_show": "RWE", "name_show": "220kV LMG Ost" }, "geometry": { "type": "LineString", "coordinates": [ [ 6.9306456, 51.4978752 ], [ 6.929291, 51.499381 ] ] } },
{ "type": "Feature", "properties": { "voltage_kv": "220 kV", "operator_show": "RWE", "name_show": "–" }, "geometry": { "type": "LineString", "coordinates": [ [ 6.9027469, 51.496898399999985 ], [ 6.9162936, 51.4969901 ] ] } },
{ "type": "Feature", "properties": { "voltage_kv": "220 kV", "operator_show": "RWE", "name_show": "220kV Buer Süd+Scholven E" }, "geometry": { "type": "LineString", "coordinates": [ [ 6.9263168, 51.501675 ], [ 6.9277462, 51.5005558 ] ] } },
{ "type": "Feature", "properties": { "voltage_kv": "220 kV", "operator_show": "RWE", "name_show": "220kV Emscher Nord+Süd" }, "geometry": { "type": "LineString", "coordinates": [ [ 6.9027469, 51.496898399999985 ], [ 6.8989894, 51.495884 ] ] } },
{ "type": "Feature", "properties": { "voltage_kv": "220 kV", "operator_show": "Amprion", "name_show": "220kV Laer West+Pöppinghausen Ost" }, "geometry": { "type": "LineString", "coordinates": [ [ 7.1890594, 51.376205899999988 ], [ 7.2501882, 51.4009199 ] ] } },
{ "type": "Feature", "properties": { "voltage_kv": "220 kV", "operator_show": "TenneT TSO GmbH", "name_show": "Neufinsing - Marienberg" }, "geometry": { "type": "LineString", "coordinates": [ [ 12.1269498, 47.9155593 ], [ 12.1295312, 47.9148694 ] ] } },
{ "type": "Feature", "properties": { "voltage_kv": "220 kV; 110 kV", "operator_show": "TenneT TSO GmbH;Bayernwerk Netz GmbH", "name_show": "Neufinsing - Marienberg - Marienberg - Mittergars" }, "geometry": { "type": "LineString", "coordinates": [ [ 12.0975849, 47.9288447 ], [ 12.1269498, 47.9155593 ] ] } },
{ "type": "Feature", "properties": { "voltage_kv": "220 kV", "operator_show": "TenneT TSO GmbH", "name_show": "–" }, "geometry": { "type": "LineString", "coordinates": [ [ 12.1312814, 47.9137146 ], [ 12.1306747, 47.9138292 ] ] } },
{ "type": "Feature", "properties": { "voltage_kv": "220 kV", "operator_show": "TenneT TSO GmbH", "name_show": "–" }, "geometry": { "type": "LineString", "coordinates": [ [ 12.1307961, 47.914150599999978 ], [ 12.1314005, 47.9140321 ] ] } },
{ "type": "Feature", "properties": { "voltage_kv": "220 kV", "operator_show": "ENERVIE Vernetzt GmbH", "name_show": "220kV Nordleitung+Südleitung" }, "geometry": { "type": "LineString", "coordinates": [ [ 7.7030224, 51.27916 ], [ 7.6825068, 51.2741192 ] ] } },
{ "type": "Feature", "properties": { "voltage_kv": "220 kV; 110 kV", "operator_show": "TenneT TSO GmbH;E.ON Netz GmbH", "name_show": "Regensburg - Schwandorf;Regensburg - Wutzlhofen;Ponholz - Regensburg" }, "geometry": { "type": "LineString", "coordinates": [ [ 12.1484282, 49.060613 ], [ 12.1502143, 49.014159 ] ] } },
{ "type": "Feature", "properties": { "voltage_kv": "220 kV", "operator_show": "RWE", "name_show": "220 kV Merheim Ost|West" }, "geometry": { "type": "LineString", "coordinates": [ [ 7.0400181, 50.9504985 ], [ 7.0398443, 50.948254699999978 ] ] } },
{ "type": "Feature", "properties": { "voltage_kv": "220 kV", "operator_show": "TenneT TSO GmbH", "name_show": "Pleinting - Schwandorf" }, "geometry": { "type": "LineString", "coordinates": [ [ 13.0973059, 48.6633339 ], [ 13.1033244, 48.6665294 ] ] } },
{ "type": "Feature", "properties": { "voltage_kv": "220 kV; 110 kV", "operator_show": "RWE", "name_show": "220 kV Bocklemünd Nord|Süd (Brauweiler)" }, "geometry": { "type": "LineString", "coordinates": [ [ 6.8462804, 50.987698 ], [ 6.8488607, 50.9865659 ] ] } },
{ "type": "Feature", "properties": { "voltage_kv": "220 kV", "operator_show": "Amprion", "name_show": "–" }, "geometry": { "type": "LineString", "coordinates": [ [ 7.13741, 51.4165537 ], [ 7.1570817, 51.3845359 ] ] } },
{ "type": "Feature", "properties": { "voltage_kv": "220 kV", "operator_show": "–", "name_show": "–" }, "geometry": { "type": "LineString", "coordinates": [ [ 7.7527073, 48.096889 ], [ 7.7536453, 48.098939799999982 ] ] } },
{ "type": "Feature", "properties": { "voltage_kv": "220 kV", "operator_show": "TransnetBW", "name_show": "–" }, "geometry": { "type": "LineString", "coordinates": [ [ 7.7540321, 48.0930345 ], [ 7.7521336, 48.0959351 ] ] } },
{ "type": "Feature", "properties": { "voltage_kv": "220 kV", "operator_show": "Amprion", "name_show": "220kV Itterbach Ost+West" }, "geometry": { "type": "LineString", "coordinates": [ [ 7.0010618, 51.247487 ], [ 7.0014455, 51.2501218 ] ] } },
{ "type": "Feature", "properties": { "voltage_kv": "220 kV", "operator_show": "Amprion", "name_show": "220 kV Wengerohr" }, "geometry": { "type": "LineString", "coordinates": [ [ 6.4782298, 49.9185773 ], [ 6.4742843, 49.9206753 ] ] } },
{ "type": "Feature", "properties": { "voltage_kv": "220 kV", "operator_show": "Amprion", "name_show": "–" }, "geometry": { "type": "LineString", "coordinates": [ [ 6.2127405, 49.9588822 ], [ 6.2967307, 49.9622836 ], [ 6.4709143, 49.9237177 ] ] } },
{ "type": "Feature", "properties": { "voltage_kv": "220 kV", "operator_show": "Amprion", "name_show": "–" }, "geometry": { "type": "LineString", "coordinates": [ [ 6.190739, 49.9554823 ], [ 6.2967625, 49.9626071 ], [ 6.4714595, 49.9241038 ] ] } },
{ "type": "Feature", "properties": { "voltage_kv": "220 kV", "operator_show": "Amprion", "name_show": "–" }, "geometry": { "type": "LineString", "coordinates": [ [ 6.4742843, 49.9206753 ], [ 6.4734095, 49.922015 ] ] } },
{ "type": "Feature", "properties": { "voltage_kv": "220 kV", "operator_show": "–", "name_show": "220 kV Bigge Ost+West" }, "geometry": { "type": "LineString", "coordinates": [ [ 7.1214455, 51.1700984 ], [ 7.1245226, 51.1735549 ] ] } },
{ "type": "Feature", "properties": { "voltage_kv": "220 kV", "operator_show": "RWE", "name_show": "–" }, "geometry": { "type": "LineString", "coordinates": [ [ 7.8664893, 50.7684725 ], [ 7.8687206, 50.7645429 ] ] } },
{ "type": "Feature", "properties": { "voltage_kv": "220 kV", "operator_show": "Amprion", "name_show": "220 kV Frixheim Nord|Süd" }, "geometry": { "type": "LineString", "coordinates": [ [ 6.7016709, 51.0108728 ], [ 6.7069393, 51.0169769 ] ] } },
{ "type": "Feature", "properties": { "voltage_kv": "220 kV; 110 kV", "operator_show": "Amprion", "name_show": "220 kV Kondelwald; 110 kV Pünderich" }, "geometry": { "type": "LineString", "coordinates": [ [ 6.9098892, 49.9736418 ], [ 6.911044, 49.976169 ] ] } },
{ "type": "Feature", "properties": { "voltage_kv": "220 kV; 110 kV", "operator_show": "Amprion", "name_show": "220 kV Wengerohr;110 kV Salmtal Süd" }, "geometry": { "type": "LineString", "coordinates": [ [ 6.8874831, 49.9375246 ], [ 6.7938119, 49.936750400000015 ], [ 6.671568, 49.8964394 ] ] } },
{ "type": "Feature", "properties": { "voltage_kv": "220 kV", "operator_show": "–", "name_show": "–" }, "geometry": { "type": "LineString", "coordinates": [ [ 7.8434126, 47.586338199999986 ], [ 7.844186, 47.5870669 ] ] } },
{ "type": "Feature", "properties": { "voltage_kv": "220 kV", "operator_show": "Schluchseewerk AG", "name_show": "–" }, "geometry": { "type": "LineString", "coordinates": [ [ 7.950278, 47.5916739 ], [ 7.9540017, 47.5946776 ] ] } },
{ "type": "Feature", "properties": { "voltage_kv": "220 kV", "operator_show": "Schluchseewerk AG", "name_show": "–" }, "geometry": { "type": "LineString", "coordinates": [ [ 7.9540017, 47.5946776 ], [ 7.950278, 47.5916739 ] ] } },
{ "type": "Feature", "properties": { "voltage_kv": "220 kV", "operator_show": "–", "name_show": "–" }, "geometry": { "type": "LineString", "coordinates": [ [ 7.9558529, 47.5938114 ], [ 7.9573517, 47.593817799999989 ] ] } },
{ "type": "Feature", "properties": { "voltage_kv": "220 kV", "operator_show": "–", "name_show": "Saarwellingen - Fraulautern (neu 2011)" }, "geometry": { "type": "LineString", "coordinates": [ [ 6.7629845, 49.3627846 ], [ 6.7659538, 49.3590408 ] ] } },
{ "type": "Feature", "properties": { "voltage_kv": "220 kV", "operator_show": "Amprion", "name_show": "–" }, "geometry": { "type": "LineString", "coordinates": [ [ 6.7128309, 49.2314828 ], [ 6.7674962, 49.28721010000001 ] ] } },
{ "type": "Feature", "properties": { "voltage_kv": "220 kV", "operator_show": "–", "name_show": "–" }, "geometry": { "type": "LineString", "coordinates": [ [ 6.2093256, 49.958599299999989 ], [ 6.1129191, 49.9060138 ] ] } },
{ "type": "Feature", "properties": { "voltage_kv": "220 kV", "operator_show": "–", "name_show": "–" }, "geometry": { "type": "LineString", "coordinates": [ [ 6.1805016, 49.9537342 ], [ 6.2095487, 49.9589075 ] ] } },
{ "type": "Feature", "properties": { "voltage_kv": "220 kV", "operator_show": "–", "name_show": "–" }, "geometry": { "type": "LineString", "coordinates": [ [ 6.1802567, 49.953966499999986 ], [ 6.190739, 49.9554823 ] ] } },
{ "type": "Feature", "properties": { "voltage_kv": "220 kV", "operator_show": "–", "name_show": "–" }, "geometry": { "type": "LineString", "coordinates": [ [ 6.1942281, 49.9446407 ], [ 6.190739, 49.9554823 ] ] } },
{ "type": "Feature", "properties": { "voltage_kv": "220 kV; 110 kV", "operator_show": "Amprion", "name_show": "220 kV Wengerohr;110kV Idesheim Nord" }, "geometry": { "type": "LineString", "coordinates": [ [ 6.5120236, 49.8835779 ], [ 6.671568, 49.8964394 ] ] } },
{ "type": "Feature", "properties": { "voltage_kv": "220 kV", "operator_show": "–", "name_show": "–" }, "geometry": { "type": "LineString", "coordinates": [ [ 7.0326449, 49.3347387 ], [ 7.0221987, 49.337156 ] ] } },
{ "type": "Feature", "properties": { "voltage_kv": "220 kV; 110 kV", "operator_show": "–", "name_show": "–" }, "geometry": { "type": "LineString", "coordinates": [ [ 6.7737869, 51.142522 ], [ 6.7910355, 51.132134899999983 ] ] } },
{ "type": "Feature", "properties": { "voltage_kv": "220 kV", "operator_show": "–", "name_show": "Stürzelberg Ost" }, "geometry": { "type": "LineString", "coordinates": [ [ 6.7708399, 51.1439005 ], [ 6.772622, 51.1462841 ] ] } },
{ "type": "Feature", "properties": { "voltage_kv": "220 kV; 110 kV", "operator_show": "–", "name_show": "–" }, "geometry": { "type": "LineString", "coordinates": [ [ 6.7737869, 51.142522 ], [ 6.7721119, 51.1448102 ] ] } },
{ "type": "Feature", "properties": { "voltage_kv": "220 kV", "operator_show": "RWE", "name_show": "220 kV Norf West;Zons West;Stürzelberg Ost" }, "geometry": { "type": "LineString", "coordinates": [ [ 6.7708399, 51.1439005 ], [ 6.8006006, 51.126066100000017 ] ] } },
{ "type": "Feature", "properties": { "voltage_kv": "220 kV", "operator_show": "–", "name_show": "–" }, "geometry": { "type": "LineString", "coordinates": [ [ 6.7727519, 51.146186399999984 ], [ 6.7721119, 51.1448102 ] ] } },
{ "type": "Feature", "properties": { "voltage_kv": "220 kV", "operator_show": "RWE", "name_show": "Barbara Ltg. | Otterbach Süd" }, "geometry": { "type": "LineString", "coordinates": [ [ 7.2406935, 49.356181299999989 ], [ 7.2221713, 49.3626573 ] ] } },
{ "type": "Feature", "properties": { "voltage_kv": "220 kV", "operator_show": "–", "name_show": "–" }, "geometry": { "type": "LineString", "coordinates": [ [ 10.3695866, 52.168085199999986 ], [ 10.3706861, 52.1680608 ] ] } },
{ "type": "Feature", "properties": { "voltage_kv": "220 kV", "operator_show": "Amprion GmbH", "name_show": "–" }, "geometry": { "type": "LineString", "coordinates": [ [ 7.3437134, 51.613105 ], [ 7.3237369, 51.6205999 ] ] } },
{ "type": "Feature", "properties": { "voltage_kv": "220 kV", "operator_show": "–", "name_show": "–" }, "geometry": { "type": "LineString", "coordinates": [ [ 6.7419116, 49.357462 ], [ 6.7425528, 49.3583024 ] ] } },
{ "type": "Feature", "properties": { "voltage_kv": "220 kV", "operator_show": "ampiron", "name_show": "–" }, "geometry": { "type": "LineString", "coordinates": [ [ 6.7554586, 49.3652176 ], [ 6.7540121, 49.364879299999984 ] ] } },
{ "type": "Feature", "properties": { "voltage_kv": "220 kV; 110 kV", "operator_show": "–", "name_show": "Saarwellingen - Dieflen" }, "geometry": { "type": "LineString", "coordinates": [ [ 6.7629845, 49.3627846 ], [ 6.7568858, 49.3649429 ] ] } },
{ "type": "Feature", "properties": { "voltage_kv": "225 kV", "operator_show": "RTE", "name_show": "Liaison 225 kV n°1 Petite-Rosselle - Saint-Avold" }, "geometry": { "type": "LineString", "coordinates": [ [ 6.7053919, 49.1375447 ], [ 6.7861567, 49.1449889 ], [ 6.8820802, 49.196620299999985 ] ] } },
{ "type": "Feature", "properties": { "voltage_kv": "225 kV", "operator_show": "RTE", "name_show": "Liaison 225 kV n°1 Graffenstaden - Sporeninsel" }, "geometry": { "type": "LineString", "coordinates": [ [ 7.6846384, 48.5293168 ], [ 7.7611986, 48.495731600000013 ], [ 7.8015241, 48.5432146 ] ] } },
{ "type": "Feature", "properties": { "voltage_kv": "220 kV", "operator_show": "TenneT TSO", "name_show": "–" }, "geometry": { "type": "LineString", "coordinates": [ [ 12.7475841, 48.1491393 ], [ 12.7498053, 48.1499755 ] ] } },
{ "type": "Feature", "properties": { "voltage_kv": "220 kV", "operator_show": "TenneT TSO GmbH", "name_show": "Pirach - St. Peter;Pirach - Pleinting;Altheim - St. Peter;Altheim - Simbach" }, "geometry": { "type": "LineString", "coordinates": [ [ 12.8651391, 48.3295815 ], [ 12.9981969, 48.295336 ] ] } },
{ "type": "Feature", "properties": { "voltage_kv": "220 kV", "operator_show": "TenneT TSO GmbH", "name_show": "Pirach - St. Peter;Pirach - Pleinting;St. Peter - Simbach;Altheim - St. Peter" }, "geometry": { "type": "LineString", "coordinates": [ [ 12.9981969, 48.295336 ], [ 13.0525449, 48.2698933 ] ] } },
{ "type": "Feature", "properties": { "voltage_kv": "220 kV", "operator_show": "RWE", "name_show": "220 kV Niederstedem West" }, "geometry": { "type": "LineString", "coordinates": [ [ 6.5676381, 49.7990492 ], [ 6.5667245, 49.8017566 ] ] } },
{ "type": "Feature", "properties": { "voltage_kv": "220 kV", "operator_show": "Amprion", "name_show": "220 kV Heisdorf - Quint Nord;Niederstedem West" }, "geometry": { "type": "LineString", "coordinates": [ [ 6.5676381, 49.7990492 ], [ 6.5771198, 49.7705766 ] ] } },
{ "type": "Feature", "properties": { "voltage_kv": "220 kV", "operator_show": "Amprion", "name_show": "220 kV Heisdorf - Quint Nord;220kVOsburg" }, "geometry": { "type": "LineString", "coordinates": [ [ 6.7028987, 49.829163099999988 ], [ 6.7031461, 49.8298087 ] ] } },
{ "type": "Feature", "properties": { "voltage_kv": "220 kV", "operator_show": "RWE", "name_show": "220 kV Heisdorf - Quint Nord" }, "geometry": { "type": "LineString", "coordinates": [ [ 6.5676381, 49.7990492 ], [ 6.5684453, 49.7993591 ] ] } },
{ "type": "Feature", "properties": { "voltage_kv": "220 kV", "operator_show": "Amprion", "name_show": "220 kV Heisdorf - Trier Süd;Niederstedem West" }, "geometry": { "type": "LineString", "coordinates": [ [ 6.578589, 49.7689414 ], [ 6.6191644, 49.7491575 ] ] } },
{ "type": "Feature", "properties": { "voltage_kv": "220 kV", "operator_show": "RWE", "name_show": "220kV Stratum Ost+West" }, "geometry": { "type": "LineString", "coordinates": [ [ 6.7228307, 51.351839900000016 ], [ 6.7238897, 51.3539352 ] ] } },
{ "type": "Feature", "properties": { "voltage_kv": "220 kV", "operator_show": "RWE", "name_show": "220kV Rheinhausen West" }, "geometry": { "type": "LineString", "coordinates": [ [ 6.7253519, 51.3600976 ], [ 6.7247675, 51.356484100000017 ] ] } },
{ "type": "Feature", "properties": { "voltage_kv": "220 kV; 110 kV", "operator_show": "RWE", "name_show": "220 KV" }, "geometry": { "type": "LineString", "coordinates": [ [ 6.7318523, 51.3750483 ], [ 6.725609, 51.386926 ] ] } },
{ "type": "Feature", "properties": { "voltage_kv": "220 kV", "operator_show": "RWE", "name_show": "–" }, "geometry": { "type": "LineString", "coordinates": [ [ 6.725609, 51.386926 ], [ 6.72018, 51.391068 ] ] } },
{ "type": "Feature", "properties": { "voltage_kv": "220 kV", "operator_show": "RWE", "name_show": "220 kV Wesel Ost" }, "geometry": { "type": "LineString", "coordinates": [ [ 6.5792258, 51.5560472 ], [ 6.5775686, 51.55670940000001 ] ] } },
{ "type": "Feature", "properties": { "voltage_kv": "220 kV", "operator_show": "–", "name_show": "–" }, "geometry": { "type": "LineString", "coordinates": [ [ 6.7235721, 51.3766517 ], [ 6.7225949, 51.3762285 ] ] } },
{ "type": "Feature", "properties": { "voltage_kv": "220 kV", "operator_show": "RWE", "name_show": "220kV Ürdingen West" }, "geometry": { "type": "LineString", "coordinates": [ [ 6.5866101, 51.4380978 ], [ 6.5835533, 51.437964699999988 ] ] } },
{ "type": "Feature", "properties": { "voltage_kv": "220 kV", "operator_show": "–", "name_show": "220 KV" }, "geometry": { "type": "LineString", "coordinates": [ [ 6.7035127, 51.3705245 ], [ 6.7225949, 51.3762285 ] ] } },
{ "type": "Feature", "properties": { "voltage_kv": "220 kV", "operator_show": "–", "name_show": "–" }, "geometry": { "type": "LineString", "coordinates": [ [ 6.7228233, 51.3761036 ], [ 6.7225949, 51.3762285 ] ] } },
{ "type": "Feature", "properties": { "voltage_kv": "110 kV; 220 kV", "operator_show": "–", "name_show": "Uchtelfangen - KW Weiher" }, "geometry": { "type": "LineString", "coordinates": [ [ 7.0221987, 49.337156 ], [ 7.0017161, 49.3731188 ] ] } },
{ "type": "Feature", "properties": { "voltage_kv": "220 kV", "operator_show": "TenneT TSO GmbH", "name_show": "Raitersaich - Trennfeld;Trennfeld - Aschaffenburg" }, "geometry": { "type": "LineString", "coordinates": [ [ 9.5679286, 49.8206828 ], [ 9.5940298, 49.8002379 ] ] } },
{ "type": "Feature", "properties": { "voltage_kv": "220 kV", "operator_show": "RWE", "name_show": "–" }, "geometry": { "type": "LineString", "coordinates": [ [ 6.6272296, 51.2595733 ], [ 6.6277274, 51.2569968 ] ] } },
{ "type": "Feature", "properties": { "voltage_kv": "220 kV", "operator_show": "RWE", "name_show": "–" }, "geometry": { "type": "LineString", "coordinates": [ [ 6.6269406, 51.260955799999984 ], [ 6.6269075, 51.262357 ] ] } },
{ "type": "Feature", "properties": { "voltage_kv": "220 kV", "operator_show": "–", "name_show": "–" }, "geometry": { "type": "LineString", "coordinates": [ [ 6.5243633, 51.320565900000013 ], [ 6.5227314, 51.3224881 ] ] } },
{ "type": "Feature", "properties": { "voltage_kv": "220 kV", "operator_show": "Austrian Power Grid AG", "name_show": "–" }, "geometry": { "type": "LineString", "coordinates": [ [ 13.4446207, 48.4351015 ], [ 13.4088174, 48.4311447 ], [ 13.3525863, 48.350342199999979 ], [ 13.0837664, 48.25608660000001 ] ] } },
{ "type": "Feature", "properties": { "voltage_kv": "220 kV", "operator_show": "–", "name_show": "–" }, "geometry": { "type": "LineString", "coordinates": [ [ 13.4447648, 48.4344367 ], [ 13.443495, 48.4342703 ] ] } },
{ "type": "Feature", "properties": { "voltage_kv": "220 kV", "operator_show": "–", "name_show": "–" }, "geometry": { "type": "LineString", "coordinates": [ [ 13.4446207, 48.4351015 ], [ 13.4433727, 48.4349413 ] ] } },
{ "type": "Feature", "properties": { "voltage_kv": "220 kV", "operator_show": "EnBW", "name_show": "WIESL_NEURO" }, "geometry": { "type": "LineString", "coordinates": [ [ 8.6736952, 49.2911635 ], [ 8.6741788, 49.290108400000015 ] ] } },
{ "type": "Feature", "properties": { "voltage_kv": "220 kV", "operator_show": "–", "name_show": "–" }, "geometry": { "type": "LineString", "coordinates": [ [ 8.982881, 47.8375894 ], [ 8.9826642, 47.8388681 ] ] } },
{ "type": "Feature", "properties": { "voltage_kv": "220 kV", "operator_show": "–", "name_show": "–" }, "geometry": { "type": "LineString", "coordinates": [ [ 8.9849243, 47.8379225 ], [ 8.982881, 47.8375894 ] ] } },
{ "type": "Feature", "properties": { "voltage_kv": "220 kV; 110 kV", "operator_show": "RWE", "name_show": "–" }, "geometry": { "type": "LineString", "coordinates": [ [ 6.8236896, 51.4977621 ], [ 6.8263394, 51.496954899999984 ] ] } },
{ "type": "Feature", "properties": { "voltage_kv": "220 kV", "operator_show": "RWE", "name_show": "220kV Emscher Nord+Süd" }, "geometry": { "type": "LineString", "coordinates": [ [ 6.8263394, 51.496954899999984 ], [ 6.843751, 51.4951342 ] ] } },
{ "type": "Feature", "properties": { "voltage_kv": "220 kV", "operator_show": "Schluchseewerk AG", "name_show": "–" }, "geometry": { "type": "LineString", "coordinates": [ [ 7.950278, 47.5916739 ], [ 7.9574889, 47.572232199999988 ] ] } },
{ "type": "Feature", "properties": { "voltage_kv": "220 kV", "operator_show": "–", "name_show": "–" }, "geometry": { "type": "LineString", "coordinates": [ [ 7.9524142, 47.5957386 ], [ 7.9545726, 47.59559380000001 ] ] } },
{ "type": "Feature", "properties": { "voltage_kv": "220 kV", "operator_show": "–", "name_show": "–" }, "geometry": { "type": "LineString", "coordinates": [ [ 8.0354149, 47.561071 ], [ 8.0391299, 47.5611523 ] ] } },
{ "type": "Feature", "properties": { "voltage_kv": "220 kV", "operator_show": "–", "name_show": "–" }, "geometry": { "type": "LineString", "coordinates": [ [ 7.0017012, 49.376448599999989 ], [ 6.9992998, 49.376086300000019 ] ] } },
{ "type": "Feature", "properties": { "voltage_kv": "220 kV; 110 kV", "operator_show": "RWE", "name_show": "–" }, "geometry": { "type": "LineString", "coordinates": [ [ 6.77089, 51.5293206 ], [ 6.7705762, 51.5310204 ] ] } },
{ "type": "Feature", "properties": { "voltage_kv": "220 kV; 110 kV", "operator_show": "RWE", "name_show": "–" }, "geometry": { "type": "LineString", "coordinates": [ [ 6.788212, 51.506724299999988 ], [ 6.7735318, 51.5173757 ] ] } },
{ "type": "Feature", "properties": { "voltage_kv": "220 kV; 110 kV", "operator_show": "RWE", "name_show": "–" }, "geometry": { "type": "LineString", "coordinates": [ [ 6.7705762, 51.5310204 ], [ 6.7570191, 51.565510099999983 ] ] } },
{ "type": "Feature", "properties": { "voltage_kv": "220 kV; 110 kV", "operator_show": "RWE", "name_show": "–" }, "geometry": { "type": "LineString", "coordinates": [ [ 6.7696865, 51.5171331 ], [ 6.7873973, 51.5069536 ] ] } },
{ "type": "Feature", "properties": { "voltage_kv": "220 kV; 110 kV", "operator_show": "RWE", "name_show": "–" }, "geometry": { "type": "LineString", "coordinates": [ [ 6.78958, 51.5063512 ], [ 6.8213224, 51.498598199999989 ] ] } },
{ "type": "Feature", "properties": { "voltage_kv": "220 kV", "operator_show": "RWE", "name_show": "220kV Walsum Süd" }, "geometry": { "type": "LineString", "coordinates": [ [ 6.7873973, 51.5069536 ], [ 6.7858274, 51.506004199999985 ] ] } },
{ "type": "Feature", "properties": { "voltage_kv": "220 kV", "operator_show": "RWE", "name_show": "220kV Walsum Nord" }, "geometry": { "type": "LineString", "coordinates": [ [ 6.7873973, 51.5069536 ], [ 6.786038, 51.5059876 ] ] } },
{ "type": "Feature", "properties": { "voltage_kv": "220 kV", "operator_show": "RWE", "name_show": "220kV Emscher Nord" }, "geometry": { "type": "LineString", "coordinates": [ [ 6.7866835, 51.5059316 ], [ 6.788212, 51.506724299999988 ] ] } },
{ "type": "Feature", "properties": { "voltage_kv": "220 kV", "operator_show": "RWE", "name_show": "220kV Emscher Süd" }, "geometry": { "type": "LineString", "coordinates": [ [ 6.7868849, 51.505851199999988 ], [ 6.7886137, 51.5064543 ] ] } },
{ "type": "Feature", "properties": { "voltage_kv": "220 kV", "operator_show": "RWE", "name_show": "220kV Hochlarmark Ost+West" }, "geometry": { "type": "LineString", "coordinates": [ [ 7.1393748, 51.5608314 ], [ 7.1440837, 51.55863440000001 ] ] } },
{ "type": "Feature", "properties": { "voltage_kv": "220 kV; 110 kV", "operator_show": "RWE", "name_show": "–" }, "geometry": { "type": "LineString", "coordinates": [ [ 7.0960596, 51.611818099999979 ], [ 7.0714879, 51.6311555 ] ] } },
{ "type": "Feature", "properties": { "voltage_kv": "220 kV", "operator_show": "RWE", "name_show": "Hochlarmark West" }, "geometry": { "type": "LineString", "coordinates": [ [ 7.1401822, 51.5553066 ], [ 7.1393748, 51.5608314 ] ] } },
{ "type": "Feature", "properties": { "voltage_kv": "220 kV", "operator_show": "RWE", "name_show": "220kV Hochlarmark Ost+West" }, "geometry": { "type": "LineString", "coordinates": [ [ 7.1300481, 51.5740631 ], [ 7.0960596, 51.611818099999979 ] ] } },
{ "type": "Feature", "properties": { "voltage_kv": "220 kV; 110 kV", "operator_show": "RWE", "name_show": "–" }, "geometry": { "type": "LineString", "coordinates": [ [ 7.1378238, 51.5537615 ], [ 7.1469009, 51.5061858 ] ] } },
{ "type": "Feature", "properties": { "voltage_kv": "220 kV", "operator_show": "RWE", "name_show": "220kV Hochlarmark Ost+West" }, "geometry": { "type": "LineString", "coordinates": [ [ 7.1393748, 51.5608314 ], [ 7.1300481, 51.5740631 ] ] } },
{ "type": "Feature", "properties": { "voltage_kv": "220 kV", "operator_show": "RWE", "name_show": "220kV Hochlarmark Ost+West" }, "geometry": { "type": "LineString", "coordinates": [ [ 7.0714879, 51.6311555 ], [ 7.0627934, 51.6387901 ] ] } },
{ "type": "Feature", "properties": { "voltage_kv": "220 kV; 110 kV", "operator_show": "RWE", "name_show": "RWE 2613 Pöppinghausen - Wanne" }, "geometry": { "type": "LineString", "coordinates": [ [ 7.1440837, 51.55863440000001 ], [ 7.1946705, 51.557449699999985 ] ] } },
{ "type": "Feature", "properties": { "voltage_kv": "220 kV", "operator_show": "Amprion", "name_show": "220kV Bigge Ost" }, "geometry": { "type": "LineString", "coordinates": [ [ 7.6025921, 51.3453578 ], [ 7.6024747, 51.3461062 ] ] } },
{ "type": "Feature", "properties": { "voltage_kv": "220 kV", "operator_show": "TenneT TSO", "name_show": "3022" }, "geometry": { "type": "LineString", "coordinates": [ [ 8.0563347, 53.3332462 ], [ 8.0547276, 53.3338407 ] ] } },
{ "type": "Feature", "properties": { "voltage_kv": "220 kV", "operator_show": "–", "name_show": "–" }, "geometry": { "type": "LineString", "coordinates": [ [ 6.9908181, 49.373962 ], [ 6.9933725, 49.3735686 ] ] } },
{ "type": "Feature", "properties": { "voltage_kv": "220 kV", "operator_show": "–", "name_show": "–" }, "geometry": { "type": "LineString", "coordinates": [ [ 7.3191419, 49.306371199999987 ], [ 7.3170834, 49.3063915 ] ] } },
{ "type": "Feature", "properties": { "voltage_kv": "220 kV", "operator_show": "RWE", "name_show": "–" }, "geometry": { "type": "LineString", "coordinates": [ [ 7.2402915, 49.356995599999976 ], [ 7.2406935, 49.356181299999989 ] ] } },
{ "type": "Feature", "properties": { "voltage_kv": "220 kV", "operator_show": "–", "name_show": "–" }, "geometry": { "type": "LineString", "coordinates": [ [ 7.0112231, 49.383691800000015 ], [ 7.0118438, 49.385504199999986 ] ] } },
{ "type": "Feature", "properties": { "voltage_kv": "220 kV", "operator_show": "–", "name_show": "–" }, "geometry": { "type": "LineString", "coordinates": [ [ 7.0112231, 49.383691800000015 ], [ 7.009968, 49.385222 ] ] } },
{ "type": "Feature", "properties": { "voltage_kv": "220 kV", "operator_show": "–", "name_show": "–" }, "geometry": { "type": "LineString", "coordinates": [ [ 6.7163233, 51.5258973 ], [ 6.7177275, 51.5249017 ] ] } },
{ "type": "Feature", "properties": { "voltage_kv": "220 kV; 110 kV", "operator_show": "RWE", "name_show": "–" }, "geometry": { "type": "LineString", "coordinates": [ [ 6.7264064, 51.5195796 ], [ 6.7176963, 51.5260284 ] ] } },
{ "type": "Feature", "properties": { "voltage_kv": "220 kV; 110 kV", "operator_show": "RWE", "name_show": "–" }, "geometry": { "type": "LineString", "coordinates": [ [ 6.7177275, 51.5249017 ], [ 6.7184809, 51.5225757 ] ] } },
{ "type": "Feature", "properties": { "voltage_kv": "220 kV", "operator_show": "RWE", "name_show": "–" }, "geometry": { "type": "LineString", "coordinates": [ [ 6.684384, 51.5748504 ], [ 6.6834488, 51.5753975 ] ] } },
{ "type": "Feature", "properties": { "voltage_kv": "220 kV", "operator_show": "RWE", "name_show": "–" }, "geometry": { "type": "LineString", "coordinates": [ [ 6.6827134, 51.5758502 ], [ 6.6828624, 51.5758076 ] ] } },
{ "type": "Feature", "properties": { "voltage_kv": "220 kV; 110 kV", "operator_show": "RWE", "name_show": "–" }, "geometry": { "type": "LineString", "coordinates": [ [ 6.7189885, 51.5204285 ], [ 6.7184809, 51.5225757 ] ] } },
{ "type": "Feature", "properties": { "voltage_kv": "220 kV", "operator_show": "RWE", "name_show": "–" }, "geometry": { "type": "LineString", "coordinates": [ [ 6.7176963, 51.5260284 ], [ 6.7163233, 51.5258973 ] ] } },
{ "type": "Feature", "properties": { "voltage_kv": "220 kV; 110 kV", "operator_show": "RWE", "name_show": "–" }, "geometry": { "type": "LineString", "coordinates": [ [ 6.6795258, 51.6372136 ], [ 6.6837315, 51.640628099999979 ] ] } },
{ "type": "Feature", "properties": { "voltage_kv": "220 kV; 110 kV", "operator_show": "RWE", "name_show": "–" }, "geometry": { "type": "LineString", "coordinates": [ [ 6.7306271, 51.5199485 ], [ 6.7264064, 51.5195796 ] ] } },
{ "type": "Feature", "properties": { "voltage_kv": "220 kV; 110 kV", "operator_show": "RWE", "name_show": "–" }, "geometry": { "type": "LineString", "coordinates": [ [ 6.6872439, 51.6322632 ], [ 6.7604899, 51.5753265 ] ] } },
{ "type": "Feature", "properties": { "voltage_kv": "220 kV", "operator_show": "–", "name_show": "–" }, "geometry": { "type": "LineString", "coordinates": [ [ 7.0017161, 49.3731188 ], [ 6.9997796, 49.3746425 ] ] } },
{ "type": "Feature", "properties": { "voltage_kv": "220 kV; 110 kV", "operator_show": "RWE", "name_show": "–" }, "geometry": { "type": "LineString", "coordinates": [ [ 6.6855082, 51.637858099999981 ], [ 6.6862497, 51.6352535 ] ] } },
{ "type": "Feature", "properties": { "voltage_kv": "220 kV; 110 kV", "operator_show": "RWE", "name_show": "–" }, "geometry": { "type": "LineString", "coordinates": [ [ 6.6862497, 51.6352535 ], [ 6.6872439, 51.6322632 ] ] } },
{ "type": "Feature", "properties": { "voltage_kv": "220 kV; 110 kV", "operator_show": "RWE", "name_show": "–" }, "geometry": { "type": "LineString", "coordinates": [ [ 6.6857735, 51.6350295 ], [ 6.65864, 51.5846322 ] ] } },
{ "type": "Feature", "properties": { "voltage_kv": "220 kV; 110 kV", "operator_show": "RWE", "name_show": "–" }, "geometry": { "type": "LineString", "coordinates": [ [ 6.684976, 51.6377995 ], [ 6.6857735, 51.6350295 ] ] } },
{ "type": "Feature", "properties": { "voltage_kv": "220 kV", "operator_show": "Amprion", "name_show": "220 kV Heisdorf - Trier Süd" }, "geometry": { "type": "LineString", "coordinates": [ [ 6.5760169, 49.7686746 ], [ 6.578589, 49.7689414 ] ] } },
{ "type": "Feature", "properties": { "voltage_kv": "220 kV", "operator_show": "Amprion", "name_show": "220 kV Heisdorf - Quint Nord" }, "geometry": { "type": "LineString", "coordinates": [ [ 6.5771198, 49.7705766 ], [ 6.5760169, 49.7686746 ] ] } },
{ "type": "Feature", "properties": { "voltage_kv": "220 kV", "operator_show": "RWE", "name_show": "220 kV Niederstedem West" }, "geometry": { "type": "LineString", "coordinates": [ [ 6.5771198, 49.7705766 ], [ 6.578589, 49.7689414 ] ] } },
{ "type": "Feature", "properties": { "voltage_kv": "220 kV; 0 kV", "operator_show": "Amprion", "name_show": "Iller Ltg." }, "geometry": { "type": "LineString", "coordinates": [ [ 10.0546761, 48.3111892 ], [ 9.8884777, 48.302468 ] ] } },
{ "type": "Feature", "properties": { "voltage_kv": "220 kV", "operator_show": "Amprion", "name_show": "Dellmensingen Ost" }, "geometry": { "type": "LineString", "coordinates": [ [ 9.8870686, 48.302189499999976 ], [ 9.8874269, 48.3036267 ] ] } },
{ "type": "Feature", "properties": { "voltage_kv": "220 kV", "operator_show": "RWE", "name_show": "Iller Ltg." }, "geometry": { "type": "LineString", "coordinates": [ [ 10.0648626, 48.272396799999989 ], [ 10.0649832, 48.2728728 ] ] } },
{ "type": "Feature", "properties": { "voltage_kv": "220 kV", "operator_show": "RWE", "name_show": "Iller Ltg." }, "geometry": { "type": "LineString", "coordinates": [ [ 10.0832804, 48.2679407 ], [ 10.0763383, 48.264895899999985 ] ] } },
{ "type": "Feature", "properties": { "voltage_kv": "220 kV", "operator_show": "RWE", "name_show": "–" }, "geometry": { "type": "LineString", "coordinates": [ [ 10.0859508, 48.2652181 ], [ 10.0845176, 48.2677659 ] ] } },
{ "type": "Feature", "properties": { "voltage_kv": "220 kV", "operator_show": "RWE", "name_show": "220kV Hochlarmark Ost+West" }, "geometry": { "type": "LineString", "coordinates": [ [ 7.0627934, 51.6387901 ], [ 7.0535013, 51.6466992 ] ] } },
{ "type": "Feature", "properties": { "voltage_kv": "220 kV; 0 kV", "operator_show": "RWE", "name_show": "220kV Elmenhorst Süd+ANK" }, "geometry": { "type": "LineString", "coordinates": [ [ 7.3667888, 51.627995 ], [ 7.3727973, 51.631494399999987 ] ] } },
{ "type": "Feature", "properties": { "voltage_kv": "220 kV", "operator_show": "RWE", "name_show": "220 kV Niederaußem 2b; Rommerskirchen Ost" }, "geometry": { "type": "LineString", "coordinates": [ [ 6.6980218, 50.9761948 ], [ 6.6994739, 50.974868299999983 ] ] } },
{ "type": "Feature", "properties": { "voltage_kv": "220 kV; 0 kV", "operator_show": "RWE", "name_show": "220 kV Niederaußem 1a|3c" }, "geometry": { "type": "LineString", "coordinates": [ [ 6.6994739, 50.974868299999983 ], [ 6.7003533, 51.0033694 ] ] } },
{ "type": "Feature", "properties": { "voltage_kv": "220 kV; 0 kV", "operator_show": "Amprion", "name_show": "220kV Elmenhorst Süd" }, "geometry": { "type": "LineString", "coordinates": [ [ 7.3727973, 51.631494399999987 ], [ 7.413324, 51.6435046 ] ] } },
{ "type": "Feature", "properties": { "voltage_kv": "220 kV", "operator_show": "RWE", "name_show": "220kV Cappenberg Nord" }, "geometry": { "type": "LineString", "coordinates": [ [ 7.3667888, 51.627995 ], [ 7.3688186, 51.6297475 ] ] } },
{ "type": "Feature", "properties": { "voltage_kv": "220 kV; 0 kV", "operator_show": "Amprion", "name_show": "–" }, "geometry": { "type": "LineString", "coordinates": [ [ 7.413324, 51.6435046 ], [ 7.4567808, 51.659875799999988 ] ] } },
{ "type": "Feature", "properties": { "voltage_kv": "220 kV; 110 kV", "operator_show": "RWE", "name_show": "–" }, "geometry": { "type": "LineString", "coordinates": [ [ 6.4415522, 51.239246 ], [ 6.517865, 51.3216033 ] ] } },
{ "type": "Feature", "properties": { "voltage_kv": "220 kV; 110 kV", "operator_show": "RWE", "name_show": "–" }, "geometry": { "type": "LineString", "coordinates": [ [ 6.4375562, 51.2327783 ], [ 6.4415522, 51.239246 ] ] } },
{ "type": "Feature", "properties": { "voltage_kv": "220 kV; 110 kV", "operator_show": "RWE", "name_show": "220 kV Niederaußem 1a|2b" }, "geometry": { "type": "LineString", "coordinates": [ [ 6.6703493, 50.9903237 ], [ 6.667447, 50.989185 ] ] } },
{ "type": "Feature", "properties": { "voltage_kv": "220 kV", "operator_show": "RWE", "name_show": "220 kV Niederaußem 5e" }, "geometry": { "type": "LineString", "coordinates": [ [ 6.6702049, 50.991775799999985 ], [ 6.672534, 50.9914342 ] ] } },
{ "type": "Feature", "properties": { "voltage_kv": "220 kV", "operator_show": "RWE", "name_show": "220 kV Niederaußem 4d" }, "geometry": { "type": "LineString", "coordinates": [ [ 6.6694996, 50.9915553 ], [ 6.6703493, 50.9903237 ] ] } },
{ "type": "Feature", "properties": { "voltage_kv": "220 kV; 110 kV", "operator_show": "RWE", "name_show": "220 kV Niederaußem 3c|4d" }, "geometry": { "type": "LineString", "coordinates": [ [ 6.6681799, 50.989846 ], [ 6.6703493, 50.9903237 ] ] } },
{ "type": "Feature", "properties": { "voltage_kv": "220 kV", "operator_show": "RWE", "name_show": "–" }, "geometry": { "type": "LineString", "coordinates": [ [ 6.3284882, 51.2417032 ], [ 6.3290128, 51.2423796 ] ] } },
{ "type": "Feature", "properties": { "voltage_kv": "220 kV", "operator_show": "–", "name_show": "–" }, "geometry": { "type": "LineString", "coordinates": [ [ 7.0042136, 49.3767429 ], [ 7.0112231, 49.383691800000015 ] ] } },
{ "type": "Feature", "properties": { "voltage_kv": "220 kV", "operator_show": "–", "name_show": "–" }, "geometry": { "type": "LineString", "coordinates": [ [ 6.9994432, 49.3755723 ], [ 7.0042136, 49.3767429 ] ] } },
{ "type": "Feature", "properties": { "voltage_kv": "220 kV", "operator_show": "–", "name_show": "–" }, "geometry": { "type": "LineString", "coordinates": [ [ 7.0017012, 49.376448599999989 ], [ 7.0042136, 49.3767429 ] ] } },
{ "type": "Feature", "properties": { "voltage_kv": "220 kV", "operator_show": "RWE", "name_show": "Stockum Ost+West" }, "geometry": { "type": "LineString", "coordinates": [ [ 6.7328972, 51.4596697 ], [ 6.7322764, 51.45971 ] ] } },
{ "type": "Feature", "properties": { "voltage_kv": "220 kV", "operator_show": "Amprion", "name_show": "–" }, "geometry": { "type": "LineString", "coordinates": [ [ 6.6154122, 51.4757913 ], [ 6.6171857, 51.4767827 ] ] } },
{ "type": "Feature", "properties": { "voltage_kv": "220 kV; 110 kV", "operator_show": "RWE", "name_show": "–" }, "geometry": { "type": "LineString", "coordinates": [ [ 7.1681809, 51.3922644 ], [ 7.1640237, 51.3946252 ] ] } },
{ "type": "Feature", "properties": { "voltage_kv": "220 kV", "operator_show": "Amprion", "name_show": "Trafo 421" }, "geometry": { "type": "LineString", "coordinates": [ [ 7.1654542, 51.388488 ], [ 7.1679615, 51.3892771 ] ] } },
{ "type": "Feature", "properties": { "voltage_kv": "220 kV; 110 kV", "operator_show": "RWE", "name_show": "–" }, "geometry": { "type": "LineString", "coordinates": [ [ 7.2812396, 51.47529309999998 ], [ 7.2847169, 51.489255299999982 ] ] } },
{ "type": "Feature", "properties": { "voltage_kv": "220 kV", "operator_show": "TenneT TSO", "name_show": "–" }, "geometry": { "type": "LineString", "coordinates": [ [ 8.8726099, 53.1849108 ], [ 9.21872, 53.14837 ], [ 9.2495926, 53.1169799 ] ] } },
{ "type": "Feature", "properties": { "voltage_kv": "220 kV; 110 kV", "operator_show": "Amprion;Westnetz", "name_show": "–" }, "geometry": { "type": "LineString", "coordinates": [ [ 7.1671407, 51.380382899999987 ], [ 7.1677323, 51.3865265 ] ] } },
{ "type": "Feature", "properties": { "voltage_kv": "220 kV", "operator_show": "RWE", "name_show": "220kV Gladbeck West" }, "geometry": { "type": "LineString", "coordinates": [ [ 7.1230627, 51.4507432 ], [ 7.1244493, 51.4509146 ] ] } },
{ "type": "Feature", "properties": { "voltage_kv": "220 kV", "operator_show": "RWE", "name_show": "220kV Herne 1A" }, "geometry": { "type": "LineString", "coordinates": [ [ 7.1226743, 51.4511189 ], [ 7.1242255, 51.451153799999979 ] ] } },
{ "type": "Feature", "properties": { "voltage_kv": "220 kV", "operator_show": "RWE", "name_show": "220kV Herdecke Süd" }, "geometry": { "type": "LineString", "coordinates": [ [ 7.1233805, 51.450407599999984 ], [ 7.1247951, 51.4505831 ] ] } },
{ "type": "Feature", "properties": { "voltage_kv": "220 kV", "operator_show": "RWE", "name_show": "220kV Itterbach West" }, "geometry": { "type": "LineString", "coordinates": [ [ 7.1240753, 51.449708700000016 ], [ 7.1252931, 51.4500827 ] ] } },
{ "type": "Feature", "properties": { "voltage_kv": "220 kV", "operator_show": "RWE", "name_show": "220kV Bochum West" }, "geometry": { "type": "LineString", "coordinates": [ [ 7.1226743, 51.4511189 ], [ 7.1241011, 51.4512819 ] ] } },
{ "type": "Feature", "properties": { "voltage_kv": "220 kV", "operator_show": "RWE", "name_show": "220kV Itterbach Ost+West" }, "geometry": { "type": "LineString", "coordinates": [ [ 7.1240753, 51.449708700000016 ], [ 7.1220893, 51.4462694 ] ] } },
{ "type": "Feature", "properties": { "voltage_kv": "220 kV", "operator_show": "RWE", "name_show": "220kV Herdecke Nord+Süd" }, "geometry": { "type": "LineString", "coordinates": [ [ 7.1233805, 51.450407599999984 ], [ 7.1201016, 51.4485597 ] ] } },
{ "type": "Feature", "properties": { "voltage_kv": "220 kV", "operator_show": "Amprion", "name_show": "220kV Pöppinghausen Ost" }, "geometry": { "type": "LineString", "coordinates": [ [ 7.1687555, 51.3888295 ], [ 7.1682537, 51.388305699999982 ] ] } },
{ "type": "Feature", "properties": { "voltage_kv": "220 kV", "operator_show": "Amprion", "name_show": "–" }, "geometry": { "type": "LineString", "coordinates": [ [ 7.1682537, 51.388305699999982 ], [ 7.1677323, 51.3865265 ] ] } },
{ "type": "Feature", "properties": { "voltage_kv": "220 kV", "operator_show": "Amprion", "name_show": "220kV Laer West+Pöppinghausen Ost" }, "geometry": { "type": "LineString", "coordinates": [ [ 7.1671407, 51.380382899999987 ], [ 7.1684523, 51.3789275 ] ] } },
{ "type": "Feature", "properties": { "voltage_kv": "220 kV", "operator_show": "Amprion", "name_show": "–" }, "geometry": { "type": "LineString", "coordinates": [ [ 7.1684523, 51.3789275 ], [ 7.1890594, 51.376205899999988 ] ] } },
{ "type": "Feature", "properties": { "voltage_kv": "220 kV", "operator_show": "RWE", "name_show": "–" }, "geometry": { "type": "LineString", "coordinates": [ [ 6.8274843, 51.1616741 ], [ 6.8272678, 51.1621285 ] ] } },
{ "type": "Feature", "properties": { "voltage_kv": "220 kV", "operator_show": "RWE", "name_show": "220kV Eller West+Itterbach West" }, "geometry": { "type": "LineString", "coordinates": [ [ 6.8244825, 51.1654888 ], [ 6.8258932, 51.164038499999982 ] ] } },
{ "type": "Feature", "properties": { "voltage_kv": "220 kV", "operator_show": "–", "name_show": "Norf West, Zons West" }, "geometry": { "type": "LineString", "coordinates": [ [ 6.7714693, 51.1457356 ], [ 6.7708399, 51.1439005 ] ] } },
{ "type": "Feature", "properties": { "voltage_kv": "220 kV", "operator_show": "Amprion", "name_show": "220 kV Norf Ost" }, "geometry": { "type": "LineString", "coordinates": [ [ 6.801645, 51.1258282 ], [ 6.8010546, 51.1270986 ] ] } },
{ "type": "Feature", "properties": { "voltage_kv": "220 kV", "operator_show": "TenneT TSO", "name_show": "–" }, "geometry": { "type": "LineString", "coordinates": [ [ 12.7498053, 48.1499755 ], [ 12.7481269, 48.1488065 ] ] } },
{ "type": "Feature", "properties": { "voltage_kv": "220 kV", "operator_show": "TenneT TSO GmbH", "name_show": "Pirach - St. Peter;Pirach - Pleinting" }, "geometry": { "type": "LineString", "coordinates": [ [ 12.7498053, 48.1499755 ], [ 12.7605036, 48.2022888 ], [ 12.8102138, 48.2327626 ], [ 12.8651391, 48.3295815 ] ] } },
{ "type": "Feature", "properties": { "voltage_kv": "220 kV", "operator_show": "Amprion", "name_show": "Bixterheide Nord" }, "geometry": { "type": "LineString", "coordinates": [ [ 7.6024747, 51.3461062 ], [ 7.597305, 51.348221799999983 ] ] } },
{ "type": "Feature", "properties": { "voltage_kv": "220 kV", "operator_show": "Amprion", "name_show": "Bigge West" }, "geometry": { "type": "LineString", "coordinates": [ [ 7.6025921, 51.3453578 ], [ 7.597305, 51.348221799999983 ] ] } },
{ "type": "Feature", "properties": { "voltage_kv": "220 kV", "operator_show": "Amprion", "name_show": "220kV Bixterheide Nord+Bigge Ost" }, "geometry": { "type": "LineString", "coordinates": [ [ 7.6035626, 51.3481601 ], [ 7.6024747, 51.3461062 ] ] } },
{ "type": "Feature", "properties": { "voltage_kv": "220 kV", "operator_show": "RWE", "name_show": "220kV Bigge West" }, "geometry": { "type": "LineString", "coordinates": [ [ 7.5083606, 51.40224929999998 ], [ 7.5067142, 51.402351 ] ] } },
{ "type": "Feature", "properties": { "voltage_kv": "220 kV", "operator_show": "ENERVIE Vernetzt", "name_show": "220kV Südleitung" }, "geometry": { "type": "LineString", "coordinates": [ [ 7.508188, 51.402602 ], [ 7.507509, 51.401794700000011 ] ] } },
{ "type": "Feature", "properties": { "voltage_kv": "220 kV", "operator_show": "ENERVIE Vernetzt", "name_show": "220kV Nordleitung" }, "geometry": { "type": "LineString", "coordinates": [ [ 7.508188, 51.402602 ], [ 7.507159, 51.4020282 ] ] } },
{ "type": "Feature", "properties": { "voltage_kv": "220 kV", "operator_show": "RWE", "name_show": "220kV Bixterheide Nord" }, "geometry": { "type": "LineString", "coordinates": [ [ 7.5083606, 51.40224929999998 ], [ 7.5065795, 51.402458499999987 ] ] } },
{ "type": "Feature", "properties": { "voltage_kv": "220 kV", "operator_show": "RWE", "name_show": "220 kV Niederaußem 5e" }, "geometry": { "type": "LineString", "coordinates": [ [ 6.70572, 51.003998599999974 ], [ 6.6970489, 51.0039151 ] ] } },
{ "type": "Feature", "properties": { "voltage_kv": "220 kV", "operator_show": "RWE", "name_show": "220 kV Rommerskirchen Ost" }, "geometry": { "type": "LineString", "coordinates": [ [ 6.7004569, 51.005175799999989 ], [ 6.6998613, 51.0033702 ] ] } },
{ "type": "Feature", "properties": { "voltage_kv": "220 kV", "operator_show": "Amprion", "name_show": "–" }, "geometry": { "type": "LineString", "coordinates": [ [ 6.71951, 51.0050474 ], [ 6.7147233, 51.004911400000012 ] ] } },
{ "type": "Feature", "properties": { "voltage_kv": "220 kV; 0 kV", "operator_show": "RWE", "name_show": "220 kV Niederaußem 1a|2b" }, "geometry": { "type": "LineString", "coordinates": [ [ 6.7010231, 51.0031229 ], [ 6.6934171, 51.0028644 ] ] } },
{ "type": "Feature", "properties": { "voltage_kv": "220 kV", "operator_show": "Amprion", "name_show": "–" }, "geometry": { "type": "LineString", "coordinates": [ [ 6.713905, 51.0047618 ], [ 6.7147233, 51.004911400000012 ] ] } },
{ "type": "Feature", "properties": { "voltage_kv": "220 kV; 0 kV", "operator_show": "RWE", "name_show": "220 kV Niederaußem 3c|4d" }, "geometry": { "type": "LineString", "coordinates": [ [ 6.6999263, 51.0035673 ], [ 6.6934171, 51.0028644 ] ] } },
{ "type": "Feature", "properties": { "voltage_kv": "220 kV", "operator_show": "RWE", "name_show": "220 kV Niederaußem 4d|5e;Stommeln Nord" }, "geometry": { "type": "LineString", "coordinates": [ [ 6.9303229, 51.0327345 ], [ 6.9339523, 51.03547780000001 ] ] } },
{ "type": "Feature", "properties": { "voltage_kv": "220 kV", "operator_show": "RWE", "name_show": "220 kV Frixheim Süd; Niederaußem 5e" }, "geometry": { "type": "LineString", "coordinates": [ [ 6.8536983, 51.0241549 ], [ 6.8541511, 51.0238621 ] ] } },
{ "type": "Feature", "properties": { "voltage_kv": "220 kV", "operator_show": "Amprion", "name_show": "220 kV Kasselberg Süd;Niederaußem 4d|5e;Stommeln Nord" }, "geometry": { "type": "LineString", "coordinates": [ [ 6.9339523, 51.03547780000001 ], [ 6.9607603, 51.0500018 ] ] } },
{ "type": "Feature", "properties": { "voltage_kv": "220 kV", "operator_show": "Amprion", "name_show": "220 kV Frixheim Nord" }, "geometry": { "type": "LineString", "coordinates": [ [ 6.7018867, 51.010620099999983 ], [ 6.7016709, 51.0108728 ] ] } },
{ "type": "Feature", "properties": { "voltage_kv": "220 kV", "operator_show": "RWE", "name_show": "–" }, "geometry": { "type": "LineString", "coordinates": [ [ 6.6819446, 51.6490772 ], [ 6.6836285, 51.6464633 ] ] } },
{ "type": "Feature", "properties": { "voltage_kv": "220 kV; 110 kV", "operator_show": "TenneT TSO GmbH;E.ON Netz GmbH", "name_show": "Ludersheim - Schwandorf;Lauterhofen - Neumarkt" }, "geometry": { "type": "LineString", "coordinates": [ [ 11.3283698, 49.395582 ], [ 11.5993344, 49.394894599999979 ] ] } },
{ "type": "Feature", "properties": { "voltage_kv": "220 kV", "operator_show": "TenneT TSO GmbH", "name_show": "Ludersheim - Raitersaich" }, "geometry": { "type": "LineString", "coordinates": [ [ 11.3276628, 49.39570040000001 ], [ 11.3264019, 49.3943971 ] ] } },
{ "type": "Feature", "properties": { "voltage_kv": "220 kV", "operator_show": "TenneT TSO", "name_show": "–" }, "geometry": { "type": "LineString", "coordinates": [ [ 8.7368483, 50.1582567 ], [ 8.73782, 50.1585408 ] ] } },
{ "type": "Feature", "properties": { "voltage_kv": "225 kV", "operator_show": "RTE", "name_show": "Liaison 225 kV n°1 Eichstetten - Vogelgrün" }, "geometry": { "type": "LineString", "coordinates": [ [ 7.5877767, 48.0144851 ], [ 7.5728899, 48.0183304 ] ] } },
{ "type": "Feature", "properties": { "voltage_kv": "220 kV", "operator_show": "TenneT", "name_show": "–" }, "geometry": { "type": "LineString", "coordinates": [ [ 9.115573, 52.542049 ], [ 9.1155302, 52.543099599999984 ] ] } },
{ "type": "Feature", "properties": { "voltage_kv": "220 kV", "operator_show": "TenneT", "name_show": "–" }, "geometry": { "type": "LineString", "coordinates": [ [ 9.115573, 52.542049 ], [ 9.1157653, 52.5430984 ] ] } },
{ "type": "Feature", "properties": { "voltage_kv": "220 kV", "operator_show": "TenneT", "name_show": "Leitung 2010" }, "geometry": { "type": "LineString", "coordinates": [ [ 9.137948, 52.847027 ], [ 9.088526, 52.733246 ], [ 8.994434, 52.627262 ], [ 8.983126, 52.581117 ], [ 9.0333121, 52.555041599999988 ] ] } },
{ "type": "Feature", "properties": { "voltage_kv": "220 kV", "operator_show": "–", "name_show": "Ltg 275 Bentwisch - Güstrow und Ltg 317 Lüdershagen - Güstrow" }, "geometry": { "type": "LineString", "coordinates": [ [ 12.218664, 54.11261 ], [ 12.2089256, 54.0637518 ], [ 12.0891001, 54.01238870000001 ], [ 12.075466, 53.933752 ], [ 12.076474, 53.88476 ], [ 12.1817747, 53.8154964 ] ] } },
{ "type": "Feature", "properties": { "voltage_kv": "220 kV; 30 kV", "operator_show": "Amprion", "name_show": "–" }, "geometry": { "type": "LineString", "coordinates": [ [ 7.8303788, 52.4646777 ], [ 7.8270571, 52.4620929 ] ] } },
{ "type": "Feature", "properties": { "voltage_kv": "220 kV", "operator_show": "–", "name_show": "–" }, "geometry": { "type": "LineString", "coordinates": [ [ 7.8303788, 52.4646777 ], [ 7.840079, 52.466876 ] ] } },
{ "type": "Feature", "properties": { "voltage_kv": "220 kV", "operator_show": "Amprion", "name_show": "–" }, "geometry": { "type": "LineString", "coordinates": [ [ 7.3073884, 52.4769376 ], [ 7.3090156, 52.4749096 ] ] } },
{ "type": "Feature", "properties": { "voltage_kv": "220 kV", "operator_show": "TenneT TSO", "name_show": "–" }, "geometry": { "type": "LineString", "coordinates": [ [ 8.0528349, 53.33395040000002 ], [ 8.050967, 53.334622 ] ] } },
{ "type": "Feature", "properties": { "voltage_kv": "220 kV", "operator_show": "TenneT TSO", "name_show": "–" }, "geometry": { "type": "LineString", "coordinates": [ [ 8.050967, 53.334622 ], [ 8.0529867, 53.334048 ] ] } },
{ "type": "Feature", "properties": { "voltage_kv": "220 kV", "operator_show": "TenneT", "name_show": "–" }, "geometry": { "type": "LineString", "coordinates": [ [ 8.12233, 53.560432399999989 ], [ 8.1227273, 53.5599058 ] ] } },
{ "type": "Feature", "properties": { "voltage_kv": "220 kV", "operator_show": "TenneT", "name_show": "–" }, "geometry": { "type": "LineString", "coordinates": [ [ 8.1227273, 53.5599058 ], [ 8.1225479, 53.5604684 ] ] } },
{ "type": "Feature", "properties": { "voltage_kv": "220 kV", "operator_show": "TenneT TSO", "name_show": "206" }, "geometry": { "type": "LineString", "coordinates": [ [ 8.050318, 53.334097 ], [ 8.0524827, 53.3337415 ] ] } },
{ "type": "Feature", "properties": { "voltage_kv": "220 kV", "operator_show": "TransnetBW", "name_show": "–" }, "geometry": { "type": "LineString", "coordinates": [ [ 8.3115542, 49.0105354 ], [ 8.3109478, 49.0121745 ] ] } },
{ "type": "Feature", "properties": { "voltage_kv": "220 kV", "operator_show": "Amprion", "name_show": "Bienwald West" }, "geometry": { "type": "LineString", "coordinates": [ [ 8.2660518, 49.0285584 ], [ 8.2631876, 49.0305537 ] ] } },
{ "type": "Feature", "properties": { "voltage_kv": "220 kV; 220 kV; 110 kV; 110 kV", "operator_show": "Pfalzwerke", "name_show": "–" }, "geometry": { "type": "LineString", "coordinates": [ [ 8.3508127, 49.4225307 ], [ 8.3548588, 49.4263454 ] ] } },
{ "type": "Feature", "properties": { "voltage_kv": "220 kV", "operator_show": "Pfalzwerke AG", "name_show": "Pfalzwerke Leitung Rhein Nord/Süd" }, "geometry": { "type": "LineString", "coordinates": [ [ 8.3548588, 49.4263454 ], [ 8.4885359, 49.446695 ] ] } },
{ "type": "Feature", "properties": { "voltage_kv": "220 kV", "operator_show": "TenneT TSO", "name_show": "Leitung 2030" }, "geometry": { "type": "LineString", "coordinates": [ [ 9.7970823, 52.000084600000015 ], [ 9.795964, 51.999614 ] ] } },
{ "type": "Feature", "properties": { "voltage_kv": "220 kV", "operator_show": "TenneT TSO", "name_show": "Leitung 2030" }, "geometry": { "type": "LineString", "coordinates": [ [ 9.795964, 51.999614 ], [ 9.7971848, 51.9999587 ] ] } },
{ "type": "Feature", "properties": { "voltage_kv": "220 kV", "operator_show": "TenneT", "name_show": "–" }, "geometry": { "type": "LineString", "coordinates": [ [ 9.9160177, 52.3807459 ], [ 9.9161181, 52.3815126 ] ] } },
{ "type": "Feature", "properties": { "voltage_kv": "220 kV; 110 kV", "operator_show": "RWE", "name_show": "–" }, "geometry": { "type": "LineString", "coordinates": [ [ 6.684976, 51.6405641 ], [ 6.6855082, 51.637858099999981 ] ] } },
{ "type": "Feature", "properties": { "voltage_kv": "220 kV", "operator_show": "RWE", "name_show": "Pfalzdorf TR211+TR212" }, "geometry": { "type": "LineString", "coordinates": [ [ 6.6794938, 51.651625499999987 ], [ 6.6776118, 51.6539159 ] ] } },
{ "type": "Feature", "properties": { "voltage_kv": "220 kV", "operator_show": "RWE", "name_show": "–" }, "geometry": { "type": "LineString", "coordinates": [ [ 8.404265, 49.5303472 ], [ 8.4069054, 49.5294629 ] ] } },
{ "type": "Feature", "properties": { "voltage_kv": "220 kV", "operator_show": "Westnetz", "name_show": "220 kV Bigge Ost+West+ANK" }, "geometry": { "type": "LineString", "coordinates": [ [ 7.2166455, 51.2210257 ], [ 7.246813, 51.22793870000001 ] ] } },
{ "type": "Feature", "properties": { "voltage_kv": "220 kV", "operator_show": "RWE", "name_show": "220 kV Bigge Ost+West" }, "geometry": { "type": "LineString", "coordinates": [ [ 7.2155093, 51.219989899999987 ], [ 7.2166455, 51.2210257 ] ] } },
{ "type": "Feature", "properties": { "voltage_kv": "220 kV", "operator_show": "Amprion", "name_show": "220 kV Bigge Ost+West+ANK" }, "geometry": { "type": "LineString", "coordinates": [ [ 7.246813, 51.22793870000001 ], [ 7.5993241, 51.3441611 ] ] } },
{ "type": "Feature", "properties": { "voltage_kv": "220 kV; 0 kV", "operator_show": "RWE", "name_show": "–" }, "geometry": { "type": "LineString", "coordinates": [ [ 7.4016905, 51.6419229 ], [ 7.417554, 51.644685199999984 ] ] } },
{ "type": "Feature", "properties": { "voltage_kv": "220 kV; 110 kV", "operator_show": "Amprion", "name_show": "–" }, "geometry": { "type": "LineString", "coordinates": [ [ 7.712092, 51.6733963 ], [ 7.7137524, 51.6726129 ] ] } },
{ "type": "Feature", "properties": { "voltage_kv": "220 kV", "operator_show": "Amprion", "name_show": "220kV Gersteinwerk F2" }, "geometry": { "type": "LineString", "coordinates": [ [ 7.7123175, 51.6763194 ], [ 7.7139409, 51.673875199999976 ] ] } },
{ "type": "Feature", "properties": { "voltage_kv": "220 kV", "operator_show": "Amprion", "name_show": "220kV Gersteinwerk I2" }, "geometry": { "type": "LineString", "coordinates": [ [ 7.7105053, 51.6759138 ], [ 7.712092, 51.6733963 ] ] } },
{ "type": "Feature", "properties": { "voltage_kv": "220 kV", "operator_show": "Amprion", "name_show": "220kV Wambel Ost+West" }, "geometry": { "type": "LineString", "coordinates": [ [ 7.7140486, 51.67585829999998 ], [ 7.689587, 51.575795 ], [ 7.6150117, 51.544545499999977 ] ] } },
{ "type": "Feature", "properties": { "voltage_kv": "220 kV; 110 kV", "operator_show": "Amprion;Westnetz", "name_show": "–" }, "geometry": { "type": "LineString", "coordinates": [ [ 7.6432249, 51.8879708 ], [ 7.6706471, 51.787787099999989 ] ] } },
{ "type": "Feature", "properties": { "voltage_kv": "220 kV; 110 kV", "operator_show": "TenneT;Avacon Netz GmbH", "name_show": "Leitung 2008" }, "geometry": { "type": "LineString", "coordinates": [ [ 9.8873004, 52.4943154 ], [ 9.9390409, 52.4117148 ], [ 9.917425, 52.38287 ] ] } },
{ "type": "Feature", "properties": { "voltage_kv": "220 kV; 110 kV", "operator_show": "TenneT;Avacon Netz GmbH", "name_show": "Leitung 2008" }, "geometry": { "type": "LineString", "coordinates": [ [ 9.7745904, 52.5706144 ], [ 9.8873004, 52.4943154 ] ] } },
{ "type": "Feature", "properties": { "voltage_kv": "220 kV; 110 kV", "operator_show": "TenneT;Avacon Netz GmbH", "name_show": "Leitung 2008" }, "geometry": { "type": "LineString", "coordinates": [ [ 9.493384, 52.598337 ], [ 9.731929, 52.591363 ], [ 9.7745904, 52.5706144 ] ] } },
{ "type": "Feature", "properties": { "voltage_kv": "220 kV", "operator_show": "–", "name_show": "–" }, "geometry": { "type": "LineString", "coordinates": [ [ 10.3691467, 52.1667594 ], [ 10.3703269, 52.16698490000001 ] ] } },
{ "type": "Feature", "properties": { "voltage_kv": "220 kV", "operator_show": "TenneT", "name_show": "Mehrum/Gleidingen" }, "geometry": { "type": "LineString", "coordinates": [ [ 10.3680436, 52.1666866 ], [ 10.3662684, 52.166716699999988 ] ] } },
{ "type": "Feature", "properties": { "voltage_kv": "220 kV", "operator_show": "TenneT TSO", "name_show": "–" }, "geometry": { "type": "LineString", "coordinates": [ [ 12.996101, 48.2938066 ], [ 12.9981969, 48.295336 ] ] } },
{ "type": "Feature", "properties": { "voltage_kv": "220 kV", "operator_show": "TenneT TSO", "name_show": "–" }, "geometry": { "type": "LineString", "coordinates": [ [ 12.996101, 48.2938066 ], [ 12.9981969, 48.295336 ] ] } },
{ "type": "Feature", "properties": { "voltage_kv": "220 kV", "operator_show": "–", "name_show": "St. Peter - Simbach;Altheim - St. Peter" }, "geometry": { "type": "LineString", "coordinates": [ [ 13.0525449, 48.2698933 ], [ 13.080972, 48.2590456 ] ] } },
{ "type": "Feature", "properties": { "voltage_kv": "220 kV", "operator_show": "TenneT TSO", "name_show": "–" }, "geometry": { "type": "LineString", "coordinates": [ [ 13.0525449, 48.2698933 ], [ 13.0564749, 48.2715098 ] ] } },
{ "type": "Feature", "properties": { "voltage_kv": "220 kV", "operator_show": "TenneT TSO", "name_show": "–" }, "geometry": { "type": "LineString", "coordinates": [ [ 13.0588249, 48.267981199999987 ], [ 13.0525449, 48.2698933 ] ] } },
{ "type": "Feature", "properties": { "voltage_kv": "220 kV", "operator_show": "TenneT TSO GmbH", "name_show": "St. Peter - Pirach;St. Peter - Pleinting" }, "geometry": { "type": "LineString", "coordinates": [ [ 13.0588249, 48.267981199999987 ], [ 13.0812449, 48.2583773 ] ] } },
{ "type": "Feature", "properties": { "voltage_kv": "220 kV", "operator_show": "TenneT TSO", "name_show": "–" }, "geometry": { "type": "LineString", "coordinates": [ [ 13.0564749, 48.2715098 ], [ 13.0588249, 48.267981199999987 ] ] } },
{ "type": "Feature", "properties": { "voltage_kv": "220 kV", "operator_show": "TenneT TSO", "name_show": "Neufinsing - Ottenhofen" }, "geometry": { "type": "LineString", "coordinates": [ [ 11.8164695, 48.222061899999986 ], [ 11.8270193, 48.226773899999976 ] ] } },
{ "type": "Feature", "properties": { "voltage_kv": "220 kV", "operator_show": "TenneT TSO", "name_show": "–" }, "geometry": { "type": "LineString", "coordinates": [ [ 10.8450879, 49.3792968 ], [ 10.8435056, 49.3784192 ] ] } },
{ "type": "Feature", "properties": { "voltage_kv": "220 kV", "operator_show": "RWE", "name_show": "220kV Grafschaft West" }, "geometry": { "type": "LineString", "coordinates": [ [ 7.0158651, 52.1926446 ], [ 7.0158704, 52.1955272 ] ] } },
{ "type": "Feature", "properties": { "voltage_kv": "220 kV", "operator_show": "Amprion", "name_show": "–" }, "geometry": { "type": "LineString", "coordinates": [ [ 7.0285393, 52.2023766 ], [ 7.0367044, 52.2021365 ] ] } },
{ "type": "Feature", "properties": { "voltage_kv": "220 kV", "operator_show": "–", "name_show": "–" }, "geometry": { "type": "LineString", "coordinates": [ [ 6.7139536, 49.2224651 ], [ 6.7128309, 49.2314828 ] ] } },
{ "type": "Feature", "properties": { "voltage_kv": "225 kV", "operator_show": "RTE", "name_show": "Liaison 225 kV n°1 Ensdorf - Saint-Avold" }, "geometry": { "type": "LineString", "coordinates": [ [ 6.7139536, 49.2224651 ], [ 6.7016587, 49.1383645 ] ] } },
{ "type": "Feature", "properties": { "voltage_kv": "220 kV", "operator_show": "TenneT", "name_show": "Leitung 2016" }, "geometry": { "type": "LineString", "coordinates": [ [ 9.4893764, 52.3618291 ], [ 9.3207104, 52.3511864 ] ] } },
{ "type": "Feature", "properties": { "voltage_kv": "220 kV", "operator_show": "50Hertz Transmission GmbH", "name_show": "Ltg 383" }, "geometry": { "type": "LineString", "coordinates": [ [ 11.6407051, 50.5343422 ], [ 11.6378614, 50.5334347 ] ] } },
{ "type": "Feature", "properties": { "voltage_kv": "220 kV", "operator_show": "50Hertz Transmission GmbH", "name_show": "Ltg 384" }, "geometry": { "type": "LineString", "coordinates": [ [ 11.6378614, 50.5334347 ], [ 11.6432032, 50.5359233 ] ] } },
{ "type": "Feature", "properties": { "voltage_kv": "220 kV", "operator_show": "50Hertz Transmission GmbH", "name_show": "Ltg 386" }, "geometry": { "type": "LineString", "coordinates": [ [ 11.6407051, 50.5343422 ], [ 11.6397794, 50.533391299999984 ] ] } },
{ "type": "Feature", "properties": { "voltage_kv": "220 kV; 110 kV", "operator_show": "Amprion", "name_show": "220 kV Wengerohr; 110 kV Pünderich" }, "geometry": { "type": "LineString", "coordinates": [ [ 6.9098892, 49.9736418 ], [ 6.9090464, 49.9718393 ] ] } },
{ "type": "Feature", "properties": { "voltage_kv": "220 kV", "operator_show": "Amprion GmbH", "name_show": "Biblis 3c" }, "geometry": { "type": "LineString", "coordinates": [ [ 8.4172266, 49.634606599999977 ], [ 8.4164948, 49.6357156 ] ] } },
{ "type": "Feature", "properties": { "voltage_kv": "220 kV", "operator_show": "RWE", "name_show": "–" }, "geometry": { "type": "LineString", "coordinates": [ [ 8.4188508, 49.634081 ], [ 8.4190357, 49.6339729 ] ] } },
{ "type": "Feature", "properties": { "voltage_kv": "220 kV", "operator_show": "Amprion GmbH", "name_show": "Biblis 3c" }, "geometry": { "type": "LineString", "coordinates": [ [ 8.419478, 49.6377832 ], [ 8.4269436, 49.634196099999983 ] ] } },
{ "type": "Feature", "properties": { "voltage_kv": "220 kV", "operator_show": "RWE", "name_show": "–" }, "geometry": { "type": "LineString", "coordinates": [ [ 8.4175968, 49.6341821 ], [ 8.4170703, 49.634498499999978 ] ] } },
{ "type": "Feature", "properties": { "voltage_kv": "220 kV", "operator_show": "RWE", "name_show": "–" }, "geometry": { "type": "LineString", "coordinates": [ [ 8.4185818, 49.6338881 ], [ 8.4191283, 49.63428 ] ] } },
{ "type": "Feature", "properties": { "voltage_kv": "220 kV", "operator_show": "RWE", "name_show": "220 kV Kupplung 21" }, "geometry": { "type": "LineString", "coordinates": [ [ 8.4185885, 49.634695599999986 ], [ 8.4184477, 49.634597600000014 ] ] } },
{ "type": "Feature", "properties": { "voltage_kv": "220 kV", "operator_show": "RWE", "name_show": "220 kV Kupplung 22" }, "geometry": { "type": "LineString", "coordinates": [ [ 8.4172266, 49.634606599999977 ], [ 8.4175006, 49.6346194 ] ] } },
{ "type": "Feature", "properties": { "voltage_kv": "220 kV", "operator_show": "RWE", "name_show": "220 kV Trafo 422" }, "geometry": { "type": "LineString", "coordinates": [ [ 8.4160761, 49.634177 ], [ 8.4178818, 49.6331136 ] ] } },
{ "type": "Feature", "properties": { "voltage_kv": "220 kV", "operator_show": "TenneT TSO", "name_show": "Leitung 2001 Lehrte - Hardesgen" }, "geometry": { "type": "LineString", "coordinates": [ [ 9.790932, 52.001331 ], [ 9.739487, 52.064452 ], [ 9.726655, 52.156592 ], [ 9.8288118, 52.2760967 ], [ 9.9011955, 52.3049998 ], [ 9.9160177, 52.3807459 ] ] } },
{ "type": "Feature", "properties": { "voltage_kv": "220 kV", "operator_show": "–", "name_show": "Bludenz West;Dellmensingen Ost" }, "geometry": { "type": "LineString", "coordinates": [ [ 9.7529041, 47.648081099999985 ], [ 9.7762447, 47.5901991 ], [ 9.7503031, 47.5424767 ], [ 9.7902145, 47.4960927 ], [ 9.6704212, 47.3691842 ], [ 9.6133104, 47.3555794 ], [ 9.594153, 47.3078243 ], [ 9.645065, 47.2590266 ], [ 9.6465934, 47.2146872 ], [ 9.8110342, 47.143755599999984 ] ] } },
{ "type": "Feature", "properties": { "voltage_kv": "220 kV", "operator_show": "TenneT", "name_show": "–" }, "geometry": { "type": "LineString", "coordinates": [ [ 10.6364753, 53.919593199999987 ], [ 10.6400926, 53.9194529 ] ] } },
{ "type": "Feature", "properties": { "voltage_kv": "220 kV", "operator_show": "TenneT", "name_show": "–" }, "geometry": { "type": "LineString", "coordinates": [ [ 10.6364753, 53.919593199999987 ], [ 10.6400982, 53.9196239 ] ] } },
{ "type": "Feature", "properties": { "voltage_kv": "220 kV", "operator_show": "–", "name_show": "Saarwellingen - Fraulautern" }, "geometry": { "type": "LineString", "coordinates": [ [ 6.7940227, 49.3351947 ], [ 6.7965292, 49.3338441 ] ] } },
{ "type": "Feature", "properties": { "voltage_kv": "220 kV", "operator_show": "RWE", "name_show": "–" }, "geometry": { "type": "LineString", "coordinates": [ [ 6.7746201, 49.291667500000017 ], [ 6.7760147, 49.291977099999976 ] ] } },
{ "type": "Feature", "properties": { "voltage_kv": "220 kV", "operator_show": "RWE", "name_show": "–" }, "geometry": { "type": "LineString", "coordinates": [ [ 6.7760147, 49.291977099999976 ], [ 6.7745896, 49.292006099999988 ] ] } },
{ "type": "Feature", "properties": { "voltage_kv": "220 kV; 110 kV", "operator_show": "–", "name_show": "Saarwellingen - Fraulautern (neu 9/2011)" }, "geometry": { "type": "LineString", "coordinates": [ [ 6.7942993, 49.3355445 ], [ 6.7670956, 49.3593504 ] ] } },
{ "type": "Feature", "properties": { "voltage_kv": "220 kV", "operator_show": "–", "name_show": "Saarwellingen - Fraulautern (neu 9/2011)" }, "geometry": { "type": "LineString", "coordinates": [ [ 6.7970403, 49.3354461 ], [ 6.7942993, 49.3355445 ] ] } },
{ "type": "Feature", "properties": { "voltage_kv": "220 kV", "operator_show": "–", "name_show": "–" }, "geometry": { "type": "LineString", "coordinates": [ [ 6.7965292, 49.3338441 ], [ 6.7970342, 49.333398699999989 ] ] } },
{ "type": "Feature", "properties": { "voltage_kv": "220 kV; 110 kV", "operator_show": "Amprion", "name_show": "220 kV Saar Nord; 110 kV Merzig - Saarwellingen" }, "geometry": { "type": "LineString", "coordinates": [ [ 6.7655696, 49.3614501 ], [ 6.7601007, 49.3662407 ] ] } },
{ "type": "Feature", "properties": { "voltage_kv": "220 kV", "operator_show": "–", "name_show": "Saarwellingen - Fraulautern" }, "geometry": { "type": "LineString", "coordinates": [ [ 6.7659538, 49.3590408 ], [ 6.7861395, 49.338196 ] ] } },
{ "type": "Feature", "properties": { "voltage_kv": "220 kV", "operator_show": "–", "name_show": "–" }, "geometry": { "type": "LineString", "coordinates": [ [ 6.7655696, 49.3614501 ], [ 6.7670956, 49.3593504 ] ] } },
{ "type": "Feature", "properties": { "voltage_kv": "220 kV", "operator_show": "RWE", "name_show": "–" }, "geometry": { "type": "LineString", "coordinates": [ [ 6.7670956, 49.3593504 ], [ 6.7659538, 49.3590408 ] ] } },
{ "type": "Feature", "properties": { "voltage_kv": "220 kV", "operator_show": "–", "name_show": "–" }, "geometry": { "type": "LineString", "coordinates": [ [ 6.764773, 49.36106620000001 ], [ 6.7648566, 49.3602572 ] ] } },
{ "type": "Feature", "properties": { "voltage_kv": "220 kV", "operator_show": "–", "name_show": "–" }, "geometry": { "type": "LineString", "coordinates": [ [ 6.7651279, 49.3603842 ], [ 6.764773, 49.36106620000001 ] ] } },
{ "type": "Feature", "properties": { "voltage_kv": "220 kV", "operator_show": "–", "name_show": "Saarwellingen - Fraulautern" }, "geometry": { "type": "LineString", "coordinates": [ [ 6.7861395, 49.338196 ], [ 6.7940227, 49.3351947 ] ] } },
{ "type": "Feature", "properties": { "voltage_kv": "220 kV", "operator_show": "–", "name_show": "Saarwellingen - Diefflen" }, "geometry": { "type": "LineString", "coordinates": [ [ 6.7597343, 49.3661652 ], [ 6.764773, 49.36106620000001 ] ] } },
{ "type": "Feature", "properties": { "voltage_kv": "220 kV", "operator_show": "–", "name_show": "–" }, "geometry": { "type": "LineString", "coordinates": [ [ 6.7568858, 49.3649429 ], [ 6.7554278, 49.3648112 ] ] } },
{ "type": "Feature", "properties": { "voltage_kv": "220 kV", "operator_show": "–", "name_show": "–" }, "geometry": { "type": "LineString", "coordinates": [ [ 6.7543741, 49.3642052 ], [ 6.7559342, 49.3643251 ] ] } },
{ "type": "Feature", "properties": { "voltage_kv": "220 kV", "operator_show": "RWE", "name_show": "Pfalzdorf TR212" }, "geometry": { "type": "LineString", "coordinates": [ [ 6.2227278, 51.694160599999989 ], [ 6.2224587, 51.692393299999985 ] ] } },
{ "type": "Feature", "properties": { "voltage_kv": "220 kV", "operator_show": "Amprion", "name_show": "220kV Bixterheide Nord+Bigge West" }, "geometry": { "type": "LineString", "coordinates": [ [ 7.597305, 51.348221799999983 ], [ 7.5083606, 51.40224929999998 ] ] } },
{ "type": "Feature", "properties": { "voltage_kv": "220 kV", "operator_show": "TenneT TSO", "name_show": "–" }, "geometry": { "type": "LineString", "coordinates": [ [ 9.0962708, 50.1193211 ], [ 9.0596521, 50.0486663 ], [ 9.0882901, 49.9714859 ] ] } },
{ "type": "Feature", "properties": { "voltage_kv": "220 kV", "operator_show": "Austrian Power Grid AG", "name_show": "–" }, "geometry": { "type": "LineString", "coordinates": [ [ 13.7112674, 48.5199261 ], [ 13.6967641, 48.4943716 ], [ 13.4447648, 48.4344367 ] ] } },
{ "type": "Feature", "properties": { "voltage_kv": "225 kV", "operator_show": "RTE", "name_show": "Liaison 225 kV n°1 Petite-Rosselle - Sarreguemines" }, "geometry": { "type": "LineString", "coordinates": [ [ 6.8822996, 49.1966498 ], [ 6.8944305, 49.164518299999969 ], [ 7.0357513, 49.1476388 ], [ 7.0428578, 49.0869545 ] ] } },
{ "type": "Feature", "properties": { "voltage_kv": "220 kV; 110 kV", "operator_show": "Amprion", "name_show": "220 kV Osburg" }, "geometry": { "type": "LineString", "coordinates": [ [ 6.9860071, 49.379075399999977 ], [ 6.991451, 49.3772301 ] ] } },
{ "type": "Feature", "properties": { "voltage_kv": "220 kV; 110 kV", "operator_show": "RWE", "name_show": "–" }, "geometry": { "type": "LineString", "coordinates": [ [ 7.2716245, 51.579619 ], [ 7.2695744, 51.5771949 ] ] } },
{ "type": "Feature", "properties": { "voltage_kv": "220 kV", "operator_show": "RWE", "name_show": "220kV Pöppinghausen Ost+West" }, "geometry": { "type": "LineString", "coordinates": [ [ 7.2656779, 51.5720641 ], [ 7.2949724, 51.5428689 ] ] } },
{ "type": "Feature", "properties": { "voltage_kv": "220 kV", "operator_show": "–", "name_show": "–" }, "geometry": { "type": "LineString", "coordinates": [ [ 7.1794318, 51.5481415 ], [ 7.180203, 51.5474953 ] ] } },
{ "type": "Feature", "properties": { "voltage_kv": "220 kV; 110 kV", "operator_show": "RWE", "name_show": "–" }, "geometry": { "type": "LineString", "coordinates": [ [ 7.9814499, 50.8505606 ], [ 7.9429795, 50.848896 ] ] } },
{ "type": "Feature", "properties": { "voltage_kv": "220 kV", "operator_show": "–", "name_show": "Herbertingen - Tiengen" }, "geometry": { "type": "LineString", "coordinates": [ [ 9.4237851, 48.06392730000001 ], [ 9.4232304, 48.06326640000001 ] ] } },
{ "type": "Feature", "properties": { "voltage_kv": "220 kV", "operator_show": "–", "name_show": "–" }, "geometry": { "type": "LineString", "coordinates": [ [ 13.7106926, 48.5196669 ], [ 13.7112674, 48.5199261 ] ] } },
{ "type": "Feature", "properties": { "voltage_kv": "220 kV", "operator_show": "–", "name_show": "–" }, "geometry": { "type": "LineString", "coordinates": [ [ 13.7112456, 48.519437 ], [ 13.7112674, 48.5199261 ] ] } },
{ "type": "Feature", "properties": { "voltage_kv": "220 kV", "operator_show": "RWE", "name_show": "220 kV Eller West" }, "geometry": { "type": "LineString", "coordinates": [ [ 6.8028092, 51.1251145 ], [ 6.8039464, 51.1249612 ] ] } },
{ "type": "Feature", "properties": { "voltage_kv": "220 kV", "operator_show": "RWE", "name_show": "220 kV Frixheim Süd" }, "geometry": { "type": "LineString", "coordinates": [ [ 6.8026951, 51.1248949 ], [ 6.8039464, 51.1249612 ] ] } },
{ "type": "Feature", "properties": { "voltage_kv": "220 kV; 110 kV", "operator_show": "Amprion", "name_show": "220 kV Norf Ost;110 kV Nievenheim Ost|West" }, "geometry": { "type": "LineString", "coordinates": [ [ 6.7979301, 51.1281011 ], [ 6.8010546, 51.1270986 ] ] } },
{ "type": "Feature", "properties": { "voltage_kv": "220 kV", "operator_show": "RWE", "name_show": "220 kV Norf West" }, "geometry": { "type": "LineString", "coordinates": [ [ 6.8008296, 51.1256777 ], [ 6.8006006, 51.126066100000017 ] ] } },
{ "type": "Feature", "properties": { "voltage_kv": "220 kV", "operator_show": "Amprion", "name_show": "Frixheim Süd" }, "geometry": { "type": "LineString", "coordinates": [ [ 6.7101933, 51.090815 ], [ 6.7130473, 51.0910368 ] ] } },
{ "type": "Feature", "properties": { "voltage_kv": "220 kV", "operator_show": "RWE", "name_show": "220 kV Osterath West" }, "geometry": { "type": "LineString", "coordinates": [ [ 6.7079659, 51.093679 ], [ 6.7087248, 51.0906048 ] ] } },
{ "type": "Feature", "properties": { "voltage_kv": "220 kV; 0 kV", "operator_show": "Amprion", "name_show": "220 kV Neurath 1a" }, "geometry": { "type": "LineString", "coordinates": [ [ 6.703685, 51.0909761 ], [ 6.7070078, 51.0898364 ] ] } },
{ "type": "Feature", "properties": { "voltage_kv": "220 kV", "operator_show": "RWE", "name_show": "220 kV Neurath 1a" }, "geometry": { "type": "LineString", "coordinates": [ [ 6.6144404, 51.0357913 ], [ 6.6120796, 51.03451840000001 ] ] } },
{ "type": "Feature", "properties": { "voltage_kv": "220 kV", "operator_show": "–", "name_show": "Bexbach - Beeden" }, "geometry": { "type": "LineString", "coordinates": [ [ 7.2406935, 49.356181299999989 ], [ 7.2621214, 49.3111403 ], [ 7.3170834, 49.3063915 ] ] } },
{ "type": "Feature", "properties": { "voltage_kv": "220 kV", "operator_show": "RWE", "name_show": "220 kV Leuscheid Nord+Süd" }, "geometry": { "type": "LineString", "coordinates": [ [ 7.8634476, 50.7698884 ], [ 7.339415, 50.7514401 ], [ 7.1922146, 50.798322099999986 ] ] } },
{ "type": "Feature", "properties": { "voltage_kv": "220 kV", "operator_show": "RWE", "name_show": "220 kV Troisdorf Ost|West" }, "geometry": { "type": "LineString", "coordinates": [ [ 6.9797807, 50.7947903 ], [ 7.1254285, 50.8108399 ], [ 7.191805, 50.7984012 ] ] } },
{ "type": "Feature", "properties": { "voltage_kv": "220 kV", "operator_show": "TenneT TSO", "name_show": "Ingolstadt - Raitersaich" }, "geometry": { "type": "LineString", "coordinates": [ [ 11.5081272, 48.7621558 ], [ 11.5072823, 48.762084199999983 ] ] } },
{ "type": "Feature", "properties": { "voltage_kv": "220 kV", "operator_show": "TenneT TSO", "name_show": "Ingolstadt - Raitersaich" }, "geometry": { "type": "LineString", "coordinates": [ [ 11.5081272, 48.7621558 ], [ 11.5073445, 48.762404599999989 ] ] } },
{ "type": "Feature", "properties": { "voltage_kv": "220 kV", "operator_show": "RWE", "name_show": "–" }, "geometry": { "type": "LineString", "coordinates": [ [ 6.6748235, 51.3240932 ], [ 6.6743177, 51.325007899999981 ] ] } },
{ "type": "Feature", "properties": { "voltage_kv": "220 kV", "operator_show": "RWE", "name_show": "–" }, "geometry": { "type": "LineString", "coordinates": [ [ 6.6753043, 51.324205 ], [ 6.6746382, 51.3250782 ] ] } },
{ "type": "Feature", "properties": { "voltage_kv": "220 kV", "operator_show": "RWE", "name_show": "220kV Stratum West" }, "geometry": { "type": "LineString", "coordinates": [ [ 6.6758761, 51.3239503 ], [ 6.6754562, 51.3244297 ] ] } },
{ "type": "Feature", "properties": { "voltage_kv": "220 kV", "operator_show": "TenneT TSO", "name_show": "Ludersheim - Raitersaich" }, "geometry": { "type": "LineString", "coordinates": [ [ 10.8419935, 49.3861835 ], [ 11.1623541, 49.3474765 ], [ 11.3276628, 49.39570040000001 ] ] } },
{ "type": "Feature", "properties": { "voltage_kv": "220 kV", "operator_show": "TenneT TSO", "name_show": "Raitersaich - Trennfeld" }, "geometry": { "type": "LineString", "coordinates": [ [ 10.8419935, 49.3861835 ], [ 10.5231864, 49.4363939 ], [ 10.3881416, 49.4868304 ], [ 10.1615508, 49.5291998 ], [ 9.8938961, 49.626777899999986 ], [ 9.8289934, 49.751173 ], [ 9.5679286, 49.8206828 ] ] } },
{ "type": "Feature", "properties": { "voltage_kv": "220 kV", "operator_show": "TenneT TSO GmbH", "name_show": "Raitersaich - Trennfeld;Raitersaich - Ludersheim" }, "geometry": { "type": "LineString", "coordinates": [ [ 10.8454339, 49.377904899999983 ], [ 10.8419935, 49.3861835 ] ] } },
{ "type": "Feature", "properties": { "voltage_kv": "220 kV", "operator_show": "TenneT TSO", "name_show": "Raitersaich - Ludersheim" }, "geometry": { "type": "LineString", "coordinates": [ [ 10.8454339, 49.377904899999983 ], [ 10.843246, 49.376804 ] ] } },
{ "type": "Feature", "properties": { "voltage_kv": "220 kV", "operator_show": "TransnetBW", "name_show": "–" }, "geometry": { "type": "LineString", "coordinates": [ [ 7.7523604, 48.0966297 ], [ 7.7510258, 48.0976445 ] ] } },
{ "type": "Feature", "properties": { "voltage_kv": "220 kV", "operator_show": "Amprion", "name_show": "Hoheneck West" }, "geometry": { "type": "LineString", "coordinates": [ [ 8.5478621, 49.4389926 ], [ 8.6885689, 49.3371258 ] ] } },
{ "type": "Feature", "properties": { "voltage_kv": "220 kV; 110 kV", "operator_show": "–", "name_show": "–" }, "geometry": { "type": "LineString", "coordinates": [ [ 9.0766569, 49.3632469 ], [ 9.0735161, 49.3119354 ] ] } },
{ "type": "Feature", "properties": { "voltage_kv": "220 kV", "operator_show": "–", "name_show": "–" }, "geometry": { "type": "LineString", "coordinates": [ [ 9.0862579, 49.296986 ], [ 9.0915008, 49.2945973 ] ] } },
{ "type": "Feature", "properties": { "voltage_kv": "220 kV; 110 kV", "operator_show": "–", "name_show": "Anlage 5230" }, "geometry": { "type": "LineString", "coordinates": [ [ 9.0735161, 49.3119354 ], [ 9.0862579, 49.296986 ] ] } },
{ "type": "Feature", "properties": { "voltage_kv": "220 kV", "operator_show": "–", "name_show": "–" }, "geometry": { "type": "LineString", "coordinates": [ [ 9.0890693, 49.2946743 ], [ 9.0913529, 49.2944838 ] ] } },
{ "type": "Feature", "properties": { "voltage_kv": "220 kV", "operator_show": "TenneT TSO", "name_show": "Trennfeld - Aschaffenburg" }, "geometry": { "type": "LineString", "coordinates": [ [ 9.0882901, 49.9714859 ], [ 9.1399227, 49.8928764 ], [ 9.2663805, 49.830928099999987 ], [ 9.5679286, 49.8206828 ] ] } },
{ "type": "Feature", "properties": { "voltage_kv": "220 kV", "operator_show": "TransnetBW GmbH", "name_show": "–" }, "geometry": { "type": "LineString", "coordinates": [ [ 7.7545608, 48.165749 ], [ 7.7653268, 48.342834100000019 ], [ 7.9080356, 48.4988116 ] ] } },
{ "type": "Feature", "properties": { "voltage_kv": "220 kV", "operator_show": "Badenwerk", "name_show": "Elsenz" }, "geometry": { "type": "LineString", "coordinates": [ [ 8.6534943, 49.351929799999986 ], [ 8.6894493, 49.3360234 ] ] } },
{ "type": "Feature", "properties": { "voltage_kv": "220 kV", "operator_show": "Badenwerk", "name_show": "Elsenz" }, "geometry": { "type": "LineString", "coordinates": [ [ 8.6261621, 49.3564176 ], [ 8.6534943, 49.351929799999986 ] ] } },
{ "type": "Feature", "properties": { "voltage_kv": "220 kV", "operator_show": "–", "name_show": "Schwanheim Ost" }, "geometry": { "type": "LineString", "coordinates": [ [ 8.5089218, 50.033288 ], [ 8.5225377, 49.988328899999985 ], [ 8.5611256, 49.9917902 ] ] } },
{ "type": "Feature", "properties": { "voltage_kv": "220 kV", "operator_show": "–", "name_show": "Schwanheim West" }, "geometry": { "type": "LineString", "coordinates": [ [ 8.508447, 50.0334955 ], [ 8.521734, 49.9877954 ], [ 8.570245, 49.9902981 ], [ 8.5926493, 49.9674089 ], [ 8.6798603, 49.9736673 ] ] } },
{ "type": "Feature", "properties": { "voltage_kv": "220 kV", "operator_show": "Polskie Sieci Elektroenergetyczne S.A.", "name_show": "LNN 220kV \"D-218\", \"D-219\" Turów–Mikułowa VIII, IX" }, "geometry": { "type": "LineString", "coordinates": [ [ 14.9105031, 50.9496949 ], [ 14.9974716, 51.0535804 ], [ 15.110794, 51.0904418 ] ] } },
{ "type": "Feature", "properties": { "voltage_kv": "220 kV", "operator_show": "TenneT TSO", "name_show": "–" }, "geometry": { "type": "LineString", "coordinates": [ [ 8.951148, 50.08415429999998 ], [ 8.9519653, 50.084775 ] ] } },
{ "type": "Feature", "properties": { "voltage_kv": "220 kV", "operator_show": "TenneT TSO", "name_show": "–" }, "geometry": { "type": "LineString", "coordinates": [ [ 8.9586107, 50.0860088 ], [ 8.9558078, 50.085098700000017 ] ] } },
{ "type": "Feature", "properties": { "voltage_kv": "220 kV; 110 kV", "operator_show": "–", "name_show": "–" }, "geometry": { "type": "LineString", "coordinates": [ [ 8.9077023, 50.0928416 ], [ 8.8717723, 50.1304024 ] ] } },
{ "type": "Feature", "properties": { "voltage_kv": "220 kV", "operator_show": "TenneT TSO", "name_show": "–" }, "geometry": { "type": "LineString", "coordinates": [ [ 8.8726415, 50.1310226 ], [ 8.8717723, 50.1304024 ] ] } },
{ "type": "Feature", "properties": { "voltage_kv": "220 kV; 110 kV", "operator_show": "–", "name_show": "–" }, "geometry": { "type": "LineString", "coordinates": [ [ 8.7370443, 50.1603217 ], [ 8.7432606, 50.162338 ] ] } },
{ "type": "Feature", "properties": { "voltage_kv": "220 kV", "operator_show": "TenneT", "name_show": "A08 - A09" }, "geometry": { "type": "LineString", "coordinates": [ [ 8.9601257, 52.277074199999987 ], [ 8.9759098, 52.2359434 ], [ 8.9347151, 52.1933652 ] ] } },
{ "type": "Feature", "properties": { "voltage_kv": "220 kV", "operator_show": "Amprion GmbH", "name_show": "220 kV Anilin 3c|4d" }, "geometry": { "type": "LineString", "coordinates": [ [ 8.4165653, 49.6290452 ], [ 8.4149918, 49.6341985 ] ] } },
{ "type": "Feature", "properties": { "voltage_kv": "220 kV", "operator_show": "Amprion GmbH", "name_show": "Biblis 3c" }, "geometry": { "type": "LineString", "coordinates": [ [ 8.4152628, 49.6355189 ], [ 8.4216365, 49.6391597 ] ] } },
{ "type": "Feature", "properties": { "voltage_kv": "220 kV; 0 kV", "operator_show": "Amprion GmbH", "name_show": "Biblis 3c" }, "geometry": { "type": "LineString", "coordinates": [ [ 8.4228469, 49.6400407 ], [ 8.422955, 49.6399801 ] ] } },
{ "type": "Feature", "properties": { "voltage_kv": "220 kV; 0 kV", "operator_show": "Amprion GmbH", "name_show": "Biblis 3c" }, "geometry": { "type": "LineString", "coordinates": [ [ 8.4164948, 49.6357156 ], [ 8.419478, 49.6377832 ] ] } },
{ "type": "Feature", "properties": { "voltage_kv": "220 kV", "operator_show": "Amprion", "name_show": "220 kV Niederstedem Ost" }, "geometry": { "type": "LineString", "coordinates": [ [ 6.7028559, 49.8300065 ], [ 6.702354, 49.829296199999987 ] ] } },
{ "type": "Feature", "properties": { "voltage_kv": "220 kV", "operator_show": "–", "name_show": "Saarwellingen - Diefflen" }, "geometry": { "type": "LineString", "coordinates": [ [ 6.7553482, 49.3649468 ], [ 6.7569844, 49.3656152 ] ] } },
{ "type": "Feature", "properties": { "voltage_kv": "220 kV", "operator_show": "–", "name_show": "Otterbach - Beeden" }, "geometry": { "type": "LineString", "coordinates": [ [ 7.6852986, 49.487281899999985 ], [ 7.493371, 49.4375174 ], [ 7.3867949, 49.3001176 ], [ 7.321021, 49.306550399999985 ] ] } },
{ "type": "Feature", "properties": { "voltage_kv": "220 kV", "operator_show": "Amprion", "name_show": "220 kV Eller Ost+West" }, "geometry": { "type": "LineString", "coordinates": [ [ 6.8484231, 51.2047749 ], [ 6.8797647, 51.189157399999985 ] ] } },
{ "type": "Feature", "properties": { "voltage_kv": "220 kV", "operator_show": "RWE", "name_show": "Pfalzdorf TR211" }, "geometry": { "type": "LineString", "coordinates": [ [ 6.222496, 51.6941984 ], [ 6.2224587, 51.692393299999985 ] ] } },
{ "type": "Feature", "properties": { "voltage_kv": "220 kV; 110 kV", "operator_show": "RWE", "name_show": "–" }, "geometry": { "type": "LineString", "coordinates": [ [ 6.7715545, 51.5181416 ], [ 6.77089, 51.5293206 ] ] } },
{ "type": "Feature", "properties": { "voltage_kv": "220 kV", "operator_show": "50Hertz Transmission", "name_show": "Taucha-Eula" }, "geometry": { "type": "LineString", "coordinates": [ [ 12.5575004, 51.2817105 ], [ 12.525065, 51.3498078 ], [ 12.4817731, 51.365751800000012 ] ] } },
{ "type": "Feature", "properties": { "voltage_kv": "220 kV; 110 kV", "operator_show": "–", "name_show": "–" }, "geometry": { "type": "LineString", "coordinates": [ [ 7.9586112, 50.7248069 ], [ 7.9237323, 50.713093499999985 ] ] } },
{ "type": "Feature", "properties": { "voltage_kv": "220 kV", "operator_show": "–", "name_show": "–" }, "geometry": { "type": "LineString", "coordinates": [ [ 7.8684449, 50.7695251 ], [ 7.8667287, 50.768823 ] ] } },
{ "type": "Feature", "properties": { "voltage_kv": "220 kV; 110 kV", "operator_show": "–", "name_show": "–" }, "geometry": { "type": "LineString", "coordinates": [ [ 8.0478017, 50.7687841 ], [ 8.0437165, 50.763801 ] ] } },
{ "type": "Feature", "properties": { "voltage_kv": "220 kV", "operator_show": "RWE", "name_show": "–" }, "geometry": { "type": "LineString", "coordinates": [ [ 7.8684449, 50.7695251 ], [ 7.8720286, 50.7704248 ] ] } },
{ "type": "Feature", "properties": { "voltage_kv": "220 kV; 110 kV", "operator_show": "RWE", "name_show": "–" }, "geometry": { "type": "LineString", "coordinates": [ [ 8.0478017, 50.7687841 ], [ 8.0435459, 50.785155 ] ] } },
{ "type": "Feature", "properties": { "voltage_kv": "220 kV", "operator_show": "Amprion", "name_show": "–" }, "geometry": { "type": "LineString", "coordinates": [ [ 7.2789072, 51.4713564 ], [ 7.279565, 51.4714681 ] ] } },
{ "type": "Feature", "properties": { "voltage_kv": "220 kV", "operator_show": "Amprion", "name_show": "–" }, "geometry": { "type": "LineString", "coordinates": [ [ 7.2786749, 51.4718973 ], [ 7.2793355, 51.4720095 ] ] } },
{ "type": "Feature", "properties": { "voltage_kv": "220 kV", "operator_show": "Amprion", "name_show": "220kV" }, "geometry": { "type": "LineString", "coordinates": [ [ 7.278606, 51.4727674 ], [ 7.2789867, 51.4728321 ] ] } },
{ "type": "Feature", "properties": { "voltage_kv": "220 kV", "operator_show": "Amprion", "name_show": "–" }, "geometry": { "type": "LineString", "coordinates": [ [ 7.2788176, 51.4726734 ], [ 7.2796372, 51.472814 ] ] } },
{ "type": "Feature", "properties": { "voltage_kv": "220 kV", "operator_show": "TransnetBW GmbH", "name_show": "–" }, "geometry": { "type": "LineString", "coordinates": [ [ 8.5501816, 49.432438899999987 ], [ 8.5475121, 49.435867199999983 ] ] } },
{ "type": "Feature", "properties": { "voltage_kv": "220 kV", "operator_show": "RWE", "name_show": "–" }, "geometry": { "type": "LineString", "coordinates": [ [ 8.3924707, 49.5677429 ], [ 8.404265, 49.5303472 ] ] } },
{ "type": "Feature", "properties": { "voltage_kv": "220 kV", "operator_show": "RWE", "name_show": "–" }, "geometry": { "type": "LineString", "coordinates": [ [ 8.404265, 49.5303472 ], [ 8.4066639, 49.529104699999984 ] ] } },
{ "type": "Feature", "properties": { "voltage_kv": "220 kV", "operator_show": "Amprion GmbH", "name_show": "220 kV Anilin 1A|2B" }, "geometry": { "type": "LineString", "coordinates": [ [ 8.4152051, 49.634810399999985 ], [ 8.3831571, 49.5476933 ], [ 8.4063405, 49.528696 ] ] } },
{ "type": "Feature", "properties": { "voltage_kv": "220 kV", "operator_show": "RWE", "name_show": "Hoheneck West" }, "geometry": { "type": "LineString", "coordinates": [ [ 9.0247851, 49.2056583 ], [ 9.1384855, 49.145571399999987 ] ] } },
{ "type": "Feature", "properties": { "voltage_kv": "220 kV", "operator_show": "–", "name_show": "–" }, "geometry": { "type": "LineString", "coordinates": [ [ 8.6298847, 49.3529668 ], [ 8.6245688, 49.3565067 ] ] } },
{ "type": "Feature", "properties": { "voltage_kv": "220 kV", "operator_show": "TransnetBW GmbH", "name_show": "–" }, "geometry": { "type": "LineString", "coordinates": [ [ 8.538486, 49.4471053 ], [ 8.5438221, 49.451234 ] ] } },
{ "type": "Feature", "properties": { "voltage_kv": "220 kV; 0 kV", "operator_show": "Amprion GmbH", "name_show": "Amprion Leitung Rheinau Ost / West" }, "geometry": { "type": "LineString", "coordinates": [ [ 8.6195787, 49.5399742 ], [ 8.5704967, 49.498647 ] ] } },
{ "type": "Feature", "properties": { "voltage_kv": "220 kV; 220 kV; 110 kV; 110 kV", "operator_show": "TransnetBW", "name_show": "Gemeinschaftsleitung Transnet BW / MVV Netze" }, "geometry": { "type": "LineString", "coordinates": [ [ 8.5438221, 49.451234 ], [ 8.5696978, 49.4991056 ] ] } },
{ "type": "Feature", "properties": { "voltage_kv": "220 kV", "operator_show": "TransnetBW GmbH", "name_show": "Transnet BW Leitung Mannheim-Weinheim" }, "geometry": { "type": "LineString", "coordinates": [ [ 8.5696978, 49.4991056 ], [ 8.6269981, 49.5417263 ] ] } },
{ "type": "Feature", "properties": { "voltage_kv": "220 kV", "operator_show": "TransnetBW", "name_show": "–" }, "geometry": { "type": "LineString", "coordinates": [ [ 8.5029474, 49.4446018 ], [ 8.5022872, 49.4447952 ] ] } },
{ "type": "Feature", "properties": { "voltage_kv": "220 kV", "operator_show": "RWE", "name_show": "–" }, "geometry": { "type": "LineString", "coordinates": [ [ 8.0193329, 50.9246088 ], [ 8.0196937, 50.92400640000001 ] ] } },
{ "type": "Feature", "properties": { "voltage_kv": "220 kV; 110 kV", "operator_show": "RWE", "name_show": "RWE 2613 Pöppinghausen - Wanne" }, "geometry": { "type": "LineString", "coordinates": [ [ 7.2090916, 51.559605500000018 ], [ 7.2593248, 51.5716312 ] ] } },
{ "type": "Feature", "properties": { "voltage_kv": "220 kV; 110 kV", "operator_show": "Amprion;Westnetz", "name_show": "–" }, "geometry": { "type": "LineString", "coordinates": [ [ 6.7232279, 51.4913419 ], [ 6.7426604, 51.5053977 ] ] } },
{ "type": "Feature", "properties": { "voltage_kv": "220 kV", "operator_show": "TenneT", "name_show": "–" }, "geometry": { "type": "LineString", "coordinates": [ [ 10.355215, 52.175811 ], [ 10.359056, 52.176288 ] ] } },
{ "type": "Feature", "properties": { "voltage_kv": "220 kV", "operator_show": "Amprion", "name_show": "220kV Itterbach Ost" }, "geometry": { "type": "LineString", "coordinates": [ [ 7.1684735, 51.3888372 ], [ 7.1672453, 51.3881246 ] ] } },
{ "type": "Feature", "properties": { "voltage_kv": "220 kV; 110 kV", "operator_show": "Westnetz", "name_show": "–" }, "geometry": { "type": "LineString", "coordinates": [ [ 7.1672453, 51.3881246 ], [ 7.1667834, 51.3862135 ] ] } },
{ "type": "Feature", "properties": { "voltage_kv": "220 kV; 110 kV", "operator_show": "–", "name_show": "–" }, "geometry": { "type": "LineString", "coordinates": [ [ 6.6337864, 51.4965099 ], [ 6.6443314, 51.5126833 ] ] } },
{ "type": "Feature", "properties": { "voltage_kv": "220 kV", "operator_show": "RWE", "name_show": "220 kV Bigge Ost+West" }, "geometry": { "type": "LineString", "coordinates": [ [ 7.2155051, 51.218566 ], [ 7.2155093, 51.219989899999987 ] ] } },
{ "type": "Feature", "properties": { "voltage_kv": "220 kV", "operator_show": "TransnetBW GmbH", "name_show": "Daxlanden - Weier" }, "geometry": { "type": "LineString", "coordinates": [ [ 8.1001077, 48.7070611 ], [ 7.9096513, 48.5034139 ] ] } },
{ "type": "Feature", "properties": { "voltage_kv": "220 kV", "operator_show": "RWE", "name_show": "220kV LMG West" }, "geometry": { "type": "LineString", "coordinates": [ [ 6.9290505, 51.4993481 ], [ 6.9306456, 51.4978752 ] ] } },
{ "type": "Feature", "properties": { "voltage_kv": "220 kV; 110 kV", "operator_show": "RWE", "name_show": "–" }, "geometry": { "type": "LineString", "coordinates": [ [ 6.843751, 51.4951342 ], [ 6.8989894, 51.495884 ] ] } },
{ "type": "Feature", "properties": { "voltage_kv": "220 kV", "operator_show": "50Hertz", "name_show": "367;368 Vieselbach - Wolkramshausen" }, "geometry": { "type": "LineString", "coordinates": [ [ 10.7252222, 51.397519199999984 ], [ 10.7329271, 51.4391105 ] ] } },
{ "type": "Feature", "properties": { "voltage_kv": "220 kV", "operator_show": "50Hertz", "name_show": "367;368 Vieselbach - Wolkramshausen" }, "geometry": { "type": "LineString", "coordinates": [ [ 10.7386246, 51.3846212 ], [ 10.7252222, 51.397519199999984 ] ] } },
{ "type": "Feature", "properties": { "voltage_kv": "220 kV", "operator_show": "50Hertz Transmission", "name_show": "Ltg 357 und 358 Eula - Wolkramshausen" }, "geometry": { "type": "LineString", "coordinates": [ [ 11.8997132, 51.3997942 ], [ 11.5250462, 51.411099299999982 ], [ 11.4297579, 51.431579099999986 ], [ 11.2443704, 51.404584299999989 ], [ 10.9998174, 51.470310099999985 ], [ 10.931707, 51.4703934 ], [ 10.8907492, 51.438038800000015 ], [ 10.7344789, 51.4388769 ] ] } },
{ "type": "Feature", "properties": { "voltage_kv": "220 kV", "operator_show": "50Hertz Transmission", "name_show": "Ltg 231 und 232 Weida - Herlasgrün" }, "geometry": { "type": "LineString", "coordinates": [ [ 12.047853, 50.7809983 ], [ 12.0818613, 50.7864555 ], [ 12.1372, 50.722181899999988 ], [ 12.1489825, 50.6484296 ], [ 12.2449655, 50.568843299999983 ] ] } },
{ "type": "Feature", "properties": { "voltage_kv": "220 kV", "operator_show": "RWE", "name_show": "–" }, "geometry": { "type": "LineString", "coordinates": [ [ 7.3091083, 52.478139799999987 ], [ 7.3064374, 52.4801413 ] ] } },
{ "type": "Feature", "properties": { "voltage_kv": "220 kV; 110 kV", "operator_show": "RWE", "name_show": "–" }, "geometry": { "type": "LineString", "coordinates": [ [ 7.3060651, 52.4811825 ], [ 7.3064374, 52.4801413 ] ] } },
{ "type": "Feature", "properties": { "voltage_kv": "220 kV", "operator_show": "RWE", "name_show": "–" }, "geometry": { "type": "LineString", "coordinates": [ [ 7.3089197, 52.478194699999982 ], [ 7.3064374, 52.4801413 ] ] } },
{ "type": "Feature", "properties": { "voltage_kv": "220 kV", "operator_show": "Amprion", "name_show": "–" }, "geometry": { "type": "LineString", "coordinates": [ [ 8.1047042, 52.2637427 ], [ 8.1078009, 52.263327 ] ] } },
{ "type": "Feature", "properties": { "voltage_kv": "220 kV", "operator_show": "Westnetz", "name_show": "–" }, "geometry": { "type": "LineString", "coordinates": [ [ 7.1661394, 51.3776985 ], [ 7.1665174, 51.3777132 ] ] } },
{ "type": "Feature", "properties": { "voltage_kv": "220 kV; 110 kV", "operator_show": "Amprion;Westnetz", "name_show": "–" }, "geometry": { "type": "LineString", "coordinates": [ [ 7.1663309, 51.38365 ], [ 7.1665174, 51.3777132 ] ] } },
{ "type": "Feature", "properties": { "voltage_kv": "220 kV", "operator_show": "TenneT TSO", "name_show": "–" }, "geometry": { "type": "LineString", "coordinates": [ [ 8.8717723, 50.1304024 ], [ 8.8721266, 50.131071699999985 ] ] } },
{ "type": "Feature", "properties": { "voltage_kv": "220 kV; 0 kV", "operator_show": "TenneT", "name_show": "–" }, "geometry": { "type": "LineString", "coordinates": [ [ 8.633293, 52.0028684 ], [ 8.8580602, 52.1005221 ], [ 8.9308628, 52.193158700000012 ] ] } },
{ "type": "Feature", "properties": { "voltage_kv": "220 kV; 110 kV", "operator_show": "RWE", "name_show": "–" }, "geometry": { "type": "LineString", "coordinates": [ [ 7.9905009, 50.9504545 ], [ 8.0193329, 50.9246088 ] ] } },
{ "type": "Feature", "properties": { "voltage_kv": "220 kV; 110 kV", "operator_show": "Westnetz", "name_show": "–" }, "geometry": { "type": "LineString", "coordinates": [ [ 7.9831177, 50.847885699999985 ], [ 7.9814499, 50.8505606 ] ] } },
{ "type": "Feature", "properties": { "voltage_kv": "220 kV", "operator_show": "RWE", "name_show": "–" }, "geometry": { "type": "LineString", "coordinates": [ [ 8.0213864, 50.9242503 ], [ 8.0209206, 50.9237621 ] ] } },
{ "type": "Feature", "properties": { "voltage_kv": "220 kV", "operator_show": "RWE", "name_show": "–" }, "geometry": { "type": "LineString", "coordinates": [ [ 8.0213864, 50.9242503 ], [ 8.0207678, 50.9238021 ] ] } },
{ "type": "Feature", "properties": { "voltage_kv": "220 kV", "operator_show": "Amprion", "name_show": "–" }, "geometry": { "type": "LineString", "coordinates": [ [ 7.953747, 50.8881845 ], [ 7.9695049, 50.954110300000011 ] ] } },
{ "type": "Feature", "properties": { "voltage_kv": "220 kV", "operator_show": "TenneT", "name_show": "–" }, "geometry": { "type": "LineString", "coordinates": [ [ 8.0586656, 53.618546099999989 ], [ 8.059577, 53.6198198 ] ] } },
{ "type": "Feature", "properties": { "voltage_kv": "220 kV", "operator_show": "TenneT", "name_show": "–" }, "geometry": { "type": "LineString", "coordinates": [ [ 8.0586656, 53.618546099999989 ], [ 8.0597412, 53.619731700000017 ] ] } },
{ "type": "Feature", "properties": { "voltage_kv": "220 kV", "operator_show": "TenneT", "name_show": "211" }, "geometry": { "type": "LineString", "coordinates": [ [ 8.081571, 53.605233 ], [ 8.0849054, 53.6054013 ] ] } },
{ "type": "Feature", "properties": { "voltage_kv": "220 kV; 110 kV", "operator_show": "RWE", "name_show": "–" }, "geometry": { "type": "LineString", "coordinates": [ [ 7.4279902, 50.4096138 ], [ 7.4280824, 50.407013 ] ] } },
{ "type": "Feature", "properties": { "voltage_kv": "220 kV; 110 kV; 20 kV", "operator_show": "RWE", "name_show": "–" }, "geometry": { "type": "LineString", "coordinates": [ [ 7.4325581, 50.406564400000015 ], [ 7.4424374, 50.40435810000001 ] ] } },
{ "type": "Feature", "properties": { "voltage_kv": "220 kV", "operator_show": "TenneT", "name_show": "206" }, "geometry": { "type": "LineString", "coordinates": [ [ 8.079194, 52.859356 ], [ 8.0823179, 52.858715599999982 ] ] } },
{ "type": "Feature", "properties": { "voltage_kv": "220 kV", "operator_show": "TenneT", "name_show": "206" }, "geometry": { "type": "LineString", "coordinates": [ [ 8.0819832, 52.8583873 ], [ 8.079194, 52.859356 ] ] } },
{ "type": "Feature", "properties": { "voltage_kv": "220 kV", "operator_show": "TenneT", "name_show": "Voslapp" }, "geometry": { "type": "LineString", "coordinates": [ [ 8.1205593, 53.562811800000013 ], [ 8.1212854, 53.5610558 ] ] } },
{ "type": "Feature", "properties": { "voltage_kv": "220 kV", "operator_show": "RWE", "name_show": "220 kV Eller West; Frixheim Süd" }, "geometry": { "type": "LineString", "coordinates": [ [ 6.8039464, 51.1249612 ], [ 6.8274843, 51.1616741 ] ] } },
{ "type": "Feature", "properties": { "voltage_kv": "220 kV", "operator_show": "TransnetBW", "name_show": "–" }, "geometry": { "type": "LineString", "coordinates": [ [ 8.5124054, 49.291645 ], [ 8.5132833, 49.2943701 ] ] } },
{ "type": "Feature", "properties": { "voltage_kv": "220 kV", "operator_show": "TransnetBW", "name_show": "–" }, "geometry": { "type": "LineString", "coordinates": [ [ 8.5124054, 49.291645 ], [ 8.511981, 49.2929364 ] ] } },
{ "type": "Feature", "properties": { "voltage_kv": "220 kV", "operator_show": "50Hertz Transmission", "name_show": "Ltg 294 Wustermark" }, "geometry": { "type": "LineString", "coordinates": [ [ 13.7085583, 52.5404847 ], [ 13.707062, 52.541297699999987 ] ] } },
{ "type": "Feature", "properties": { "voltage_kv": "220 kV; 110 kV", "operator_show": "TenneT;Schleswig-Holstein Netz", "name_show": "–" }, "geometry": { "type": "LineString", "coordinates": [ [ 9.2367291, 53.8966013 ], [ 9.2059651, 53.89650910000001 ] ] } },
{ "type": "Feature", "properties": { "voltage_kv": "220 kV", "operator_show": "TenneT", "name_show": "–" }, "geometry": { "type": "LineString", "coordinates": [ [ 9.2059651, 53.89650910000001 ], [ 9.1988166, 53.896581 ] ] } },
{ "type": "Feature", "properties": { "voltage_kv": "220 kV", "operator_show": "TransnetBW", "name_show": "Transnet BW Leitung GKMA - GKMB" }, "geometry": { "type": "LineString", "coordinates": [ [ 8.4890756, 49.4466694 ], [ 8.4916988, 49.446460299999984 ] ] } },
{ "type": "Feature", "properties": { "voltage_kv": "220 kV", "operator_show": "–", "name_show": "–" }, "geometry": { "type": "LineString", "coordinates": [ [ 6.9997796, 49.3746425 ], [ 6.9987451, 49.3746127 ] ] } },
{ "type": "Feature", "properties": { "voltage_kv": "220 kV", "operator_show": "50Hertz Transmission", "name_show": "Ltg 313 und 314 Lubmin - Lüdershagen" }, "geometry": { "type": "LineString", "coordinates": [ [ 13.6761431, 54.1382156 ], [ 13.5380818, 54.0689083 ], [ 13.3711644, 54.0569469 ], [ 13.1719926, 54.1731475 ], [ 13.0789014, 54.2830524 ] ] } },
{ "type": "Feature", "properties": { "voltage_kv": "220 kV", "operator_show": "Polskie Sieci Elektroenergetyczne", "name_show": "LNN 220kV \"D-213\", \"D-212\" Turów–Mikułowa III, II" }, "geometry": { "type": "LineString", "coordinates": [ [ 14.913801, 50.950479 ], [ 15.1125592, 51.088709899999984 ] ] } },
{ "type": "Feature", "properties": { "voltage_kv": "220 kV", "operator_show": "50Hertz Transmission", "name_show": "318" }, "geometry": { "type": "LineString", "coordinates": [ [ 12.218809, 54.112981 ], [ 12.2141883, 54.1126313 ] ] } },
{ "type": "Feature", "properties": { "voltage_kv": "220 kV", "operator_show": "50Hertz Transmission", "name_show": "Ltg 315 Pasewalk - Güstrow und 316 Pasewalk - Iven - Güstrow" }, "geometry": { "type": "LineString", "coordinates": [ [ 14.0375848, 53.5131203 ], [ 13.9830889, 53.553535500000017 ], [ 13.7646629, 53.548719099999985 ], [ 13.6310297, 53.5836691 ], [ 13.5211434, 53.761226799999989 ], [ 13.3984749, 53.7933636 ] ] } },
{ "type": "Feature", "properties": { "voltage_kv": "220 kV", "operator_show": "50Hertz Transmission", "name_show": "Ltg 367 und 368 Vieselbach - Wolkramshausen" }, "geometry": { "type": "LineString", "coordinates": [ [ 11.1207268, 51.0022138 ], [ 11.0968847, 51.039013900000015 ], [ 10.8367266, 51.0711003 ], [ 10.7962018, 51.1212838 ], [ 10.7386246, 51.3846212 ] ] } },
{ "type": "Feature", "properties": { "voltage_kv": "220 kV", "operator_show": "50Hertz Transmission GmbH", "name_show": "Ltg 226 Niederwiesa" }, "geometry": { "type": "LineString", "coordinates": [ [ 12.8153112, 50.855168799999987 ], [ 12.8147824, 50.856063 ] ] } },
{ "type": "Feature", "properties": { "voltage_kv": "220 kV", "operator_show": "50Hertz Transmission", "name_show": "Ltg 211 und 212 Röhrsdorf - Crossen" }, "geometry": { "type": "LineString", "coordinates": [ [ 12.8123637, 50.8551932 ], [ 12.6969845, 50.8099049 ], [ 12.6271971, 50.8175422 ], [ 12.4727522, 50.770509 ], [ 12.4748468, 50.7526488 ] ] } },
{ "type": "Feature", "properties": { "voltage_kv": "220 kV", "operator_show": "50Hertz Transmission", "name_show": "Ltg 211 Crossen" }, "geometry": { "type": "LineString", "coordinates": [ [ 12.8128637, 50.8560879 ], [ 12.8123637, 50.8551932 ] ] } },
{ "type": "Feature", "properties": { "voltage_kv": "220 kV", "operator_show": "50Hertz Transmission", "name_show": "Ltg 203 Röhrsdorf - Eula und Ltg 207 Röhrsdorf - Weida" }, "geometry": { "type": "LineString", "coordinates": [ [ 12.8115043, 50.85520409999998 ], [ 12.7174692, 50.825754 ], [ 12.6478925, 50.8993365 ], [ 12.6205596, 51.060055399999989 ], [ 12.5667176, 51.0781507 ] ] } },
{ "type": "Feature", "properties": { "voltage_kv": "220 kV", "operator_show": "50Hertz Transmission", "name_show": "Ltg 203 Eula - Röhrsdorf und Ltg 208 Eula - Weida" }, "geometry": { "type": "LineString", "coordinates": [ [ 12.5187778, 51.1550363 ], [ 12.5580334, 51.1297781 ], [ 12.5653765, 51.0791247 ] ] } },
{ "type": "Feature", "properties": { "voltage_kv": "220 kV", "operator_show": "50Hertz Transmission", "name_show": "Ltg 203 Eula" }, "geometry": { "type": "LineString", "coordinates": [ [ 12.8120095, 50.8560924 ], [ 12.8115043, 50.85520409999998 ] ] } },
{ "type": "Feature", "properties": { "voltage_kv": "220 kV", "operator_show": "–", "name_show": "Schwanheim Ost + West" }, "geometry": { "type": "LineString", "coordinates": [ [ 8.5444638, 50.0531619 ], [ 8.5403726, 50.0756683 ] ] } },
{ "type": "Feature", "properties": { "voltage_kv": "220 kV", "operator_show": "TransnetBW", "name_show": "–" }, "geometry": { "type": "LineString", "coordinates": [ [ 8.2487117, 48.8466365 ], [ 8.2496122, 48.84765620000001 ] ] } },
{ "type": "Feature", "properties": { "voltage_kv": "220 kV", "operator_show": "TransnetBW", "name_show": "Eichstetten - Weier" }, "geometry": { "type": "LineString", "coordinates": [ [ 7.7510258, 48.0976445 ], [ 7.7545608, 48.165749 ] ] } },
{ "type": "Feature", "properties": { "voltage_kv": "220 kV", "operator_show": "TransnetBW", "name_show": "–" }, "geometry": { "type": "LineString", "coordinates": [ [ 7.7510258, 48.0976445 ], [ 7.7520162, 48.0963723 ] ] } },
{ "type": "Feature", "properties": { "voltage_kv": "220 kV", "operator_show": "TenneT TSO", "name_show": "201" }, "geometry": { "type": "LineString", "coordinates": [ [ 8.0545848, 53.3337464 ], [ 8.0558927, 53.3330123 ] ] } },
{ "type": "Feature", "properties": { "voltage_kv": "220 kV", "operator_show": "TenneT TSO", "name_show": "201" }, "geometry": { "type": "LineString", "coordinates": [ [ 8.0558927, 53.3330123 ], [ 8.0544405, 53.3336544 ] ] } },
{ "type": "Feature", "properties": { "voltage_kv": "220 kV", "operator_show": "RWE", "name_show": "220kV Laer West+Pöppinghausen Ost" }, "geometry": { "type": "LineString", "coordinates": [ [ 7.2958315, 51.456432199999988 ], [ 7.2976842, 51.4541817 ] ] } },
{ "type": "Feature", "properties": { "voltage_kv": "220 kV", "operator_show": "Amprion", "name_show": "220kV Pöppinghausen Ost+Haarstrang Ost" }, "geometry": { "type": "LineString", "coordinates": [ [ 7.2813771, 51.4720393 ], [ 7.2832753, 51.4696942 ] ] } },
{ "type": "Feature", "properties": { "voltage_kv": "220 kV", "operator_show": "TenneT TSO GmbH", "name_show": "–" }, "geometry": { "type": "LineString", "coordinates": [ [ 9.569402, 51.3250357 ], [ 9.5694181, 51.3252831 ] ] } },
{ "type": "Feature", "properties": { "voltage_kv": "220 kV", "operator_show": "TenneT TSO GmbH", "name_show": "–" }, "geometry": { "type": "LineString", "coordinates": [ [ 9.569402, 51.3250357 ], [ 9.5826254, 51.3345118 ] ] } },
{ "type": "Feature", "properties": { "voltage_kv": "220 kV", "operator_show": "TenneT TSO GmbH", "name_show": "Leitung 2013" }, "geometry": { "type": "LineString", "coordinates": [ [ 9.5688053, 51.3246897 ], [ 9.5684542, 51.324951 ] ] } },
{ "type": "Feature", "properties": { "voltage_kv": "220 kV; 110 kV", "operator_show": "50Hertz Transmission GmbH;enviaM", "name_show": "–" }, "geometry": { "type": "LineString", "coordinates": [ [ 12.4817731, 51.365751800000012 ], [ 12.4727171, 51.3687639 ] ] } },
{ "type": "Feature", "properties": { "voltage_kv": "220 kV", "operator_show": "50Hertz Transmission", "name_show": "Ltg 357 und 358 Wolkramshausen - Eula" }, "geometry": { "type": "LineString", "coordinates": [ [ 12.5182402, 51.1548064 ], [ 12.3994258, 51.1554697 ] ] } },
{ "type": "Feature", "properties": { "voltage_kv": "220 kV", "operator_show": "50Hertz Transmission", "name_show": "Ltg 208 Eula - Weida" }, "geometry": { "type": "LineString", "coordinates": [ [ 12.5653765, 51.0791247 ], [ 12.5639281, 51.0780563 ] ] } },
{ "type": "Feature", "properties": { "voltage_kv": "220 kV", "operator_show": "50Hertz Transmission", "name_show": "Ltg 357 und 358 Eula - Wolkramshausen" }, "geometry": { "type": "LineString", "coordinates": [ [ 12.2516936, 51.1984283 ], [ 12.035917, 51.2149748 ], [ 11.8632722, 51.3712098 ] ] } },
{ "type": "Feature", "properties": { "voltage_kv": "220 kV", "operator_show": "Polskie Sieci Elektroenergetyczne S.A.", "name_show": "LNN 220kV \"D-215\", \"D-214\" Turów–Mikułowa V, IV" }, "geometry": { "type": "LineString", "coordinates": [ [ 14.9130768, 50.9505499 ], [ 15.1118796, 51.0893867 ] ] } },
{ "type": "Feature", "properties": { "voltage_kv": "220 kV", "operator_show": "Polskie Sieci Elektroenergetyczne S.A.", "name_show": "LNN 220kV \"D-217\", \"D-216\" Turów–Mikułowa VII, VI" }, "geometry": { "type": "LineString", "coordinates": [ [ 14.9123687, 50.9506412 ], [ 15.1112115, 51.0900408 ] ] } },
{ "type": "Feature", "properties": { "voltage_kv": "220 kV", "operator_show": "TenneT TSO", "name_show": "210" }, "geometry": { "type": "LineString", "coordinates": [ [ 8.4100494, 53.1904783 ], [ 8.4060232, 53.2347758 ] ] } },
{ "type": "Feature", "properties": { "voltage_kv": "220 kV; 110 kV", "operator_show": "Westnetz", "name_show": "–" }, "geometry": { "type": "LineString", "coordinates": [ [ 7.4567808, 51.659875799999988 ], [ 7.4565823, 51.660245399999972 ] ] } },
{ "type": "Feature", "properties": { "voltage_kv": "220 kV", "operator_show": "RWE", "name_show": "–" }, "geometry": { "type": "LineString", "coordinates": [ [ 6.827609, 51.162482699999984 ], [ 6.8271867, 51.16277740000001 ] ] } },
{ "type": "Feature", "properties": { "voltage_kv": "220 kV", "operator_show": "50Hertz Transmission", "name_show": "–" }, "geometry": { "type": "LineString", "coordinates": [ [ 12.4727171, 51.3687639 ], [ 12.4705968, 51.370278699999986 ] ] } },
{ "type": "Feature", "properties": { "voltage_kv": "220 kV; 110 kV", "operator_show": "RWE", "name_show": "–" }, "geometry": { "type": "LineString", "coordinates": [ [ 6.8495254, 51.1894515 ], [ 6.8244825, 51.1654888 ] ] } },
{ "type": "Feature", "properties": { "voltage_kv": "220 kV", "operator_show": "–", "name_show": "–" }, "geometry": { "type": "LineString", "coordinates": [ [ 13.4447648, 48.4344367 ], [ 13.4434701, 48.434406799999984 ] ] } },
{ "type": "Feature", "properties": { "voltage_kv": "220 kV", "operator_show": "–", "name_show": "–" }, "geometry": { "type": "LineString", "coordinates": [ [ 13.4446207, 48.4351015 ], [ 13.443349, 48.4350714 ] ] } },
{ "type": "Feature", "properties": { "voltage_kv": "220 kV", "operator_show": "Amprion", "name_show": "–" }, "geometry": { "type": "LineString", "coordinates": [ [ 7.1570817, 51.3845359 ], [ 7.1661394, 51.3776985 ] ] } },
{ "type": "Feature", "properties": { "voltage_kv": "220 kV", "operator_show": "RWE", "name_show": "–" }, "geometry": { "type": "LineString", "coordinates": [ [ 7.7286038, 52.281017799999987 ], [ 7.7295212, 52.280556 ] ] } },
{ "type": "Feature", "properties": { "voltage_kv": "220 kV", "operator_show": "Amprion", "name_show": "–" }, "geometry": { "type": "LineString", "coordinates": [ [ 7.7277985, 52.2786447 ], [ 7.7276213, 52.277863699999983 ] ] } },
{ "type": "Feature", "properties": { "voltage_kv": "220 kV", "operator_show": "TransnetBW", "name_show": "–" }, "geometry": { "type": "LineString", "coordinates": [ [ 8.2497076, 48.849183 ], [ 8.2496122, 48.84765620000001 ] ] } },
{ "type": "Feature", "properties": { "voltage_kv": "220 kV", "operator_show": "–", "name_show": "–" }, "geometry": { "type": "LineString", "coordinates": [ [ 6.9927179, 51.513499799999984 ], [ 6.9915924, 51.5136121 ] ] } },
{ "type": "Feature", "properties": { "voltage_kv": "220 kV; 110 kV", "operator_show": "Netze BW GmbH;TransnetBW GmbH", "name_show": "Anlage 313 ; HOHCK-PULVE, NWHEI-PULVE" }, "geometry": { "type": "LineString", "coordinates": [ [ 9.0605804, 48.9085485 ], [ 9.1295562, 48.9328618 ], [ 9.2042725, 48.924338 ] ] } },
{ "type": "Feature", "properties": { "voltage_kv": "220 kV", "operator_show": "Amprion", "name_show": "Nord-Süd-Leitung RWE" }, "geometry": { "type": "LineString", "coordinates": [ [ 9.1957584, 48.913218100000016 ], [ 9.2091942, 49.0291848 ] ] } },
{ "type": "Feature", "properties": { "voltage_kv": "220 kV", "operator_show": "–", "name_show": "–" }, "geometry": { "type": "LineString", "coordinates": [ [ 9.2085875, 49.0305143 ], [ 9.2098529, 49.0291623 ] ] } },
{ "type": "Feature", "properties": { "voltage_kv": "220 kV", "operator_show": "TransnetBW GmbH", "name_show": "Anlage 322 ; NWHEI-HOHCK, NWHEI-PULVE ( 2 x 220 kV)" }, "geometry": { "type": "LineString", "coordinates": [ [ 9.2098529, 49.0291623 ], [ 9.2042725, 48.924338 ] ] } },
{ "type": "Feature", "properties": { "voltage_kv": "220 kV", "operator_show": "–", "name_show": "–" }, "geometry": { "type": "LineString", "coordinates": [ [ 9.2091942, 49.0291848 ], [ 9.209175, 49.030637400000018 ] ] } },
{ "type": "Feature", "properties": { "voltage_kv": "220 kV", "operator_show": "RWE", "name_show": "Nord-Süd-Leitung RWE" }, "geometry": { "type": "LineString", "coordinates": [ [ 9.2085875, 49.0305143 ], [ 9.2079487, 49.0319382 ] ] } },
{ "type": "Feature", "properties": { "voltage_kv": "220 kV", "operator_show": "Amprion", "name_show": "220kV Amelsbüren + Nike Süd" }, "geometry": { "type": "LineString", "coordinates": [ [ 7.7292323, 52.2769821 ], [ 7.8129944, 52.2506313 ], [ 7.8791307, 52.2628269 ] ] } },
{ "type": "Feature", "properties": { "voltage_kv": "220 kV", "operator_show": "Amprion", "name_show": "220kV Amelsbüren + Nike Süd" }, "geometry": { "type": "LineString", "coordinates": [ [ 7.8807455, 52.265688 ], [ 7.8791307, 52.2628269 ] ] } },
{ "type": "Feature", "properties": { "voltage_kv": "220 kV", "operator_show": "Amprion", "name_show": "Frimmersdorf 5e,Frimmersdorf 6f" }, "geometry": { "type": "LineString", "coordinates": [ [ 6.5878737, 51.053138199999985 ], [ 6.6207859, 51.0550167 ] ] } },
{ "type": "Feature", "properties": { "voltage_kv": "220 kV", "operator_show": "–", "name_show": "–" }, "geometry": { "type": "LineString", "coordinates": [ [ 6.5820817, 51.0525625 ], [ 6.579411, 51.0520028 ] ] } },
{ "type": "Feature", "properties": { "voltage_kv": "220 kV", "operator_show": "Amprion", "name_show": "–" }, "geometry": { "type": "LineString", "coordinates": [ [ 6.7597343, 49.3661652 ], [ 6.7601007, 49.3662407 ] ] } },
{ "type": "Feature", "properties": { "voltage_kv": "220 kV", "operator_show": "–", "name_show": "Herbertingen - Tiengen" }, "geometry": { "type": "LineString", "coordinates": [ [ 8.259809, 47.634899799999985 ], [ 8.2602404, 47.6363726 ] ] } },
{ "type": "Feature", "properties": { "voltage_kv": "220 kV", "operator_show": "–", "name_show": "Herbertingen - Tiengen" }, "geometry": { "type": "LineString", "coordinates": [ [ 8.2601055, 47.632025400000011 ], [ 8.2563764, 47.6309724 ] ] } },
{ "type": "Feature", "properties": { "voltage_kv": "220 kV", "operator_show": "–", "name_show": "220 kV" }, "geometry": { "type": "LineString", "coordinates": [ [ 8.6798603, 49.9736673 ], [ 8.7688644, 49.9750737 ] ] } },
{ "type": "Feature", "properties": { "voltage_kv": "220 kV", "operator_show": "–", "name_show": "220 kV" }, "geometry": { "type": "LineString", "coordinates": [ [ 8.6772056, 49.9741364 ], [ 8.768657, 49.975402599999988 ] ] } },
{ "type": "Feature", "properties": { "voltage_kv": "220 kV; 110 kV", "operator_show": "–", "name_show": "–" }, "geometry": { "type": "LineString", "coordinates": [ [ 8.7432606, 50.162338 ], [ 8.8452199, 50.163980400000021 ], [ 8.8717723, 50.1304024 ] ] } },
{ "type": "Feature", "properties": { "voltage_kv": "220 kV", "operator_show": "RWE", "name_show": "Hoheneck West" }, "geometry": { "type": "LineString", "coordinates": [ [ 8.7530299, 49.3096261 ], [ 8.7582127, 49.309335 ] ] } },
{ "type": "Feature", "properties": { "voltage_kv": "220 kV", "operator_show": "RWE", "name_show": "Hoheneck West" }, "geometry": { "type": "LineString", "coordinates": [ [ 8.6885689, 49.3371258 ], [ 8.6894493, 49.3360234 ] ] } },
{ "type": "Feature", "properties": { "voltage_kv": "220 kV", "operator_show": "RWE", "name_show": "Hoheneck West" }, "geometry": { "type": "LineString", "coordinates": [ [ 8.7582127, 49.309335 ], [ 8.8929125, 49.282098099999985 ], [ 9.0247851, 49.2056583 ] ] } },
{ "type": "Feature", "properties": { "voltage_kv": "220 kV; 0 kV", "operator_show": "–", "name_show": "Bludenz West" }, "geometry": { "type": "LineString", "coordinates": [ [ 9.6453776, 47.7439007 ], [ 9.6440394, 47.744610499999972 ] ] } },
{ "type": "Feature", "properties": { "voltage_kv": "220 kV", "operator_show": "RWE", "name_show": "220 kV Knapsack 2b" }, "geometry": { "type": "LineString", "coordinates": [ [ 6.8444309, 50.863679199999979 ], [ 6.84681, 50.8639348 ] ] } },
{ "type": "Feature", "properties": { "voltage_kv": "220 kV", "operator_show": "RWE", "name_show": "220 kV Knapsack 2b" }, "geometry": { "type": "LineString", "coordinates": [ [ 6.8432327, 50.8607423 ], [ 6.8418561, 50.8598353 ] ] } },
{ "type": "Feature", "properties": { "voltage_kv": "220 kV", "operator_show": "–", "name_show": "Götterswick Süd + Wesel Ost" }, "geometry": { "type": "LineString", "coordinates": [ [ 6.6508694, 51.553699 ], [ 6.6506675, 51.5537023 ] ] } },
{ "type": "Feature", "properties": { "voltage_kv": "220 kV; 110 kV", "operator_show": "–", "name_show": "Götterswick Süd + Wesel Ost" }, "geometry": { "type": "LineString", "coordinates": [ [ 6.6471441, 51.5537332 ], [ 6.6025423, 51.5538054 ] ] } },
{ "type": "Feature", "properties": { "voltage_kv": "220 kV; 110 kV", "operator_show": "RWE", "name_show": "–" }, "geometry": { "type": "LineString", "coordinates": [ [ 6.6199162, 51.476029 ], [ 6.6337864, 51.4965099 ] ] } },
{ "type": "Feature", "properties": { "voltage_kv": "220 kV", "operator_show": "TenneT TSO", "name_show": "–" }, "geometry": { "type": "LineString", "coordinates": [ [ 8.73782, 50.1585408 ], [ 8.7432606, 50.162338 ] ] } },
{ "type": "Feature", "properties": { "voltage_kv": "220 kV", "operator_show": "TenneT TSO", "name_show": "–" }, "geometry": { "type": "LineString", "coordinates": [ [ 8.73782, 50.1585408 ], [ 8.7366503, 50.1587557 ] ] } },
{ "type": "Feature", "properties": { "voltage_kv": "220 kV; 220 kV; 110 kV; 110 kV", "operator_show": "TransnetBW", "name_show": "Transnet BW Leitung GKMA - GKMB" }, "geometry": { "type": "LineString", "coordinates": [ [ 8.500969, 49.445083499999988 ], [ 8.4916988, 49.446460299999984 ] ] } },
{ "type": "Feature", "properties": { "voltage_kv": "220 kV", "operator_show": "TransnetBW", "name_show": "–" }, "geometry": { "type": "LineString", "coordinates": [ [ 8.5020586, 49.4447789 ], [ 8.500969, 49.445083499999988 ] ] } },
{ "type": "Feature", "properties": { "voltage_kv": "220 kV", "operator_show": "TransnetBW", "name_show": "Transnet BW Leitung GKMB - Rheinau" }, "geometry": { "type": "LineString", "coordinates": [ [ 8.5029474, 49.4446018 ], [ 8.538486, 49.4471053 ] ] } },
{ "type": "Feature", "properties": { "voltage_kv": "220 kV", "operator_show": "–", "name_show": "Großgartach - Obrigheim 1x 220 kV" }, "geometry": { "type": "LineString", "coordinates": [ [ 9.0735161, 49.3119354 ], [ 9.0975125, 49.291505299999976 ] ] } },
{ "type": "Feature", "properties": { "voltage_kv": "220 kV", "operator_show": "–", "name_show": "–" }, "geometry": { "type": "LineString", "coordinates": [ [ 7.8720592, 47.6008845 ], [ 7.8749742, 47.5998391 ] ] } },
{ "type": "Feature", "properties": { "voltage_kv": "220 kV", "operator_show": "–", "name_show": "–" }, "geometry": { "type": "LineString", "coordinates": [ [ 7.9433458, 47.5952826 ], [ 7.9472115, 47.594320499999981 ] ] } },
{ "type": "Feature", "properties": { "voltage_kv": "220 kV", "operator_show": "–", "name_show": "–" }, "geometry": { "type": "LineString", "coordinates": [ [ 7.8750534, 47.6002662 ], [ 7.8720592, 47.6008845 ] ] } },
{ "type": "Feature", "properties": { "voltage_kv": "220 kV", "operator_show": "–", "name_show": "–" }, "geometry": { "type": "LineString", "coordinates": [ [ 7.939881, 47.5976487 ], [ 7.9433458, 47.5952826 ] ] } },
{ "type": "Feature", "properties": { "voltage_kv": "220 kV; 110 kV", "operator_show": "RWE", "name_show": "–" }, "geometry": { "type": "LineString", "coordinates": [ [ 8.254611, 47.6334054 ], [ 8.2551206, 47.63081 ] ] } },
{ "type": "Feature", "properties": { "voltage_kv": "220 kV", "operator_show": "–", "name_show": "Otterbach - Beeden" }, "geometry": { "type": "LineString", "coordinates": [ [ 7.3199417, 49.3063683 ], [ 7.321021, 49.306550399999985 ] ] } },
{ "type": "Feature", "properties": { "voltage_kv": "220 kV", "operator_show": "TenneT TSO GmbH", "name_show": "Altheim - St. Peter;Altheim - Simbach" }, "geometry": { "type": "LineString", "coordinates": [ [ 12.2224512, 48.5842585 ], [ 12.2603336, 48.5836001 ], [ 12.4186188, 48.4289105 ], [ 12.8651391, 48.3295815 ] ] } },
{ "type": "Feature", "properties": { "voltage_kv": "220 kV; 110 kV", "operator_show": "–", "name_show": "–" }, "geometry": { "type": "LineString", "coordinates": [ [ 6.5710958, 51.048414 ], [ 6.5729762, 51.0488465 ] ] } },
{ "type": "Feature", "properties": { "voltage_kv": "220 kV", "operator_show": "–", "name_show": "–" }, "geometry": { "type": "LineString", "coordinates": [ [ 6.5700935, 51.0486254 ], [ 6.5710958, 51.048414 ] ] } },
{ "type": "Feature", "properties": { "voltage_kv": "220 kV; 110 kV", "operator_show": "–", "name_show": "–" }, "geometry": { "type": "LineString", "coordinates": [ [ 8.0437165, 50.763801 ], [ 7.9586112, 50.7248069 ] ] } },
{ "type": "Feature", "properties": { "voltage_kv": "220 kV; 110 kV", "operator_show": "RWE", "name_show": "–" }, "geometry": { "type": "LineString", "coordinates": [ [ 8.0977458, 50.8207646 ], [ 8.1206374, 50.8435017 ], [ 8.1006391, 50.871000399999986 ] ] } },
{ "type": "Feature", "properties": { "voltage_kv": "220 kV; 110 kV", "operator_show": "Amprion;Westnetz", "name_show": "–" }, "geometry": { "type": "LineString", "coordinates": [ [ 6.4485259, 51.740717199999985 ], [ 6.4916754, 51.7469769 ] ] } },
{ "type": "Feature", "properties": { "voltage_kv": "225 kV", "operator_show": "RTE", "name_show": "–" }, "geometry": { "type": "LineString", "coordinates": [ [ 7.7241521, 48.7990353 ], [ 7.7300287, 48.7687958 ], [ 7.9119133, 48.6844716 ] ] } },
{ "type": "Feature", "properties": { "voltage_kv": "220 kV", "operator_show": "–", "name_show": "–" }, "geometry": { "type": "LineString", "coordinates": [ [ 7.065294, 51.6987737 ], [ 7.0634581, 51.6983159 ] ] } },
{ "type": "Feature", "properties": { "voltage_kv": "220 kV", "operator_show": "RWE", "name_show": "220kV Hochlarmark Ost" }, "geometry": { "type": "LineString", "coordinates": [ [ 7.0627685, 51.6929632 ], [ 7.0631582, 51.6843809 ] ] } },
{ "type": "Feature", "properties": { "voltage_kv": "220 kV", "operator_show": "RWE", "name_show": "220kV Polsum Süd+Scholven D" }, "geometry": { "type": "LineString", "coordinates": [ [ 7.0626265, 51.684408 ], [ 7.0522096, 51.6554571 ] ] } },
{ "type": "Feature", "properties": { "voltage_kv": "220 kV", "operator_show": "RWE", "name_show": "–" }, "geometry": { "type": "LineString", "coordinates": [ [ 7.0629575, 51.6959978 ], [ 7.0627685, 51.6929632 ] ] } },
{ "type": "Feature", "properties": { "voltage_kv": "220 kV", "operator_show": "RWE", "name_show": "220kV Polsum Süd+Scholven D" }, "geometry": { "type": "LineString", "coordinates": [ [ 7.0595954, 51.694324399999985 ], [ 7.0626265, 51.684408 ] ] } },
{ "type": "Feature", "properties": { "voltage_kv": "220 kV", "operator_show": "RWE", "name_show": "220kV Scholven D" }, "geometry": { "type": "LineString", "coordinates": [ [ 7.0595954, 51.694324399999985 ], [ 7.0593363, 51.6956246 ] ] } },
{ "type": "Feature", "properties": { "voltage_kv": "220 kV", "operator_show": "50Hertz Transmission GmbH", "name_show": "Ltg 383" }, "geometry": { "type": "LineString", "coordinates": [ [ 11.4740566, 50.6026686 ], [ 11.4748051, 50.6037329 ] ] } },
{ "type": "Feature", "properties": { "voltage_kv": "220 kV", "operator_show": "50Hertz Transmission GmbH", "name_show": "Ltg 383 und 386" }, "geometry": { "type": "LineString", "coordinates": [ [ 11.6433773, 50.5355454 ], [ 11.6407051, 50.5343422 ] ] } },
{ "type": "Feature", "properties": { "voltage_kv": "220 kV", "operator_show": "50Hertz Transmission GmbH", "name_show": "Ltg 386 und 383" }, "geometry": { "type": "LineString", "coordinates": [ [ 11.4713303, 50.597720700000011 ], [ 11.4736444, 50.6030872 ] ] } },
{ "type": "Feature", "properties": { "voltage_kv": "220 kV", "operator_show": "50Hertz Transmission GmbH", "name_show": "Ltg 384" }, "geometry": { "type": "LineString", "coordinates": [ [ 11.6432032, 50.5359233 ], [ 11.6443946, 50.5361358 ] ] } },
{ "type": "Feature", "properties": { "voltage_kv": "220 kV", "operator_show": "50Hertz Transmission GmbH", "name_show": "Ltg 386" }, "geometry": { "type": "LineString", "coordinates": [ [ 11.4736444, 50.6030872 ], [ 11.473699, 50.6039946 ] ] } },
{ "type": "Feature", "properties": { "voltage_kv": "220 kV", "operator_show": "50Hertz Transmission GmbH", "name_show": "Ltg 383" }, "geometry": { "type": "LineString", "coordinates": [ [ 11.6433773, 50.5355454 ], [ 11.6446587, 50.535548099999986 ] ] } },
{ "type": "Feature", "properties": { "voltage_kv": "220 kV", "operator_show": "50Hertz Transmission GmbH", "name_show": "Ltg 383 und 384" }, "geometry": { "type": "LineString", "coordinates": [ [ 11.4740566, 50.6026686 ], [ 11.5861748, 50.534364 ], [ 11.6378614, 50.5334347 ] ] } },
{ "type": "Feature", "properties": { "voltage_kv": "220 kV", "operator_show": "TransnetBW GmbH", "name_show": "Anlage 313; NWHEI-PULVE" }, "geometry": { "type": "LineString", "coordinates": [ [ 9.0488193, 48.904017 ], [ 9.049716, 48.905458799999977 ] ] } },
{ "type": "Feature", "properties": { "voltage_kv": "220 kV", "operator_show": "RWE", "name_show": "220 kV Gremberghoven Ost|West" }, "geometry": { "type": "LineString", "coordinates": [ [ 7.0483324, 50.9063099 ], [ 7.0483956, 50.905796199999983 ] ] } },
{ "type": "Feature", "properties": { "voltage_kv": "220 kV", "operator_show": "RWE", "name_show": "220 kV Gremberghoven Ost|West" }, "geometry": { "type": "LineString", "coordinates": [ [ 7.0480575, 50.9059565 ], [ 7.0483324, 50.9063099 ] ] } },
{ "type": "Feature", "properties": { "voltage_kv": "220 kV", "operator_show": "RWE", "name_show": "220 kV Gremberghoven Ost|West" }, "geometry": { "type": "LineString", "coordinates": [ [ 7.0483324, 50.9063099 ], [ 7.0519666, 50.9063416 ] ] } },
{ "type": "Feature", "properties": { "voltage_kv": "220 kV", "operator_show": "TenneT", "name_show": "–" }, "geometry": { "type": "LineString", "coordinates": [ [ 9.4895774, 53.6365197 ], [ 9.4963701, 53.6385739 ] ] } },
{ "type": "Feature", "properties": { "voltage_kv": "220 kV", "operator_show": "–", "name_show": "–" }, "geometry": { "type": "LineString", "coordinates": [ [ 9.4963701, 53.6385739 ], [ 9.4976998, 53.6391674 ] ] } },
{ "type": "Feature", "properties": { "voltage_kv": "220 kV", "operator_show": "–", "name_show": "–" }, "geometry": { "type": "LineString", "coordinates": [ [ 9.4963701, 53.6385739 ], [ 9.49736, 53.6395604 ] ] } },
{ "type": "Feature", "properties": { "voltage_kv": "220 kV", "operator_show": "TenneT", "name_show": "–" }, "geometry": { "type": "LineString", "coordinates": [ [ 10.4185318, 52.2389643 ], [ 10.4184402, 52.237363499999987 ] ] } },
{ "type": "Feature", "properties": { "voltage_kv": "220 kV", "operator_show": "TenneT", "name_show": "–" }, "geometry": { "type": "LineString", "coordinates": [ [ 10.4194296, 52.235916299999978 ], [ 10.359056, 52.176288 ] ] } },
{ "type": "Feature", "properties": { "voltage_kv": "220 kV", "operator_show": "TenneT TSO", "name_show": "Ltg 2028 Wahle - Gleidingen" }, "geometry": { "type": "LineString", "coordinates": [ [ 10.3697256, 52.2845786 ], [ 10.4185318, 52.2389643 ] ] } },
{ "type": "Feature", "properties": { "voltage_kv": "220 kV", "operator_show": "TenneT", "name_show": "–" }, "geometry": { "type": "LineString", "coordinates": [ [ 10.5058239, 52.3021018 ], [ 10.5062118, 52.302020199999987 ] ] } },
{ "type": "Feature", "properties": { "voltage_kv": "220 kV", "operator_show": "TenneT TSO GmbH", "name_show": "–" }, "geometry": { "type": "LineString", "coordinates": [ [ 9.5211836, 52.3618011 ], [ 9.5208505, 52.3601997 ] ] } },
{ "type": "Feature", "properties": { "voltage_kv": "220 kV", "operator_show": "TenneT TSO GmbH", "name_show": "–" }, "geometry": { "type": "LineString", "coordinates": [ [ 9.5211053, 52.3601661 ], [ 9.5211836, 52.3618011 ] ] } },
{ "type": "Feature", "properties": { "voltage_kv": "220 kV", "operator_show": "TenneT", "name_show": "–" }, "geometry": { "type": "LineString", "coordinates": [ [ 9.1130633, 52.542817099999979 ], [ 9.113154, 52.5431257 ] ] } },
{ "type": "Feature", "properties": { "voltage_kv": "220 kV; 110 kV", "operator_show": "TenneT;Avacon Netz GmbH", "name_show": "Leitung 2008" }, "geometry": { "type": "LineString", "coordinates": [ [ 9.1161612, 52.5444493 ], [ 9.2281, 52.6004 ], [ 9.493384, 52.598337 ] ] } },
{ "type": "Feature", "properties": { "voltage_kv": "220 kV", "operator_show": "TenneT", "name_show": "–" }, "geometry": { "type": "LineString", "coordinates": [ [ 9.1161612, 52.5444493 ], [ 9.1162966, 52.544119 ] ] } },
{ "type": "Feature", "properties": { "voltage_kv": "220 kV", "operator_show": "TenneT TSO GmbH", "name_show": "–" }, "geometry": { "type": "LineString", "coordinates": [ [ 9.2522125, 53.113608099999986 ], [ 9.2552299, 53.0634699 ], [ 9.126871, 52.990262 ], [ 9.137948, 52.847027 ] ] } },
{ "type": "Feature", "properties": { "voltage_kv": "220 kV", "operator_show": "TenneT", "name_show": "Leitung 2027" }, "geometry": { "type": "LineString", "coordinates": [ [ 10.355215, 52.175811 ], [ 10.3662684, 52.166716699999988 ] ] } },
{ "type": "Feature", "properties": { "voltage_kv": "220 kV", "operator_show": "TenneT", "name_show": "Mehrum" }, "geometry": { "type": "LineString", "coordinates": [ [ 10.3662684, 52.166716699999988 ], [ 10.3679403, 52.1662797 ] ] } },
{ "type": "Feature", "properties": { "voltage_kv": "220 kV", "operator_show": "TenneT", "name_show": "Leitung 2024 Lehrte - Wahle" }, "geometry": { "type": "LineString", "coordinates": [ [ 9.9195228, 52.3802666 ], [ 10.1846439, 52.3052655 ] ] } },
{ "type": "Feature", "properties": { "voltage_kv": "220 kV", "operator_show": "TenneT", "name_show": "Leitung 2008" }, "geometry": { "type": "LineString", "coordinates": [ [ 9.917425, 52.38287 ], [ 9.9171963, 52.3824311 ] ] } },
{ "type": "Feature", "properties": { "voltage_kv": "220 kV", "operator_show": "50Hertz Transmission", "name_show": "–" }, "geometry": { "type": "LineString", "coordinates": [ [ 13.3052717, 52.2314348 ], [ 13.3059191, 52.2313321 ] ] } },
{ "type": "Feature", "properties": { "voltage_kv": "220 kV", "operator_show": "50Hertz Transmission", "name_show": "–" }, "geometry": { "type": "LineString", "coordinates": [ [ 13.3051675, 52.231172599999979 ], [ 13.305814, 52.2310727 ] ] } },
{ "type": "Feature", "properties": { "voltage_kv": "220 kV", "operator_show": "50Hertz Transmission GmbH", "name_show": "–" }, "geometry": { "type": "LineString", "coordinates": [ [ 13.304703, 52.2306855 ], [ 13.3055948, 52.2305478 ] ] } },
{ "type": "Feature", "properties": { "voltage_kv": "220 kV", "operator_show": "50Hertz Transmission", "name_show": "Ltg 294 Neuenhagen" }, "geometry": { "type": "LineString", "coordinates": [ [ 12.9414521, 52.5642513 ], [ 12.9458402, 52.564226 ] ] } },
{ "type": "Feature", "properties": { "voltage_kv": "220 kV", "operator_show": "50Hertz Transmission", "name_show": "324" }, "geometry": { "type": "LineString", "coordinates": [ [ 12.4991703, 52.406508 ], [ 12.4992733, 52.405762599999989 ] ] } },
{ "type": "Feature", "properties": { "voltage_kv": "220 kV", "operator_show": "50Hertz Transmission", "name_show": "319" }, "geometry": { "type": "LineString", "coordinates": [ [ 12.4991703, 52.406508 ], [ 12.4996963, 52.405821299999985 ] ] } },
{ "type": "Feature", "properties": { "voltage_kv": "220 kV", "operator_show": "RWE", "name_show": "–" }, "geometry": { "type": "LineString", "coordinates": [ [ 6.6846435, 51.6434665 ], [ 6.6845912, 51.644910800000012 ] ] } },
{ "type": "Feature", "properties": { "voltage_kv": "220 kV", "operator_show": "RWE", "name_show": "–" }, "geometry": { "type": "LineString", "coordinates": [ [ 6.6846435, 51.6434665 ], [ 6.684976, 51.6405641 ] ] } },
{ "type": "Feature", "properties": { "voltage_kv": "220 kV", "operator_show": "50Hertz Transmission", "name_show": "Ltg 526 Thyrow" }, "geometry": { "type": "LineString", "coordinates": [ [ 12.9414303, 52.5638468 ], [ 12.945812, 52.563820799999966 ] ] } },
{ "type": "Feature", "properties": { "voltage_kv": "220 kV", "operator_show": "50Hertz Transmission", "name_show": "Nordring Berlin" }, "geometry": { "type": "LineString", "coordinates": [ [ 13.2089761, 52.6797765 ], [ 13.1868799, 52.6697518 ] ] } },
{ "type": "Feature", "properties": { "voltage_kv": "220 kV", "operator_show": "50Hertz Transmission", "name_show": "Ltg 295 Henningsdorf" }, "geometry": { "type": "LineString", "coordinates": [ [ 12.941438, 52.5639797 ], [ 12.9458402, 52.564226 ] ] } },
{ "type": "Feature", "properties": { "voltage_kv": "220 kV", "operator_show": "RWE", "name_show": "Tiengen - Stockach" }, "geometry": { "type": "LineString", "coordinates": [ [ 8.9849243, 47.8379225 ], [ 8.9826642, 47.8388681 ] ] } },
{ "type": "Feature", "properties": { "voltage_kv": "220 kV", "operator_show": "RWE", "name_show": "Tiengen - Stockach" }, "geometry": { "type": "LineString", "coordinates": [ [ 8.9826642, 47.8388681 ], [ 8.8587809, 47.8759541 ], [ 8.5422715, 47.810673800000011 ], [ 8.389042, 47.7165613 ], [ 8.3047218, 47.6947809 ], [ 8.2508743, 47.642180699999983 ] ] } },
{ "type": "Feature", "properties": { "voltage_kv": "220 kV", "operator_show": "–", "name_show": "–" }, "geometry": { "type": "LineString", "coordinates": [ [ 8.982881, 47.8375894 ], [ 8.8627595, 47.807178 ] ] } },
{ "type": "Feature", "properties": { "voltage_kv": "220 kV", "operator_show": "Amprion", "name_show": "–" }, "geometry": { "type": "LineString", "coordinates": [ [ 7.7008697, 51.6903695 ], [ 7.7021345, 51.683750799999984 ] ] } },
{ "type": "Feature", "properties": { "voltage_kv": "220 kV; 110 kV", "operator_show": "Amprion;Westnetz", "name_show": "–" }, "geometry": { "type": "LineString", "coordinates": [ [ 7.7021345, 51.683750799999984 ], [ 7.7030062, 51.678401 ] ] } },
{ "type": "Feature", "properties": { "voltage_kv": "220 kV", "operator_show": "Amprion", "name_show": "–" }, "geometry": { "type": "LineString", "coordinates": [ [ 7.7030062, 51.678401 ], [ 7.7046984, 51.6759034 ] ] } },
{ "type": "Feature", "properties": { "voltage_kv": "220 kV", "operator_show": "Amprion", "name_show": "–" }, "geometry": { "type": "LineString", "coordinates": [ [ 7.6087077, 51.8990224 ], [ 7.6097291, 51.9016198 ] ] } },
{ "type": "Feature", "properties": { "voltage_kv": "220 kV; 0 kV", "operator_show": "Amprion", "name_show": "–" }, "geometry": { "type": "LineString", "coordinates": [ [ 7.5969314, 51.9180332 ], [ 7.592237, 51.9264815 ] ] } },
{ "type": "Feature", "properties": { "voltage_kv": "220 kV", "operator_show": "–", "name_show": "–" }, "geometry": { "type": "LineString", "coordinates": [ [ 10.3703269, 52.16698490000001 ], [ 10.3693558, 52.1674799 ] ] } },
{ "type": "Feature", "properties": { "voltage_kv": "220 kV", "operator_show": "–", "name_show": "–" }, "geometry": { "type": "LineString", "coordinates": [ [ 10.3706861, 52.1680608 ], [ 10.3927525, 52.1684166 ] ] } },
{ "type": "Feature", "properties": { "voltage_kv": "220 kV", "operator_show": "–", "name_show": "–" }, "geometry": { "type": "LineString", "coordinates": [ [ 10.4197432, 52.1648697 ], [ 10.4192246, 52.1652318 ] ] } },
{ "type": "Feature", "properties": { "voltage_kv": "220 kV", "operator_show": "–", "name_show": "–" }, "geometry": { "type": "LineString", "coordinates": [ [ 10.3706861, 52.1680608 ], [ 10.3696241, 52.1682425 ] ] } },
{ "type": "Feature", "properties": { "voltage_kv": "220 kV", "operator_show": "–", "name_show": "–" }, "geometry": { "type": "LineString", "coordinates": [ [ 10.3703269, 52.16698490000001 ], [ 10.3885174, 52.151371099999984 ] ] } },
{ "type": "Feature", "properties": { "voltage_kv": "220 kV", "operator_show": "–", "name_show": "–" }, "geometry": { "type": "LineString", "coordinates": [ [ 10.4130324, 52.1587773 ], [ 10.4124373, 52.1594312 ] ] } },
{ "type": "Feature", "properties": { "voltage_kv": "220 kV", "operator_show": "–", "name_show": "–" }, "geometry": { "type": "LineString", "coordinates": [ [ 10.4192246, 52.1652318 ], [ 10.4195579, 52.1648186 ] ] } },
{ "type": "Feature", "properties": { "voltage_kv": "220 kV", "operator_show": "–", "name_show": "–" }, "geometry": { "type": "LineString", "coordinates": [ [ 10.4192246, 52.1652318 ], [ 10.4124373, 52.1594312 ] ] } },
{ "type": "Feature", "properties": { "voltage_kv": "220 kV", "operator_show": "–", "name_show": "–" }, "geometry": { "type": "LineString", "coordinates": [ [ 10.4124373, 52.1594312 ], [ 10.4128392, 52.158725599999975 ] ] } },
{ "type": "Feature", "properties": { "voltage_kv": "220 kV; 110 kV", "operator_show": "Amprion;Westnetz", "name_show": "–" }, "geometry": { "type": "LineString", "coordinates": [ [ 7.6706471, 51.787787099999989 ], [ 7.7052809, 51.6772531 ] ] } },
{ "type": "Feature", "properties": { "voltage_kv": "220 kV", "operator_show": "–", "name_show": "–" }, "geometry": { "type": "LineString", "coordinates": [ [ 9.4975953, 53.6392883 ], [ 9.4963701, 53.6385739 ] ] } },
{ "type": "Feature", "properties": { "voltage_kv": "220 kV", "operator_show": "50Hertz Transmission", "name_show": "317" }, "geometry": { "type": "LineString", "coordinates": [ [ 12.2160609, 54.112576 ], [ 12.218809, 54.112981 ] ] } },
{ "type": "Feature", "properties": { "voltage_kv": "220 kV", "operator_show": "50Hertz Transmission", "name_show": "Ltg 293 und 294" }, "geometry": { "type": "LineString", "coordinates": [ [ 13.5138729, 52.6188066 ], [ 13.4969629, 52.5912805 ] ] } },
{ "type": "Feature", "properties": { "voltage_kv": "220 kV", "operator_show": "50Hertz Transmission", "name_show": "Ltg 321 und 328 Parchim Süd - Güstrow" }, "geometry": { "type": "LineString", "coordinates": [ [ 11.8978138, 53.408559899999986 ], [ 11.9669979, 53.5849649 ], [ 12.061873, 53.6383476 ], [ 12.0923858, 53.7494787 ], [ 12.1817032, 53.814971499999984 ] ] } },
{ "type": "Feature", "properties": { "voltage_kv": "220 kV", "operator_show": "50Hertz Transmission", "name_show": "Ltg 332 Wolmirstedt - Parchim Süd" }, "geometry": { "type": "LineString", "coordinates": [ [ 11.7689154, 52.5055293 ], [ 11.7923499, 52.5613968 ], [ 11.7194708, 52.6352851 ], [ 11.7694799, 52.69131 ], [ 11.769029, 52.9684549 ], [ 11.8925659, 53.031975 ], [ 11.8812418, 53.0833613 ] ] } },
{ "type": "Feature", "properties": { "voltage_kv": "220 kV", "operator_show": "TenneT", "name_show": "Leitung 2024" }, "geometry": { "type": "LineString", "coordinates": [ [ 10.3647352, 52.2833467 ], [ 10.364645, 52.2833209 ] ] } },
{ "type": "Feature", "properties": { "voltage_kv": "220 kV", "operator_show": "Amprion", "name_show": "Bixterheide Nord" }, "geometry": { "type": "LineString", "coordinates": [ [ 7.7237771, 51.4098497 ], [ 7.7224687, 51.410164 ] ] } },
{ "type": "Feature", "properties": { "voltage_kv": "220 kV; 110 kV", "operator_show": "Amprion;Westnetz", "name_show": "220kV Bixterheide Nord+Bigge Ost" }, "geometry": { "type": "LineString", "coordinates": [ [ 7.7172587, 51.410009 ], [ 7.7224687, 51.410164 ] ] } },
{ "type": "Feature", "properties": { "voltage_kv": "220 kV", "operator_show": "–", "name_show": "–" }, "geometry": { "type": "LineString", "coordinates": [ [ 8.8127255, 51.9834145 ], [ 8.8134836, 51.9840532 ] ] } },
{ "type": "Feature", "properties": { "voltage_kv": "220 kV", "operator_show": "–", "name_show": "–" }, "geometry": { "type": "LineString", "coordinates": [ [ 8.8132948, 51.9833877 ], [ 8.8127255, 51.9834145 ] ] } },
{ "type": "Feature", "properties": { "voltage_kv": "220 kV", "operator_show": "TenneT TSO", "name_show": "Ltg 208 I Lübeck" }, "geometry": { "type": "LineString", "coordinates": [ [ 9.9870902, 53.7661309 ], [ 9.9867437, 53.7672268 ] ] } },
{ "type": "Feature", "properties": { "voltage_kv": "220 kV; 110 kV", "operator_show": "–", "name_show": "–" }, "geometry": { "type": "LineString", "coordinates": [ [ 6.7425528, 49.3583024 ], [ 6.7543741, 49.3642052 ] ] } },
{ "type": "Feature", "properties": { "voltage_kv": "220 kV", "operator_show": "RWE", "name_show": "–" }, "geometry": { "type": "LineString", "coordinates": [ [ 7.0314023, 51.6102848 ], [ 7.0293674, 51.6243731 ] ] } },
{ "type": "Feature", "properties": { "voltage_kv": "220 kV", "operator_show": "Amprion", "name_show": "220kV Herdecke Nord" }, "geometry": { "type": "LineString", "coordinates": [ [ 7.4906797, 51.4140848 ], [ 7.4534293, 51.4128596 ] ] } },
{ "type": "Feature", "properties": { "voltage_kv": "220 kV", "operator_show": "Amprion", "name_show": "220 kV Bigge Ost+West+ANK" }, "geometry": { "type": "LineString", "coordinates": [ [ 7.5993241, 51.3441611 ], [ 7.6025921, 51.3453578 ] ] } },
{ "type": "Feature", "properties": { "voltage_kv": "220 kV", "operator_show": "Amprion", "name_show": "220kV Bixterheide Nord+Bigge Ost" }, "geometry": { "type": "LineString", "coordinates": [ [ 7.6046967, 51.3471692 ], [ 7.6773918, 51.3895027 ] ] } },
{ "type": "Feature", "properties": { "voltage_kv": "220 kV; 110 kV", "operator_show": "ENERVIE Vernetzt", "name_show": "–" }, "geometry": { "type": "LineString", "coordinates": [ [ 7.6029737, 51.3455052 ], [ 7.6037984, 51.34699830000001 ] ] } },
{ "type": "Feature", "properties": { "voltage_kv": "220 kV; 110 kV", "operator_show": "ENERVIE Vernetzt", "name_show": "–" }, "geometry": { "type": "LineString", "coordinates": [ [ 7.6037984, 51.34699830000001 ], [ 7.5120064, 51.4008897 ] ] } },
{ "type": "Feature", "properties": { "voltage_kv": "220 kV", "operator_show": "–", "name_show": "–" }, "geometry": { "type": "LineString", "coordinates": [ [ 7.6058933, 51.332347799999987 ], [ 7.6059093, 51.3303886 ] ] } },
{ "type": "Feature", "properties": { "voltage_kv": "220 kV", "operator_show": "RWE", "name_show": "220kV Pöppinghausen Ost+West" }, "geometry": { "type": "LineString", "coordinates": [ [ 7.2949724, 51.5428689 ], [ 7.2947817, 51.5400282 ] ] } },
{ "type": "Feature", "properties": { "voltage_kv": "220 kV", "operator_show": "RWE", "name_show": "220kV Pöppinghausen Ost+West" }, "geometry": { "type": "LineString", "coordinates": [ [ 7.2947817, 51.5400282 ], [ 7.2847169, 51.489255299999982 ] ] } },
{ "type": "Feature", "properties": { "voltage_kv": "220 kV", "operator_show": "–", "name_show": "–" }, "geometry": { "type": "LineString", "coordinates": [ [ 9.8031666, 47.6525789 ], [ 9.8006578, 47.652570199999978 ] ] } },
{ "type": "Feature", "properties": { "voltage_kv": "220 kV", "operator_show": "TransnetBW", "name_show": "–" }, "geometry": { "type": "LineString", "coordinates": [ [ 8.3136972, 49.006434 ], [ 8.2589083, 48.9246826 ], [ 8.2497076, 48.849183 ] ] } },
{ "type": "Feature", "properties": { "voltage_kv": "220 kV", "operator_show": "TransnetBW", "name_show": "–" }, "geometry": { "type": "LineString", "coordinates": [ [ 8.3151928, 49.0063879 ], [ 8.3153728, 49.0094801 ] ] } },
{ "type": "Feature", "properties": { "voltage_kv": "220 kV", "operator_show": "TransnetBW", "name_show": "–" }, "geometry": { "type": "LineString", "coordinates": [ [ 8.3485855, 49.0124842 ], [ 8.3487512, 49.013003 ] ] } },
{ "type": "Feature", "properties": { "voltage_kv": "220 kV", "operator_show": "RWE", "name_show": "220 kV Gremberghoven Ost|West" }, "geometry": { "type": "LineString", "coordinates": [ [ 7.0943982, 50.8269324 ], [ 7.0954787, 50.8263376 ] ] } },
{ "type": "Feature", "properties": { "voltage_kv": "220 kV", "operator_show": "TransnetBW", "name_show": "–" }, "geometry": { "type": "LineString", "coordinates": [ [ 8.3136972, 49.006434 ], [ 8.314865, 49.0094985 ] ] } },
{ "type": "Feature", "properties": { "voltage_kv": "220 kV", "operator_show": "RWE", "name_show": "–" }, "geometry": { "type": "LineString", "coordinates": [ [ 7.0624458, 51.6871975 ], [ 7.0631582, 51.6843809 ] ] } },
{ "type": "Feature", "properties": { "voltage_kv": "220 kV", "operator_show": "RWE", "name_show": "220kV Hochlarmark Ost/West" }, "geometry": { "type": "LineString", "coordinates": [ [ 7.0631582, 51.6843809 ], [ 7.0630155, 51.6759071 ] ] } },
{ "type": "Feature", "properties": { "voltage_kv": "220 kV", "operator_show": "RWE", "name_show": "2601 Gersteinwerk - Pöppinghausen" }, "geometry": { "type": "LineString", "coordinates": [ [ 7.3437134, 51.613105 ], [ 7.3667888, 51.627995 ] ] } },
{ "type": "Feature", "properties": { "voltage_kv": "220 kV", "operator_show": "RWE", "name_show": "220kV Utfort West+Uerdingen West" }, "geometry": { "type": "LineString", "coordinates": [ [ 6.5835533, 51.437964699999988 ], [ 6.6138983, 51.4736193 ] ] } },
{ "type": "Feature", "properties": { "voltage_kv": "220 kV; 110 kV", "operator_show": "RWE", "name_show": "–" }, "geometry": { "type": "LineString", "coordinates": [ [ 6.6506675, 51.5537023 ], [ 6.650584, 51.553398799999989 ] ] } },
{ "type": "Feature", "properties": { "voltage_kv": "220 kV", "operator_show": "TenneT TSO GmbH", "name_show": "207" }, "geometry": { "type": "LineString", "coordinates": [ [ 9.9968298, 54.3134086 ], [ 9.9843556, 54.3199946 ] ] } },
{ "type": "Feature", "properties": { "voltage_kv": "220 kV", "operator_show": "–", "name_show": "Otterbach - Beeden" }, "geometry": { "type": "LineString", "coordinates": [ [ 7.321021, 49.306550399999985 ], [ 7.3170834, 49.3063915 ] ] } },
{ "type": "Feature", "properties": { "voltage_kv": "220 kV", "operator_show": "TenneT TSO", "name_show": "OBR-KR-SSI" }, "geometry": { "type": "LineString", "coordinates": [ [ 11.2869439, 47.492862499999987 ], [ 11.2656267, 47.4012553 ] ] } },
{ "type": "Feature", "properties": { "voltage_kv": "220 kV", "operator_show": "TenneT TSO", "name_show": "Leitung 2001" }, "geometry": { "type": "LineString", "coordinates": [ [ 9.8524163, 51.898765299999987 ], [ 9.7927345, 51.9557313 ], [ 9.790932, 52.001331 ] ] } },
{ "type": "Feature", "properties": { "voltage_kv": "220 kV", "operator_show": "RWE", "name_show": "–" }, "geometry": { "type": "LineString", "coordinates": [ [ 6.3284882, 51.2417032 ], [ 6.3294443, 51.2421915 ] ] } },
{ "type": "Feature", "properties": { "voltage_kv": "220 kV", "operator_show": "TenneT TSO", "name_show": "Ltg 203 weiß Hamburg Nord (Friedrichsgabe)" }, "geometry": { "type": "LineString", "coordinates": [ [ 9.986407, 53.765967 ], [ 9.9868986, 53.7650702 ] ] } },
{ "type": "Feature", "properties": { "voltage_kv": "220 kV", "operator_show": "TenneT TSO", "name_show": "Ltg 203 weiß" }, "geometry": { "type": "LineString", "coordinates": [ [ 9.9868986, 53.7650702 ], [ 9.984088, 53.759865299999987 ] ] } },
{ "type": "Feature", "properties": { "voltage_kv": "220 kV", "operator_show": "RWE", "name_show": "–" }, "geometry": { "type": "LineString", "coordinates": [ [ 6.7318689, 51.51881 ], [ 6.7306271, 51.5199485 ] ] } },
{ "type": "Feature", "properties": { "voltage_kv": "220 kV", "operator_show": "–", "name_show": "–" }, "geometry": { "type": "LineString", "coordinates": [ [ 6.7318689, 51.51881 ], [ 6.7333915, 51.5202274 ] ] } },
{ "type": "Feature", "properties": { "voltage_kv": "220 kV", "operator_show": "RWE", "name_show": "–" }, "geometry": { "type": "LineString", "coordinates": [ [ 6.7426604, 51.5053977 ], [ 6.7403985, 51.5111887 ] ] } },
{ "type": "Feature", "properties": { "voltage_kv": "220 kV; 110 kV", "operator_show": "RWE", "name_show": "–" }, "geometry": { "type": "LineString", "coordinates": [ [ 7.970757, 50.9534004 ], [ 7.9875005, 50.9528123 ] ] } },
{ "type": "Feature", "properties": { "voltage_kv": "220 kV", "operator_show": "Amprion", "name_show": "220kV Eiserfeld Ltg" }, "geometry": { "type": "LineString", "coordinates": [ [ 7.9826893, 50.8429622 ], [ 7.9831177, 50.847885699999985 ] ] } },
{ "type": "Feature", "properties": { "voltage_kv": "220 kV", "operator_show": "TransnetBW GmbH", "name_show": "–" }, "geometry": { "type": "LineString", "coordinates": [ [ 8.6250594, 49.356824099999983 ], [ 8.6261621, 49.3564176 ] ] } },
{ "type": "Feature", "properties": { "voltage_kv": "220 kV", "operator_show": "–", "name_show": "–" }, "geometry": { "type": "LineString", "coordinates": [ [ 8.6250821, 49.3571973 ], [ 8.6265079, 49.3569574 ] ] } },
{ "type": "Feature", "properties": { "voltage_kv": "220 kV", "operator_show": "–", "name_show": "–" }, "geometry": { "type": "LineString", "coordinates": [ [ 8.6265079, 49.3569574 ], [ 8.6252124, 49.3573725 ] ] } },
{ "type": "Feature", "properties": { "voltage_kv": "220 kV", "operator_show": "TransnetBW GmbH", "name_show": "–" }, "geometry": { "type": "LineString", "coordinates": [ [ 8.6229983, 49.3585251 ], [ 8.6239597, 49.3574387 ] ] } },
{ "type": "Feature", "properties": { "voltage_kv": "220 kV", "operator_show": "TransnetBW GmbH", "name_show": "–" }, "geometry": { "type": "LineString", "coordinates": [ [ 8.6240909, 49.357615099999975 ], [ 8.6229983, 49.3585251 ] ] } },
{ "type": "Feature", "properties": { "voltage_kv": "220 kV", "operator_show": "Badenwerk", "name_show": "Elsenz" }, "geometry": { "type": "LineString", "coordinates": [ [ 8.6247013, 49.3566849 ], [ 8.6261621, 49.3564176 ] ] } },
{ "type": "Feature", "properties": { "voltage_kv": "220 kV", "operator_show": "Amprion", "name_show": "–" }, "geometry": { "type": "LineString", "coordinates": [ [ 8.3125246, 49.009430499999979 ], [ 8.3111218, 49.0065458 ] ] } },
{ "type": "Feature", "properties": { "voltage_kv": "220 kV", "operator_show": "TransnetBW", "name_show": "–" }, "geometry": { "type": "LineString", "coordinates": [ [ 8.3151737, 49.0094873 ], [ 8.3151928, 49.0063879 ] ] } },
{ "type": "Feature", "properties": { "voltage_kv": "220 kV", "operator_show": "TransnetBW", "name_show": "–" }, "geometry": { "type": "LineString", "coordinates": [ [ 8.3146663, 49.009505700000012 ], [ 8.3136972, 49.006434 ] ] } },
{ "type": "Feature", "properties": { "voltage_kv": "220 kV", "operator_show": "–", "name_show": "Daxlanden - Mühlburg" }, "geometry": { "type": "LineString", "coordinates": [ [ 8.3134908, 49.0090338 ], [ 8.3175115, 49.0088707 ] ] } },
{ "type": "Feature", "properties": { "voltage_kv": "220 kV", "operator_show": "TenneT", "name_show": "–" }, "geometry": { "type": "LineString", "coordinates": [ [ 9.9163377, 52.3814835 ], [ 9.9160177, 52.3807459 ] ] } },
{ "type": "Feature", "properties": { "voltage_kv": "220 kV", "operator_show": "TenneT", "name_show": "Leitung 2024" }, "geometry": { "type": "LineString", "coordinates": [ [ 9.9196727, 52.3810402 ], [ 9.9195228, 52.3802666 ] ] } },
{ "type": "Feature", "properties": { "voltage_kv": "220 kV", "operator_show": "TenneT", "name_show": "Leitung 2024" }, "geometry": { "type": "LineString", "coordinates": [ [ 9.9199091, 52.3810088 ], [ 9.9195228, 52.3802666 ] ] } },
{ "type": "Feature", "properties": { "voltage_kv": "220 kV", "operator_show": "–", "name_show": "–" }, "geometry": { "type": "LineString", "coordinates": [ [ 7.8849838, 52.2760166 ], [ 7.8876072, 52.2771569 ] ] } },
{ "type": "Feature", "properties": { "voltage_kv": "220 kV", "operator_show": "–", "name_show": "–" }, "geometry": { "type": "LineString", "coordinates": [ [ 7.8849838, 52.2760166 ], [ 7.887749, 52.2770264 ] ] } },
{ "type": "Feature", "properties": { "voltage_kv": "220 kV", "operator_show": "RWE", "name_show": "–" }, "geometry": { "type": "LineString", "coordinates": [ [ 7.8849838, 52.2760166 ], [ 7.8874758, 52.2772778 ] ] } },
{ "type": "Feature", "properties": { "voltage_kv": "220 kV", "operator_show": "TenneT TSO", "name_show": "–" }, "geometry": { "type": "LineString", "coordinates": [ [ 9.124075, 52.5379734 ], [ 9.123384, 52.538336 ] ] } },
{ "type": "Feature", "properties": { "voltage_kv": "220 kV", "operator_show": "TenneT TSO", "name_show": "–" }, "geometry": { "type": "LineString", "coordinates": [ [ 9.1243262, 52.5391431 ], [ 9.123738, 52.539446 ] ] } },
{ "type": "Feature", "properties": { "voltage_kv": "220 kV", "operator_show": "–", "name_show": "–" }, "geometry": { "type": "LineString", "coordinates": [ [ 8.6601712, 52.001467 ], [ 8.6595469, 52.0007556 ] ] } },
{ "type": "Feature", "properties": { "voltage_kv": "220 kV", "operator_show": "–", "name_show": "–" }, "geometry": { "type": "LineString", "coordinates": [ [ 8.6601712, 52.001467 ], [ 8.6597537, 52.000789 ] ] } },
{ "type": "Feature", "properties": { "voltage_kv": "220 kV", "operator_show": "–", "name_show": "–" }, "geometry": { "type": "LineString", "coordinates": [ [ 8.6580006, 52.0023226 ], [ 8.6591528, 52.0006897 ] ] } },
{ "type": "Feature", "properties": { "voltage_kv": "220 kV", "operator_show": "–", "name_show": "–" }, "geometry": { "type": "LineString", "coordinates": [ [ 6.9757257, 51.0375074 ], [ 6.9759485, 51.037517199999989 ] ] } },
{ "type": "Feature", "properties": { "voltage_kv": "220 kV", "operator_show": "Amprion", "name_show": "–" }, "geometry": { "type": "LineString", "coordinates": [ [ 6.7016709, 51.0108728 ], [ 6.7016728, 51.0105811 ] ] } },
{ "type": "Feature", "properties": { "voltage_kv": "220 kV", "operator_show": "Amprion", "name_show": "–" }, "geometry": { "type": "LineString", "coordinates": [ [ 6.7019987, 51.0072159 ], [ 6.7190653, 51.0047425 ] ] } },
{ "type": "Feature", "properties": { "voltage_kv": "220 kV", "operator_show": "TenneT TSO", "name_show": "–" }, "geometry": { "type": "LineString", "coordinates": [ [ 9.7261166, 54.288427099999971 ], [ 9.7259706, 54.2883026 ] ] } },
{ "type": "Feature", "properties": { "voltage_kv": "220 kV", "operator_show": "50Hertz", "name_show": "291; 302" }, "geometry": { "type": "LineString", "coordinates": [ [ 13.5067692, 52.3970341 ], [ 13.5232238, 52.424922699999989 ] ] } },
{ "type": "Feature", "properties": { "voltage_kv": "220 kV", "operator_show": "50Hertz Transmission", "name_show": "Ltg 357 und 358 Wolkramshausen - Eula" }, "geometry": { "type": "LineString", "coordinates": [ [ 12.3994258, 51.1554697 ], [ 12.3363886, 51.1414344 ] ] } },
{ "type": "Feature", "properties": { "voltage_kv": "220 kV", "operator_show": "50Hertz Transmission", "name_show": "Ltg 357 und 358 Eula - Wolkramshausen" }, "geometry": { "type": "LineString", "coordinates": [ [ 12.3363886, 51.1414344 ], [ 12.2481434, 51.1777125 ], [ 12.2516936, 51.1984283 ] ] } },
{ "type": "Feature", "properties": { "voltage_kv": "220 kV", "operator_show": "Amprion", "name_show": "–" }, "geometry": { "type": "LineString", "coordinates": [ [ 7.608017, 51.8984902 ], [ 7.6087077, 51.8990224 ] ] } },
{ "type": "Feature", "properties": { "voltage_kv": "220 kV", "operator_show": "Amprion", "name_show": "–" }, "geometry": { "type": "LineString", "coordinates": [ [ 7.6071644, 51.8980549 ], [ 7.6041812, 51.8971441 ] ] } },
{ "type": "Feature", "properties": { "voltage_kv": "220 kV", "operator_show": "50Hertz Transmission", "name_show": "Ltg 212 Röhrsdorf" }, "geometry": { "type": "LineString", "coordinates": [ [ 12.4748468, 50.7526488 ], [ 12.476775, 50.7527704 ] ] } },
{ "type": "Feature", "properties": { "voltage_kv": "220 kV", "operator_show": "50Hertz Transmission", "name_show": "Ltg 211 Röhrsdorf" }, "geometry": { "type": "LineString", "coordinates": [ [ 12.4748468, 50.7526488 ], [ 12.4765773, 50.7533462 ] ] } },
{ "type": "Feature", "properties": { "voltage_kv": "220 kV", "operator_show": "TransnetBW", "name_show": "–" }, "geometry": { "type": "LineString", "coordinates": [ [ 8.3109478, 49.0121745 ], [ 8.3117565, 49.0105121 ] ] } },
{ "type": "Feature", "properties": { "voltage_kv": "220 kV", "operator_show": "–", "name_show": "–" }, "geometry": { "type": "LineString", "coordinates": [ [ 8.3108167, 49.0105744 ], [ 8.3107775, 49.0099521 ] ] } },
{ "type": "Feature", "properties": { "voltage_kv": "220 kV", "operator_show": "–", "name_show": "–" }, "geometry": { "type": "LineString", "coordinates": [ [ 8.3109814, 49.0099447 ], [ 8.3110232, 49.0105656 ] ] } },
{ "type": "Feature", "properties": { "voltage_kv": "220 kV", "operator_show": "–", "name_show": "Daxlanden - Mühlburg" }, "geometry": { "type": "LineString", "coordinates": [ [ 8.3175115, 49.0088707 ], [ 8.3135014, 49.0092074 ] ] } },
{ "type": "Feature", "properties": { "voltage_kv": "220 kV", "operator_show": "TransnetBW", "name_show": "–" }, "geometry": { "type": "LineString", "coordinates": [ [ 8.3175115, 49.0088707 ], [ 8.3485855, 49.0124842 ] ] } },
{ "type": "Feature", "properties": { "voltage_kv": "220 kV", "operator_show": "–", "name_show": "Saarwellingen - Diefflen" }, "geometry": { "type": "LineString", "coordinates": [ [ 6.7569844, 49.3656152 ], [ 6.7552651, 49.3650916 ] ] } },
{ "type": "Feature", "properties": { "voltage_kv": "220 kV", "operator_show": "ampiron", "name_show": "–" }, "geometry": { "type": "LineString", "coordinates": [ [ 6.7540121, 49.364879299999984 ], [ 6.750488, 49.3656563 ] ] } },
{ "type": "Feature", "properties": { "voltage_kv": "220 kV", "operator_show": "ampiron", "name_show": "–" }, "geometry": { "type": "LineString", "coordinates": [ [ 6.7540121, 49.364879299999984 ], [ 6.7555321, 49.365083 ] ] } },
{ "type": "Feature", "properties": { "voltage_kv": "220 kV", "operator_show": "–", "name_show": "Saarwellingen - Diefflen" }, "geometry": { "type": "LineString", "coordinates": [ [ 6.7569844, 49.3656152 ], [ 6.7551905, 49.3652272 ] ] } },
{ "type": "Feature", "properties": { "voltage_kv": "220 kV", "operator_show": "–", "name_show": "Saarwellingen - Diefflen" }, "geometry": { "type": "LineString", "coordinates": [ [ 6.7569844, 49.3656152 ], [ 6.7597343, 49.3661652 ] ] } },
{ "type": "Feature", "properties": { "voltage_kv": "220 kV", "operator_show": "ampiron", "name_show": "–" }, "geometry": { "type": "LineString", "coordinates": [ [ 6.750488, 49.3656563 ], [ 6.7495037, 49.3650432 ] ] } },
{ "type": "Feature", "properties": { "voltage_kv": "220 kV", "operator_show": "ampiron", "name_show": "–" }, "geometry": { "type": "LineString", "coordinates": [ [ 6.7493895, 49.3651337 ], [ 6.750488, 49.3656563 ] ] } },
{ "type": "Feature", "properties": { "voltage_kv": "220 kV", "operator_show": "TenneT TSO", "name_show": "302" }, "geometry": { "type": "LineString", "coordinates": [ [ 8.471527, 53.429536 ], [ 8.4731614, 53.4299992 ] ] } },
{ "type": "Feature", "properties": { "voltage_kv": "220 kV", "operator_show": "TenneT TSO", "name_show": "–" }, "geometry": { "type": "LineString", "coordinates": [ [ 12.1510559, 49.0124215 ], [ 12.1510019, 49.0119007 ] ] } },
{ "type": "Feature", "properties": { "voltage_kv": "220 kV", "operator_show": "–", "name_show": "–" }, "geometry": { "type": "LineString", "coordinates": [ [ 11.3269991, 49.3941079 ], [ 11.3267637, 49.3935003 ] ] } },
{ "type": "Feature", "properties": { "voltage_kv": "220 kV", "operator_show": "–", "name_show": "–" }, "geometry": { "type": "LineString", "coordinates": [ [ 11.3260901, 49.3942652 ], [ 11.3258591, 49.393658300000013 ] ] } },
{ "type": "Feature", "properties": { "voltage_kv": "220 kV", "operator_show": "Badenwerk", "name_show": "Elsenz" }, "geometry": { "type": "LineString", "coordinates": [ [ 8.6894493, 49.3360234 ], [ 8.7530299, 49.3096261 ] ] } },
{ "type": "Feature", "properties": { "voltage_kv": "220 kV", "operator_show": "Badenwerk", "name_show": "Elsenz" }, "geometry": { "type": "LineString", "coordinates": [ [ 8.7530299, 49.3096261 ], [ 8.7539107, 49.308671299999986 ] ] } },
{ "type": "Feature", "properties": { "voltage_kv": "220 kV", "operator_show": "TenneT", "name_show": "–" }, "geometry": { "type": "LineString", "coordinates": [ [ 10.0860793, 52.315004399999985 ], [ 10.0834216, 52.31436 ] ] } },
{ "type": "Feature", "properties": { "voltage_kv": "220 kV; 110 kV", "operator_show": "TenneT TSO GmbH;Schleswig-Holstein Netz", "name_show": "212 Brunsbüttel-Itzehoe/West" }, "geometry": { "type": "LineString", "coordinates": [ [ 9.448242, 53.965942199999986 ], [ 9.3875989, 53.9441544 ] ] } },
{ "type": "Feature", "properties": { "voltage_kv": "220 kV", "operator_show": "–", "name_show": "Götterswick Süd + Wesel Ost" }, "geometry": { "type": "LineString", "coordinates": [ [ 6.6506675, 51.5537023 ], [ 6.6471441, 51.5537332 ] ] } },
{ "type": "Feature", "properties": { "voltage_kv": "220 kV; 110 kV", "operator_show": "RWE", "name_show": "–" }, "geometry": { "type": "LineString", "coordinates": [ [ 6.650584, 51.553398799999989 ], [ 6.6443314, 51.5126833 ] ] } },
{ "type": "Feature", "properties": { "voltage_kv": "220 kV", "operator_show": "Amprion GmbH", "name_show": "Biblis 3c" }, "geometry": { "type": "LineString", "coordinates": [ [ 8.4216365, 49.6391597 ], [ 8.4228201, 49.6402445 ] ] } },
{ "type": "Feature", "properties": { "voltage_kv": "220 kV", "operator_show": "Amprion GmbH", "name_show": "Biblis 3c" }, "geometry": { "type": "LineString", "coordinates": [ [ 8.4216365, 49.6391597 ], [ 8.4231203, 49.64008 ] ] } },
{ "type": "Feature", "properties": { "voltage_kv": "220 kV; 0 kV", "operator_show": "Amprion GmbH", "name_show": "Biblis 3c" }, "geometry": { "type": "LineString", "coordinates": [ [ 8.422955, 49.6399801 ], [ 8.4232233, 49.6398234 ] ] } },
{ "type": "Feature", "properties": { "voltage_kv": "220 kV", "operator_show": "Amprion", "name_show": "220 kV Heisdorf - Quint Nord; 220kVOsburg" }, "geometry": { "type": "LineString", "coordinates": [ [ 6.7031846, 49.8300304 ], [ 6.7033141, 49.8304359 ] ] } },
{ "type": "Feature", "properties": { "voltage_kv": "220 kV", "operator_show": "TenneT TSO", "name_show": "Ltg 203 blau Umspannwerk Hamburg Nord (Henstedt-Ulzburg)" }, "geometry": { "type": "LineString", "coordinates": [ [ 9.9836468, 53.743264099999983 ], [ 9.9809158, 53.743387 ] ] } },
{ "type": "Feature", "properties": { "voltage_kv": "220 kV", "operator_show": "TenneT TSO", "name_show": "Ltg 203 weiß Umspannwerk Hamburg Nord (Henstedt-Ulzburg)" }, "geometry": { "type": "LineString", "coordinates": [ [ 9.9837926, 53.7435836 ], [ 9.9809158, 53.743387 ] ] } },
{ "type": "Feature", "properties": { "voltage_kv": "220 kV", "operator_show": "TenneT TSO", "name_show": "–" }, "geometry": { "type": "LineString", "coordinates": [ [ 9.984088, 53.759865299999987 ], [ 9.9822366, 53.752385099999977 ] ] } },
{ "type": "Feature", "properties": { "voltage_kv": "220 kV; 0 kV", "operator_show": "Badenwerk", "name_show": "Tiengen - Schlücht 1x 220 kV" }, "geometry": { "type": "LineString", "coordinates": [ [ 8.2540586, 47.6403821 ], [ 8.2596549, 47.6360931 ] ] } },
{ "type": "Feature", "properties": { "voltage_kv": "220 kV", "operator_show": "Amprion", "name_show": "220 kV Kondelwald;220kV Wengerohr" }, "geometry": { "type": "LineString", "coordinates": [ [ 6.916741, 49.972001699999979 ], [ 6.9098892, 49.9736418 ] ] } },
{ "type": "Feature", "properties": { "voltage_kv": "220 kV", "operator_show": "–", "name_show": "–" }, "geometry": { "type": "LineString", "coordinates": [ [ 11.4341273, 50.6526219 ], [ 11.4340866, 50.652732300000011 ] ] } },
{ "type": "Feature", "properties": { "voltage_kv": "220 kV", "operator_show": "–", "name_show": "–" }, "geometry": { "type": "LineString", "coordinates": [ [ 7.844186, 47.5870669 ], [ 7.8720592, 47.6008845 ] ] } },
{ "type": "Feature", "properties": { "voltage_kv": "220 kV", "operator_show": "–", "name_show": "–" }, "geometry": { "type": "LineString", "coordinates": [ [ 7.9573487, 47.5939516 ], [ 7.9558467, 47.5939453 ] ] } },
{ "type": "Feature", "properties": { "voltage_kv": "220 kV", "operator_show": "–", "name_show": "–" }, "geometry": { "type": "LineString", "coordinates": [ [ 7.844186, 47.5870669 ], [ 7.8444511, 47.5862119 ] ] } },
{ "type": "Feature", "properties": { "voltage_kv": "220 kV", "operator_show": "–", "name_show": "–" }, "geometry": { "type": "LineString", "coordinates": [ [ 7.9591698, 47.5938863 ], [ 7.9666633, 47.5950182 ] ] } },
{ "type": "Feature", "properties": { "voltage_kv": "220 kV", "operator_show": "RWE", "name_show": "–" }, "geometry": { "type": "LineString", "coordinates": [ [ 7.2406935, 49.356181299999989 ], [ 7.2396641, 49.3568145 ] ] } },
{ "type": "Feature", "properties": { "voltage_kv": "220 kV", "operator_show": "50Hertz Transmission", "name_show": "Ltg 526 Thyrow - Wustermark und (521)" }, "geometry": { "type": "LineString", "coordinates": [ [ 12.9477107, 52.5617382 ], [ 12.945812, 52.563820799999966 ] ] } },
{ "type": "Feature", "properties": { "voltage_kv": "220 kV", "operator_show": "Amprion", "name_show": "–" }, "geometry": { "type": "LineString", "coordinates": [ [ 7.592237, 51.9264815 ], [ 7.5915325, 51.9278308 ] ] } },
{ "type": "Feature", "properties": { "voltage_kv": "220 kV", "operator_show": "Amprion", "name_show": "220 kV Troisdorf Ost|West" }, "geometry": { "type": "LineString", "coordinates": [ [ 6.972892, 50.7938436 ], [ 6.9747074, 50.794217 ] ] } },
{ "type": "Feature", "properties": { "voltage_kv": "220 kV", "operator_show": "Amprion", "name_show": "220 kV Troisdorf West" }, "geometry": { "type": "LineString", "coordinates": [ [ 6.972892, 50.7938436 ], [ 6.9722096, 50.793953900000012 ] ] } },
{ "type": "Feature", "properties": { "voltage_kv": "220 kV; 110 kV", "operator_show": "Amprion", "name_show": "–" }, "geometry": { "type": "LineString", "coordinates": [ [ 8.3100178, 52.3452198 ], [ 8.3064307, 52.3409537 ] ] } },
{ "type": "Feature", "properties": { "voltage_kv": "220 kV", "operator_show": "Amprion", "name_show": "–" }, "geometry": { "type": "LineString", "coordinates": [ [ 7.6059093, 51.3303886 ], [ 7.6260619, 51.295958600000013 ] ] } },
{ "type": "Feature", "properties": { "voltage_kv": "220 kV", "operator_show": "RWE", "name_show": "–" }, "geometry": { "type": "LineString", "coordinates": [ [ 6.7391757, 51.5133818 ], [ 6.7318689, 51.51881 ] ] } },
{ "type": "Feature", "properties": { "voltage_kv": "220 kV", "operator_show": "RWE", "name_show": "–" }, "geometry": { "type": "LineString", "coordinates": [ [ 6.7403985, 51.5111887 ], [ 6.7391757, 51.5133818 ] ] } },
{ "type": "Feature", "properties": { "voltage_kv": "220 kV", "operator_show": "–", "name_show": "–" }, "geometry": { "type": "LineString", "coordinates": [ [ 6.7439753, 51.498912 ], [ 6.7293043, 51.496280399999989 ] ] } },
{ "type": "Feature", "properties": { "voltage_kv": "220 kV", "operator_show": "–", "name_show": "–" }, "geometry": { "type": "LineString", "coordinates": [ [ 6.7454094, 51.4985588 ], [ 6.7452136, 51.498408 ] ] } },
{ "type": "Feature", "properties": { "voltage_kv": "220 kV", "operator_show": "RWE", "name_show": "–" }, "geometry": { "type": "LineString", "coordinates": [ [ 6.7461708, 51.4988318 ], [ 6.7426604, 51.5053977 ] ] } },
{ "type": "Feature", "properties": { "voltage_kv": "220 kV", "operator_show": "–", "name_show": "–" }, "geometry": { "type": "LineString", "coordinates": [ [ 6.7452136, 51.498408 ], [ 6.7455912, 51.4984038 ] ] } },
{ "type": "Feature", "properties": { "voltage_kv": "220 kV", "operator_show": "RWE", "name_show": "–" }, "geometry": { "type": "LineString", "coordinates": [ [ 6.7250579, 51.4782496 ], [ 6.7214173, 51.4793537 ] ] } },
{ "type": "Feature", "properties": { "voltage_kv": "220 kV", "operator_show": "TenneT", "name_show": "211" }, "geometry": { "type": "LineString", "coordinates": [ [ 8.0848985, 53.605502199999982 ], [ 8.081571, 53.605233 ] ] } },
{ "type": "Feature", "properties": { "voltage_kv": "220 kV", "operator_show": "TenneT", "name_show": "Maade schwarz" }, "geometry": { "type": "LineString", "coordinates": [ [ 8.087343, 53.604992 ], [ 8.0861826, 53.60609740000001 ] ] } },
{ "type": "Feature", "properties": { "voltage_kv": "220 kV", "operator_show": "TenneT", "name_show": "Maade weiß" }, "geometry": { "type": "LineString", "coordinates": [ [ 8.0859949, 53.6060223 ], [ 8.087343, 53.604992 ] ] } },
{ "type": "Feature", "properties": { "voltage_kv": "220 kV", "operator_show": "TransnetBW GmbH", "name_show": "Anlage 313; NWHEI-PULVE" }, "geometry": { "type": "LineString", "coordinates": [ [ 9.0488193, 48.904017 ], [ 9.0482938, 48.90302650000001 ] ] } },
{ "type": "Feature", "properties": { "voltage_kv": "220 kV", "operator_show": "TransnetBW GmbH", "name_show": "–" }, "geometry": { "type": "LineString", "coordinates": [ [ 9.0449344, 48.903495 ], [ 9.0451251, 48.903757899999988 ] ] } },
{ "type": "Feature", "properties": { "voltage_kv": "220 kV", "operator_show": "TransnetBW", "name_show": "–" }, "geometry": { "type": "LineString", "coordinates": [ [ 8.4451572, 48.98358 ], [ 8.445732, 48.9853342 ] ] } },
{ "type": "Feature", "properties": { "voltage_kv": "220 kV", "operator_show": "TenneT", "name_show": "–" }, "geometry": { "type": "LineString", "coordinates": [ [ 10.158227, 54.274297499999982 ], [ 10.1569999, 54.2751643 ] ] } },
{ "type": "Feature", "properties": { "voltage_kv": "220 kV", "operator_show": "–", "name_show": "–" }, "geometry": { "type": "LineString", "coordinates": [ [ 13.5242627, 52.534536599999988 ], [ 13.5242755, 52.5341077 ] ] } },
{ "type": "Feature", "properties": { "voltage_kv": "220 kV; 110 kV", "operator_show": "Amprion", "name_show": "220 kV Kondelwald; 110 kV Cochem Nord" }, "geometry": { "type": "LineString", "coordinates": [ [ 7.114701, 50.1224575 ], [ 7.0624587, 50.0424148 ] ] } },
{ "type": "Feature", "properties": { "voltage_kv": "220 kV; 110 kV", "operator_show": "Amprion", "name_show": "220 kV Kondelwald; 110 kV Pünderich" }, "geometry": { "type": "LineString", "coordinates": [ [ 7.0624587, 50.0424148 ], [ 7.0390246, 50.020167099999981 ] ] } },
{ "type": "Feature", "properties": { "voltage_kv": "220 kV", "operator_show": "50Hertz Transmission", "name_show": "Ltg 526 Wustermark" }, "geometry": { "type": "LineString", "coordinates": [ [ 13.306811, 52.2301152 ], [ 13.3071585, 52.227322600000015 ] ] } },
{ "type": "Feature", "properties": { "voltage_kv": "220 kV", "operator_show": "50Hertz Transmission", "name_show": "Ltg 291" }, "geometry": { "type": "LineString", "coordinates": [ [ 13.3086975, 52.23108340000001 ], [ 13.3070684, 52.2307384 ] ] } },
{ "type": "Feature", "properties": { "voltage_kv": "220 kV", "operator_show": "50Hertz Transmission", "name_show": "Ltg 302" }, "geometry": { "type": "LineString", "coordinates": [ [ 13.3086975, 52.23108340000001 ], [ 13.3071768, 52.230996 ] ] } },
{ "type": "Feature", "properties": { "voltage_kv": "220 kV", "operator_show": "RWE", "name_show": "Hoheneck West" }, "geometry": { "type": "LineString", "coordinates": [ [ 9.1384855, 49.145571399999987 ], [ 9.1420738, 49.135879500000016 ] ] } },
{ "type": "Feature", "properties": { "voltage_kv": "220 kV", "operator_show": "50Hertz Transmission", "name_show": "Ltg 232 Weida" }, "geometry": { "type": "LineString", "coordinates": [ [ 12.2436563, 50.568731599999978 ], [ 12.2449655, 50.568843299999983 ] ] } },
{ "type": "Feature", "properties": { "voltage_kv": "220 kV", "operator_show": "50Hertz Transmission", "name_show": "Ltg 231 Weida" }, "geometry": { "type": "LineString", "coordinates": [ [ 12.2436017, 50.5680103 ], [ 12.2449655, 50.568843299999983 ] ] } },
{ "type": "Feature", "properties": { "voltage_kv": "220 kV", "operator_show": "TenneT TSO", "name_show": "–" }, "geometry": { "type": "LineString", "coordinates": [ [ 11.373835, 48.2913314 ], [ 11.3747929, 48.2935221 ] ] } },
{ "type": "Feature", "properties": { "voltage_kv": "220 kV", "operator_show": "TenneT TSO", "name_show": "–" }, "geometry": { "type": "LineString", "coordinates": [ [ 11.3732753, 48.2913612 ], [ 11.3747929, 48.2935221 ] ] } },
{ "type": "Feature", "properties": { "voltage_kv": "220 kV", "operator_show": "TenneT TSO", "name_show": "Oba VK7" }, "geometry": { "type": "LineString", "coordinates": [ [ 11.3729039, 48.2913817 ], [ 11.3703543, 48.2912252 ] ] } },
{ "type": "Feature", "properties": { "voltage_kv": "220 kV", "operator_show": "TenneT TSO", "name_show": "–" }, "geometry": { "type": "LineString", "coordinates": [ [ 9.7270716, 54.287665799999985 ], [ 9.7272965, 54.2878335 ] ] } },
{ "type": "Feature", "properties": { "voltage_kv": "220 kV", "operator_show": "–", "name_show": "–" }, "geometry": { "type": "LineString", "coordinates": [ [ 7.9573517, 47.593817799999989 ], [ 7.9591698, 47.5938863 ] ] } },
{ "type": "Feature", "properties": { "voltage_kv": "220 kV", "operator_show": "–", "name_show": "–" }, "geometry": { "type": "LineString", "coordinates": [ [ 7.9591698, 47.5938863 ], [ 7.9573487, 47.5939516 ] ] } },
{ "type": "Feature", "properties": { "voltage_kv": "220 kV", "operator_show": "–", "name_show": "–" }, "geometry": { "type": "LineString", "coordinates": [ [ 7.9545726, 47.59559380000001 ], [ 7.9554779, 47.5954767 ] ] } },
{ "type": "Feature", "properties": { "voltage_kv": "220 kV", "operator_show": "–", "name_show": "–" }, "geometry": { "type": "LineString", "coordinates": [ [ 7.9545726, 47.59559380000001 ], [ 7.9554819, 47.595328599999988 ] ] } },
{ "type": "Feature", "properties": { "voltage_kv": "220 kV", "operator_show": "–", "name_show": "–" }, "geometry": { "type": "LineString", "coordinates": [ [ 7.9524142, 47.5957386 ], [ 7.9554859, 47.5951822 ] ] } },
{ "type": "Feature", "properties": { "voltage_kv": "220 kV", "operator_show": "Schluchseewerk AG", "name_show": "–" }, "geometry": { "type": "LineString", "coordinates": [ [ 7.9540017, 47.5946776 ], [ 7.9554933, 47.5949151 ] ] } },
{ "type": "Feature", "properties": { "voltage_kv": "220 kV", "operator_show": "Schluchseewerk AG", "name_show": "–" }, "geometry": { "type": "LineString", "coordinates": [ [ 7.9540017, 47.5946776 ], [ 7.9554971, 47.5947733 ] ] } },
{ "type": "Feature", "properties": { "voltage_kv": "220 kV", "operator_show": "Schluchseewerk AG", "name_show": "–" }, "geometry": { "type": "LineString", "coordinates": [ [ 7.9540017, 47.5946776 ], [ 7.955501, 47.5946367 ] ] } },
{ "type": "Feature", "properties": { "voltage_kv": "220 kV", "operator_show": "Schluchseewerk AG", "name_show": "–" }, "geometry": { "type": "LineString", "coordinates": [ [ 7.9540017, 47.5946776 ], [ 7.9555044, 47.594506199999984 ] ] } },
{ "type": "Feature", "properties": { "voltage_kv": "220 kV", "operator_show": "50Hertz Transmission", "name_show": "Ltg 328 Güstrow" }, "geometry": { "type": "LineString", "coordinates": [ [ 11.89905, 53.4079445 ], [ 11.8978138, 53.408559899999986 ] ] } },
{ "type": "Feature", "properties": { "voltage_kv": "220 kV; 110 kV", "operator_show": "TenneT TSO;Schleswig-Holstein Netz", "name_show": "Ltg 203 blau Hamburg Nord (Henstedt-Ulzburg) - Hamburg Nord (Friedrichsgabe) und Ltg 118" }, "geometry": { "type": "LineString", "coordinates": [ [ 9.9845936, 53.7584093 ], [ 9.9908098, 53.7636927 ] ] } },
{ "type": "Feature", "properties": { "voltage_kv": "220 kV", "operator_show": "TenneT TSO", "name_show": "Ltg 203 weiß  und 203 blau" }, "geometry": { "type": "LineString", "coordinates": [ [ 9.9794258, 53.7447906 ], [ 9.9809158, 53.743387 ] ] } },
{ "type": "Feature", "properties": { "voltage_kv": "225 kV", "operator_show": "RTE", "name_show": "Liaison 225 kV n°1 Port-du-Rhin - Strasbourg;Liaison 225 kV n°1 Graffenstaden - Sporeninsel" }, "geometry": { "type": "LineString", "coordinates": [ [ 7.8015241, 48.5432146 ], [ 7.795641, 48.5561459 ] ] } },
{ "type": "Feature", "properties": { "voltage_kv": "225 kV", "operator_show": "RTE", "name_show": "Liaison 225 kV n°1 Port-du-Rhin - Strasbourg" }, "geometry": { "type": "LineString", "coordinates": [ [ 7.8014616, 48.5415305 ], [ 7.8015241, 48.5432146 ] ] } },
{ "type": "Feature", "properties": { "voltage_kv": "225 kV; 63 kV", "operator_show": "RTE", "name_show": "Liaisons 63 kV et 225 kV Port-du-Rhin - Strasbourg" }, "geometry": { "type": "LineString", "coordinates": [ [ 7.7993965, 48.5256704 ], [ 7.8014616, 48.5415305 ] ] } },
{ "type": "Feature", "properties": { "voltage_kv": "225 kV", "operator_show": "RTE", "name_show": "Liaison 225 kV n°1 Port-du-Rhin - Strasbourg" }, "geometry": { "type": "LineString", "coordinates": [ [ 7.7993965, 48.5256704 ], [ 7.7991219, 48.5249518 ] ] } },
{ "type": "Feature", "properties": { "voltage_kv": "225 kV; 63 kV", "operator_show": "RTE", "name_show": "Liaison 225 kV n°1 Gerstheim - Strasbourg;Liaison 63 kV n°1 Gerstheim - Strasbourg" }, "geometry": { "type": "LineString", "coordinates": [ [ 7.765587, 48.4954709 ], [ 7.7993245, 48.5236317 ] ] } },
{ "type": "Feature", "properties": { "voltage_kv": "225 kV; 63 kV", "operator_show": "RTE", "name_show": "Liaison 225 kV n°1 Graffenstaden - Strasbourg" }, "geometry": { "type": "LineString", "coordinates": [ [ 7.768134, 48.496990099999969 ], [ 7.7989166, 48.5236698 ] ] } },
{ "type": "Feature", "properties": { "voltage_kv": "220 kV", "operator_show": "Amprion", "name_show": "220 kV Nette Ost" }, "geometry": { "type": "LineString", "coordinates": [ [ 6.9720657, 50.7938828 ], [ 6.9767285, 50.7928708 ] ] } },
{ "type": "Feature", "properties": { "voltage_kv": "220 kV", "operator_show": "50Hertz Transmission", "name_show": "Ltg 206 Eula - Taucha" }, "geometry": { "type": "LineString", "coordinates": [ [ 12.5199591, 51.155607 ], [ 12.5575004, 51.2817105 ] ] } },
{ "type": "Feature", "properties": { "voltage_kv": "220 kV", "operator_show": "TransnetBW", "name_show": "–" }, "geometry": { "type": "LineString", "coordinates": [ [ 8.546196, 49.43554240000001 ], [ 8.5132833, 49.2943701 ] ] } },
{ "type": "Feature", "properties": { "voltage_kv": "220 kV", "operator_show": "RWE", "name_show": "220 kV Godorf Ost;Olefin West" }, "geometry": { "type": "LineString", "coordinates": [ [ 6.9710747, 50.7976979 ], [ 6.9723209, 50.7947836 ] ] } },
{ "type": "Feature", "properties": { "voltage_kv": "220 kV", "operator_show": "50Hertz Transmission", "name_show": "Ltg 332 Parchim Süd" }, "geometry": { "type": "LineString", "coordinates": [ [ 11.6415494, 52.2683316 ], [ 11.6430146, 52.268622099999988 ] ] } },
{ "type": "Feature", "properties": { "voltage_kv": "220 kV", "operator_show": "50Hertz Transmission", "name_show": "Ltg 293 und 294" }, "geometry": { "type": "LineString", "coordinates": [ [ 13.5153197, 52.620090099999985 ], [ 13.5138729, 52.6188066 ] ] } },
{ "type": "Feature", "properties": { "voltage_kv": "220 kV", "operator_show": "RWE", "name_show": "220 kV Godorf Ost; Olefin West" }, "geometry": { "type": "LineString", "coordinates": [ [ 6.9338124, 50.8446113 ], [ 6.9304562, 50.8463318 ] ] } },
{ "type": "Feature", "properties": { "voltage_kv": "220 kV; 110 kV", "operator_show": "RWE", "name_show": "220 kV Godorf Ost;220 kV OlefinWest" }, "geometry": { "type": "LineString", "coordinates": [ [ 6.9304562, 50.8463318 ], [ 6.9298681, 50.8464081 ] ] } },
{ "type": "Feature", "properties": { "voltage_kv": "230 kV", "operator_show": "Stadtwerke Bielefeld GmbH", "name_show": "–" }, "geometry": { "type": "LineString", "coordinates": [ [ 8.6215257, 52.0080312 ], [ 8.6253062, 52.006840499999988 ] ] } },
{ "type": "Feature", "properties": { "voltage_kv": "225 kV", "operator_show": "RTE", "name_show": "Liaison 225 kV n°1 Graffenstaden - Strasbourg" }, "geometry": { "type": "LineString", "coordinates": [ [ 7.7987776, 48.5244188 ], [ 7.7989166, 48.5236698 ] ] } },
{ "type": "Feature", "properties": { "voltage_kv": "225 kV", "operator_show": "RTE", "name_show": "–" }, "geometry": { "type": "LineString", "coordinates": [ [ 7.9126592, 48.751746199999978 ], [ 7.8733862, 48.714997899999979 ], [ 7.9117348, 48.68457 ] ] } },
{ "type": "Feature", "properties": { "voltage_kv": "220 kV", "operator_show": "–", "name_show": "–" }, "geometry": { "type": "LineString", "coordinates": [ [ 8.7717654, 49.9741054 ], [ 8.7717859, 49.9743078 ] ] } },
{ "type": "Feature", "properties": { "voltage_kv": "220 kV", "operator_show": "–", "name_show": "–" }, "geometry": { "type": "LineString", "coordinates": [ [ 8.7718385, 49.9742992 ], [ 8.7717859, 49.9743078 ] ] } },
{ "type": "Feature", "properties": { "voltage_kv": "220 kV", "operator_show": "–", "name_show": "–" }, "geometry": { "type": "LineString", "coordinates": [ [ 8.7719117, 49.974498699999984 ], [ 8.7718608, 49.9745058 ] ] } },
{ "type": "Feature", "properties": { "voltage_kv": "220 kV", "operator_show": "–", "name_show": "–" }, "geometry": { "type": "LineString", "coordinates": [ [ 8.772175, 49.9740358 ], [ 8.7723014, 49.9742119 ] ] } },
{ "type": "Feature", "properties": { "voltage_kv": "220 kV", "operator_show": "–", "name_show": "–" }, "geometry": { "type": "LineString", "coordinates": [ [ 8.7722423, 49.9742221 ], [ 8.7723014, 49.9742119 ] ] } },
{ "type": "Feature", "properties": { "voltage_kv": "220 kV", "operator_show": "–", "name_show": "–" }, "geometry": { "type": "LineString", "coordinates": [ [ 8.7723271, 49.9744178 ], [ 8.7723766, 49.9744092 ] ] } },
{ "type": "Feature", "properties": { "voltage_kv": "220 kV", "operator_show": "–", "name_show": "–" }, "geometry": { "type": "LineString", "coordinates": [ [ 8.7723014, 49.9742119 ], [ 8.7723766, 49.9744092 ] ] } },
{ "type": "Feature", "properties": { "voltage_kv": "220 kV", "operator_show": "–", "name_show": "–" }, "geometry": { "type": "LineString", "coordinates": [ [ 8.7717859, 49.9743078 ], [ 8.7718608, 49.9745058 ] ] } },
{ "type": "Feature", "properties": { "voltage_kv": "220 kV", "operator_show": "RWE", "name_show": "Tiengen - Stockach" }, "geometry": { "type": "LineString", "coordinates": [ [ 9.0101839, 47.8431387 ], [ 8.9887432, 47.8385198 ] ] } },
{ "type": "Feature", "properties": { "voltage_kv": "220 kV", "operator_show": "RWE", "name_show": "Tiengen - Stockach" }, "geometry": { "type": "LineString", "coordinates": [ [ 9.0101839, 47.8431387 ], [ 9.0123967, 47.844214499999985 ] ] } },
{ "type": "Feature", "properties": { "voltage_kv": "220 kV", "operator_show": "–", "name_show": "–" }, "geometry": { "type": "LineString", "coordinates": [ [ 8.861618, 47.806763799999977 ], [ 8.8627595, 47.807178 ] ] } },
{ "type": "Feature", "properties": { "voltage_kv": "220 kV", "operator_show": "–", "name_show": "–" }, "geometry": { "type": "LineString", "coordinates": [ [ 8.8627595, 47.807178 ], [ 8.8617103, 47.8066621 ] ] } },
{ "type": "Feature", "properties": { "voltage_kv": "220 kV", "operator_show": "TenneT TSO GmbH", "name_show": "–" }, "geometry": { "type": "LineString", "coordinates": [ [ 9.9245388, 51.8990608 ], [ 9.9241658, 51.89779 ] ] } },
{ "type": "Feature", "properties": { "voltage_kv": "220 kV", "operator_show": "TenneT TSO GmbH", "name_show": "–" }, "geometry": { "type": "LineString", "coordinates": [ [ 9.9242679, 51.8995077 ], [ 9.9240495, 51.89787050000001 ] ] } },
{ "type": "Feature", "properties": { "voltage_kv": "220 kV", "operator_show": "Amprion", "name_show": "–" }, "geometry": { "type": "LineString", "coordinates": [ [ 10.2117546, 47.9357168 ], [ 10.2101214, 47.9368767 ] ] } },
{ "type": "Feature", "properties": { "voltage_kv": "220 kV", "operator_show": "TenneT TSO", "name_show": "Ltg 248 Schwandorf - Etzenricht" }, "geometry": { "type": "LineString", "coordinates": [ [ 12.1169124, 49.6307725 ], [ 12.1154372, 49.6286765 ] ] } },
{ "type": "Feature", "properties": { "voltage_kv": "220 kV", "operator_show": "TransnetBW", "name_show": "–" }, "geometry": { "type": "LineString", "coordinates": [ [ 8.3492218, 49.0128649 ], [ 8.3485855, 49.0124842 ] ] } },
{ "type": "Feature", "properties": { "voltage_kv": "220 kV", "operator_show": "Amprion GmbH", "name_show": "–" }, "geometry": { "type": "LineString", "coordinates": [ [ 7.178789, 51.4717115 ], [ 7.1765145, 51.4715712 ] ] } },
{ "type": "Feature", "properties": { "voltage_kv": "220 kV", "operator_show": "Amprion GmbH", "name_show": "220kV Welper Ost" }, "geometry": { "type": "LineString", "coordinates": [ [ 7.178789, 51.4717115 ], [ 7.1793479, 51.4718064 ] ] } },
{ "type": "Feature", "properties": { "voltage_kv": "220 kV", "operator_show": "Amprion GmbH", "name_show": "220kV Welper Ost" }, "geometry": { "type": "LineString", "coordinates": [ [ 7.1793644, 51.4716828 ], [ 7.178789, 51.4717115 ] ] } },
{ "type": "Feature", "properties": { "voltage_kv": "220 kV", "operator_show": "Amprion GmbH", "name_show": "–" }, "geometry": { "type": "LineString", "coordinates": [ [ 7.179289, 51.4722482 ], [ 7.1773134, 51.4725352 ] ] } },
{ "type": "Feature", "properties": { "voltage_kv": "220 kV", "operator_show": "–", "name_show": "–" }, "geometry": { "type": "LineString", "coordinates": [ [ 8.4742364, 47.5734407 ], [ 8.4750911, 47.572308299999989 ] ] } },
{ "type": "Feature", "properties": { "voltage_kv": "220 kV", "operator_show": "–", "name_show": "–" }, "geometry": { "type": "LineString", "coordinates": [ [ 8.4750911, 47.572308299999989 ], [ 8.4740425, 47.5733365 ] ] } },
{ "type": "Feature", "properties": { "voltage_kv": "220 kV", "operator_show": "RWE", "name_show": "220 kV Bocklemünd Nord|Süd (Brauweiler)" }, "geometry": { "type": "LineString", "coordinates": [ [ 6.8488607, 50.9865659 ], [ 6.8522276, 50.9850519 ] ] } },
{ "type": "Feature", "properties": { "voltage_kv": "220 kV", "operator_show": "RWE", "name_show": "220 kV Bocklemünd Nord|Süd (Brauweiler)" }, "geometry": { "type": "LineString", "coordinates": [ [ 6.8516054, 50.9838679 ], [ 6.8522276, 50.9850519 ] ] } },
{ "type": "Feature", "properties": { "voltage_kv": "220 kV", "operator_show": "RWE", "name_show": "220 kV Bocklemünd Nord|Süd (Brauweiler)" }, "geometry": { "type": "LineString", "coordinates": [ [ 6.8522276, 50.9850519 ], [ 6.8509686, 50.9841324 ] ] } },
{ "type": "Feature", "properties": { "voltage_kv": "220 kV", "operator_show": "–", "name_show": "–" }, "geometry": { "type": "LineString", "coordinates": [ [ 8.4741889, 47.5734155 ], [ 8.4750911, 47.572308299999989 ] ] } },
{ "type": "Feature", "properties": { "voltage_kv": "220 kV", "operator_show": "–", "name_show": "–" }, "geometry": { "type": "LineString", "coordinates": [ [ 8.4750911, 47.572308299999989 ], [ 8.4742805, 47.5734654 ] ] } },
{ "type": "Feature", "properties": { "voltage_kv": "220 kV", "operator_show": "–", "name_show": "–" }, "geometry": { "type": "LineString", "coordinates": [ [ 8.6628398, 49.358292899999988 ], [ 8.6265079, 49.3569574 ] ] } },
{ "type": "Feature", "properties": { "voltage_kv": "220 kV", "operator_show": "–", "name_show": "–" }, "geometry": { "type": "LineString", "coordinates": [ [ 8.6628398, 49.358292899999988 ], [ 8.6637458, 49.3597003 ] ] } },
{ "type": "Feature", "properties": { "voltage_kv": "220 kV", "operator_show": "–", "name_show": "–" }, "geometry": { "type": "LineString", "coordinates": [ [ 8.663347, 49.3597579 ], [ 8.6628398, 49.358292899999988 ] ] } },
{ "type": "Feature", "properties": { "voltage_kv": "220 kV", "operator_show": "TenneT TSO GmbH", "name_show": "–" }, "geometry": { "type": "LineString", "coordinates": [ [ 9.3845181, 51.6402232 ], [ 9.3805095, 51.6409657 ] ] } },
{ "type": "Feature", "properties": { "voltage_kv": "220 kV", "operator_show": "TenneT TSO", "name_show": "–" }, "geometry": { "type": "LineString", "coordinates": [ [ 7.2377098, 53.3551963 ], [ 7.2389867, 53.3556869 ] ] } },
{ "type": "Feature", "properties": { "voltage_kv": "220 kV; 110 kV", "operator_show": "Amprion", "name_show": "220 kV Kondelwald" }, "geometry": { "type": "LineString", "coordinates": [ [ 7.1129309, 50.149859599999985 ], [ 7.114701, 50.1224575 ] ] } },
{ "type": "Feature", "properties": { "voltage_kv": "220 kV; 110 kV", "operator_show": "Amprion", "name_show": "220 kV Kondelwald" }, "geometry": { "type": "LineString", "coordinates": [ [ 7.2889776, 50.226819399999982 ], [ 7.1567609, 50.187668299999977 ], [ 7.1129309, 50.149859599999985 ] ] } },
{ "type": "Feature", "properties": { "voltage_kv": "220 kV", "operator_show": "–", "name_show": "–" }, "geometry": { "type": "LineString", "coordinates": [ [ 7.3158109, 50.2341452 ], [ 7.3668138, 50.2964531 ], [ 7.4993606, 50.3459005 ] ] } },
{ "type": "Feature", "properties": { "voltage_kv": "225 kV", "operator_show": "RTE", "name_show": "Liaison 225 kV n°1 Gerstheim - Strasbourg" }, "geometry": { "type": "LineString", "coordinates": [ [ 7.7993245, 48.5236317 ], [ 7.7997358, 48.5243136 ] ] } },
{ "type": "Feature", "properties": { "voltage_kv": "220 kV", "operator_show": "TenneT", "name_show": "–" }, "geometry": { "type": "LineString", "coordinates": [ [ 7.2225205, 53.3498007 ], [ 7.2219323, 53.3496445 ] ] } },
{ "type": "Feature", "properties": { "voltage_kv": "220 kV", "operator_show": "TenneT TSO", "name_show": "–" }, "geometry": { "type": "LineString", "coordinates": [ [ 7.2258088, 53.350469199999985 ], [ 7.2238995, 53.3503099 ] ] } },
{ "type": "Feature", "properties": { "voltage_kv": "220 kV", "operator_show": "TenneT TSO GmbH", "name_show": "LH-14-2145" }, "geometry": { "type": "LineString", "coordinates": [ [ 8.8188495, 53.108028499999989 ], [ 8.8194274, 53.1094772 ] ] } },
{ "type": "Feature", "properties": { "voltage_kv": "220 kV", "operator_show": "TenneT TSO GmbH", "name_show": "LH-14-2145" }, "geometry": { "type": "LineString", "coordinates": [ [ 8.8194274, 53.1094772 ], [ 8.8190253, 53.1079648 ] ] } },
{ "type": "Feature", "properties": { "voltage_kv": "220 kV", "operator_show": "50Hertz Transmission", "name_show": "Ltg 301 Wuhlheide" }, "geometry": { "type": "LineString", "coordinates": [ [ 13.5245651, 52.5355583 ], [ 13.5251274, 52.534610699999988 ] ] } },
{ "type": "Feature", "properties": { "voltage_kv": "220 kV", "operator_show": "Amprion", "name_show": "–" }, "geometry": { "type": "LineString", "coordinates": [ [ 10.3664659, 47.7385109 ], [ 10.3627516, 47.737743599999988 ] ] } },
{ "type": "Feature", "properties": { "voltage_kv": "220 kV", "operator_show": "Amprion", "name_show": "–" }, "geometry": { "type": "LineString", "coordinates": [ [ 8.1078009, 52.263327 ], [ 8.1044867, 52.2637555 ] ] } },
{ "type": "Feature", "properties": { "voltage_kv": "220 kV", "operator_show": "50Hertz Transmission", "name_show": "–" }, "geometry": { "type": "LineString", "coordinates": [ [ 12.9500197, 52.5652259 ], [ 12.9455715, 52.5632914 ] ] } },
{ "type": "Feature", "properties": { "voltage_kv": "220 kV", "operator_show": "50Hertz Transmission", "name_show": "Ltg 294 Neuenhagen - Wustermark und 295 Henningsdorf - Wustermark" }, "geometry": { "type": "LineString", "coordinates": [ [ 12.9458402, 52.564226 ], [ 12.9500197, 52.5652259 ] ] } },
{ "type": "Feature", "properties": { "voltage_kv": "220 kV", "operator_show": "50Hertz Transmission", "name_show": "Ltg 294 Neuenhagen - Wustermark und 295 Henningsdorf - Wustermark" }, "geometry": { "type": "LineString", "coordinates": [ [ 12.9574657, 52.59687060000001 ], [ 12.9500197, 52.5652259 ] ] } },
{ "type": "Feature", "properties": { "voltage_kv": "220 kV", "operator_show": "50Hertz Transmission", "name_show": "294;295" }, "geometry": { "type": "LineString", "coordinates": [ [ 13.0093872, 52.616567199999977 ], [ 12.9808496, 52.61270420000001 ] ] } },
{ "type": "Feature", "properties": { "voltage_kv": "220 kV", "operator_show": "50Hertz Transmission", "name_show": "294;295" }, "geometry": { "type": "LineString", "coordinates": [ [ 13.0418795, 52.6157169 ], [ 13.0093872, 52.616567199999977 ] ] } },
{ "type": "Feature", "properties": { "voltage_kv": "220 kV", "operator_show": "50Hertz Transmission", "name_show": "294;295" }, "geometry": { "type": "LineString", "coordinates": [ [ 12.9808496, 52.61270420000001 ], [ 12.9574657, 52.59687060000001 ] ] } },
{ "type": "Feature", "properties": { "voltage_kv": "220 kV", "operator_show": "50Hertz Transmission", "name_show": "294;295" }, "geometry": { "type": "LineString", "coordinates": [ [ 13.098764, 52.6365651 ], [ 13.0418795, 52.6157169 ] ] } },
{ "type": "Feature", "properties": { "voltage_kv": "220 kV", "operator_show": "50Hertz Transmission", "name_show": "294;295" }, "geometry": { "type": "LineString", "coordinates": [ [ 13.1419012, 52.6687267 ], [ 13.098764, 52.6365651 ] ] } },
{ "type": "Feature", "properties": { "voltage_kv": "220 kV", "operator_show": "50Hertz Transmission", "name_show": "294;295" }, "geometry": { "type": "LineString", "coordinates": [ [ 13.1868799, 52.6697518 ], [ 13.1419012, 52.6687267 ] ] } },
{ "type": "Feature", "properties": { "voltage_kv": "220 kV", "operator_show": "Amprion", "name_show": "220kV Bixterheide Nord+Bigge Ost" }, "geometry": { "type": "LineString", "coordinates": [ [ 7.6773918, 51.3895027 ], [ 7.7172587, 51.410009 ] ] } },
{ "type": "Feature", "properties": { "voltage_kv": "220 kV", "operator_show": "TenneT TSO", "name_show": "201" }, "geometry": { "type": "LineString", "coordinates": [ [ 8.3484449, 53.253621699999989 ], [ 8.0558927, 53.3330123 ] ] } },
{ "type": "Feature", "properties": { "voltage_kv": "220 kV", "operator_show": "Amprion GmbH", "name_show": "Biblis 3c" }, "geometry": { "type": "LineString", "coordinates": [ [ 8.416651, 49.6345799 ], [ 8.4152628, 49.6355189 ] ] } },
{ "type": "Feature", "properties": { "voltage_kv": "220 kV", "operator_show": "Amprion GmbH", "name_show": "Biblis 3c" }, "geometry": { "type": "LineString", "coordinates": [ [ 8.4165032, 49.6344763 ], [ 8.4152628, 49.6355189 ] ] } },
{ "type": "Feature", "properties": { "voltage_kv": "220 kV", "operator_show": "Amprion GmbH", "name_show": "Anilin 1A" }, "geometry": { "type": "LineString", "coordinates": [ [ 8.4163677, 49.6343814 ], [ 8.4152051, 49.634810399999985 ] ] } },
{ "type": "Feature", "properties": { "voltage_kv": "220 kV", "operator_show": "Amprion GmbH", "name_show": "Anilin 2B" }, "geometry": { "type": "LineString", "coordinates": [ [ 8.4162193, 49.6342774 ], [ 8.4152051, 49.634810399999985 ] ] } },
{ "type": "Feature", "properties": { "voltage_kv": "220 kV", "operator_show": "Amprion GmbH", "name_show": "Anilin 4d" }, "geometry": { "type": "LineString", "coordinates": [ [ 8.4149918, 49.6341985 ], [ 8.4157937, 49.6339792 ] ] } },
{ "type": "Feature", "properties": { "voltage_kv": "220 kV", "operator_show": "Amprion GmbH", "name_show": "Anilin 3c" }, "geometry": { "type": "LineString", "coordinates": [ [ 8.4149918, 49.6341985 ], [ 8.415943, 49.6340838 ] ] } },
{ "type": "Feature", "properties": { "voltage_kv": "220 kV", "operator_show": "TransnetBW", "name_show": "–" }, "geometry": { "type": "LineString", "coordinates": [ [ 8.2394655, 48.8423006 ], [ 8.2372657, 48.840403 ] ] } },
{ "type": "Feature", "properties": { "voltage_kv": "220 kV", "operator_show": "TransnetBW", "name_show": "–" }, "geometry": { "type": "LineString", "coordinates": [ [ 8.2496122, 48.84765620000001 ], [ 8.2394655, 48.8423006 ] ] } },
{ "type": "Feature", "properties": { "voltage_kv": "220 kV", "operator_show": "RWE", "name_show": "220kV Scholven D" }, "geometry": { "type": "LineString", "coordinates": [ [ 7.0055784, 51.6012725 ], [ 7.0003162, 51.6005738 ] ] } },
{ "type": "Feature", "properties": { "voltage_kv": "220 kV", "operator_show": "TransnetBW", "name_show": "–" }, "geometry": { "type": "LineString", "coordinates": [ [ 8.321627, 49.0416916 ], [ 8.324218, 49.043413199999989 ] ] } },
{ "type": "Feature", "properties": { "voltage_kv": "220 kV", "operator_show": "Amprion GmbH", "name_show": "–" }, "geometry": { "type": "LineString", "coordinates": [ [ 7.3237369, 51.6205999 ], [ 7.3236862, 51.620984599999986 ] ] } },
{ "type": "Feature", "properties": { "voltage_kv": "220 kV", "operator_show": "Amprion GmbH", "name_show": "–" }, "geometry": { "type": "LineString", "coordinates": [ [ 7.3240442, 51.6208584 ], [ 7.3237369, 51.6205999 ] ] } },
{ "type": "Feature", "properties": { "voltage_kv": "220 kV", "operator_show": "50Hertz Transmission GmbH", "name_show": "Ltg 386" }, "geometry": { "type": "LineString", "coordinates": [ [ 11.6447268, 50.5353968 ], [ 11.6433773, 50.5355454 ] ] } },
{ "type": "Feature", "properties": { "voltage_kv": "220 kV", "operator_show": "50Hertz Transmission GmbH", "name_show": "Ltg 386 und Ltg 385" }, "geometry": { "type": "LineString", "coordinates": [ [ 11.6397794, 50.533391299999984 ], [ 11.5859565, 50.5340702 ], [ 11.4713303, 50.597720700000011 ] ] } },
{ "type": "Feature", "properties": { "voltage_kv": "220 kV", "operator_show": "50Hertz Transmission GmbH", "name_show": "Ltg 384" }, "geometry": { "type": "LineString", "coordinates": [ [ 11.4749773, 50.6036584 ], [ 11.4740566, 50.6026686 ] ] } },
{ "type": "Feature", "properties": { "voltage_kv": "220 kV", "operator_show": "50Hertz Transmission GmbH", "name_show": "Ltg 383" }, "geometry": { "type": "LineString", "coordinates": [ [ 11.4738938, 50.6039518 ], [ 11.4736444, 50.6030872 ] ] } },
{ "type": "Feature", "properties": { "voltage_kv": "220 kV", "operator_show": "–", "name_show": "Verbindung" }, "geometry": { "type": "LineString", "coordinates": [ [ 11.4714728, 50.598046 ], [ 11.4720298, 50.5979923 ] ] } },
{ "type": "Feature", "properties": { "voltage_kv": "220 kV", "operator_show": "–", "name_show": "Ltg 386" }, "geometry": { "type": "LineString", "coordinates": [ [ 11.4713395, 50.5977 ], [ 11.4341273, 50.6526219 ] ] } },
{ "type": "Feature", "properties": { "voltage_kv": "220 kV", "operator_show": "50Hertz Transmission", "name_show": "Ltg 212 Crossen" }, "geometry": { "type": "LineString", "coordinates": [ [ 12.8124371, 50.8560904 ], [ 12.8123637, 50.8551932 ] ] } },
{ "type": "Feature", "properties": { "voltage_kv": "220 kV", "operator_show": "50Hertz Transmission", "name_show": "Ltg 207 Weida" }, "geometry": { "type": "LineString", "coordinates": [ [ 12.8122201, 50.856091300000017 ], [ 12.8115043, 50.85520409999998 ] ] } },
{ "type": "Feature", "properties": { "voltage_kv": "220 kV", "operator_show": "50Hertz Transmission", "name_show": "Ltg 225 Niederwiesa" }, "geometry": { "type": "LineString", "coordinates": [ [ 12.8141411, 50.8560717 ], [ 12.8153112, 50.855168799999987 ] ] } },
{ "type": "Feature", "properties": { "voltage_kv": "220 kV", "operator_show": "Amprion", "name_show": "220 kV Sirzenich – Bundesgrenze" }, "geometry": { "type": "LineString", "coordinates": [ [ 6.4988373, 49.734815 ], [ 6.5760169, 49.7686746 ] ] } },
{ "type": "Feature", "properties": { "voltage_kv": "220 kV", "operator_show": "50Hertz Transmission", "name_show": "Ltg 302 Marzahn - Thyrow" }, "geometry": { "type": "LineString", "coordinates": [ [ 13.5054267, 52.474434 ], [ 13.5053289, 52.4747822 ] ] } },
{ "type": "Feature", "properties": { "voltage_kv": "220 kV", "operator_show": "50Hertz Transmission", "name_show": "Ltg 313 Lüdershagen" }, "geometry": { "type": "LineString", "coordinates": [ [ 13.6766893, 54.1390514 ], [ 13.6761431, 54.1382156 ] ] } },
{ "type": "Feature", "properties": { "voltage_kv": "220 kV", "operator_show": "50Hertz Transmission", "name_show": "–" }, "geometry": { "type": "LineString", "coordinates": [ [ 13.6762348, 54.1391026 ], [ 13.6761431, 54.1382156 ] ] } },
{ "type": "Feature", "properties": { "voltage_kv": "220 kV", "operator_show": "–", "name_show": "Norf West" }, "geometry": { "type": "LineString", "coordinates": [ [ 6.7714693, 51.1457356 ], [ 6.7724829, 51.146388699999981 ] ] } },
{ "type": "Feature", "properties": { "voltage_kv": "220 kV", "operator_show": "–", "name_show": "Zons West" }, "geometry": { "type": "LineString", "coordinates": [ [ 6.772339, 51.146497 ], [ 6.7714693, 51.1457356 ] ] } },
{ "type": "Feature", "properties": { "voltage_kv": "220 kV", "operator_show": "50Hertz Transmission", "name_show": "Ltg 301 Marzahn - Wuhlheide und Ltg 302 Marzahn - Wuhlheide - Thyrow" }, "geometry": { "type": "LineString", "coordinates": [ [ 13.5407923, 52.497943899999989 ], [ 13.5053289, 52.4747822 ] ] } },
{ "type": "Feature", "properties": { "voltage_kv": "220 kV", "operator_show": "TenneT TSO", "name_show": "Lehrte 1" }, "geometry": { "type": "LineString", "coordinates": [ [ 10.3677675, 52.2839169 ], [ 10.3647978, 52.2833646 ] ] } },
{ "type": "Feature", "properties": { "voltage_kv": "220 kV", "operator_show": "TenneT TSO", "name_show": "Gleidingen 2" }, "geometry": { "type": "LineString", "coordinates": [ [ 10.3691155, 52.2844589 ], [ 10.3697256, 52.2845786 ] ] } },
{ "type": "Feature", "properties": { "voltage_kv": "220 kV", "operator_show": "TenneT TSO", "name_show": "Hallendorf 3" }, "geometry": { "type": "LineString", "coordinates": [ [ 10.3690826, 52.28458220000001 ], [ 10.3697256, 52.2845786 ] ] } },
{ "type": "Feature", "properties": { "voltage_kv": "220 kV", "operator_show": "TenneT TSO", "name_show": "Braunschweig Nord 1" }, "geometry": { "type": "LineString", "coordinates": [ [ 10.3689537, 52.2851134 ], [ 10.3695681, 52.2852343 ] ] } },
{ "type": "Feature", "properties": { "voltage_kv": "220 kV", "operator_show": "TenneT TSO", "name_show": "Braunschweig Nord 2" }, "geometry": { "type": "LineString", "coordinates": [ [ 10.3689184, 52.2852366 ], [ 10.3695681, 52.2852343 ] ] } },
{ "type": "Feature", "properties": { "voltage_kv": "220 kV", "operator_show": "TenneT", "name_show": "–" }, "geometry": { "type": "LineString", "coordinates": [ [ 10.0865976, 52.3158605 ], [ 10.0860782, 52.3160522 ] ] } },
{ "type": "Feature", "properties": { "voltage_kv": "220 kV", "operator_show": "TenneT", "name_show": "–" }, "geometry": { "type": "LineString", "coordinates": [ [ 10.086595, 52.3157348 ], [ 10.0860822, 52.3156725 ] ] } },
{ "type": "Feature", "properties": { "voltage_kv": "220 kV", "operator_show": "TenneT", "name_show": "–" }, "geometry": { "type": "LineString", "coordinates": [ [ 10.0865915, 52.3156072 ], [ 10.0860822, 52.3156725 ] ] } },
{ "type": "Feature", "properties": { "voltage_kv": "220 kV", "operator_show": "–", "name_show": "–" }, "geometry": { "type": "LineString", "coordinates": [ [ 10.0878954, 52.3151985 ], [ 10.0898293, 52.3147517 ] ] } },
{ "type": "Feature", "properties": { "voltage_kv": "220 kV", "operator_show": "TenneT", "name_show": "–" }, "geometry": { "type": "LineString", "coordinates": [ [ 10.0865888, 52.315068899999979 ], [ 10.0860793, 52.315004399999985 ] ] } },
{ "type": "Feature", "properties": { "voltage_kv": "220 kV", "operator_show": "TenneT", "name_show": "Salzgitter Hallendorf 1" }, "geometry": { "type": "LineString", "coordinates": [ [ 10.0865827, 52.3146908 ], [ 10.0860903, 52.3146278 ] ] } },
{ "type": "Feature", "properties": { "voltage_kv": "220 kV", "operator_show": "TenneT", "name_show": "Salzgitter-Hallendorf/Gleidingen 2" }, "geometry": { "type": "LineString", "coordinates": [ [ 10.0865834, 52.314564 ], [ 10.0860903, 52.3146278 ] ] } },
{ "type": "Feature", "properties": { "voltage_kv": "220 kV", "operator_show": "TenneT", "name_show": "–" }, "geometry": { "type": "LineString", "coordinates": [ [ 9.8214679, 52.425102 ], [ 9.8227826, 52.425171699999986 ] ] } },
{ "type": "Feature", "properties": { "voltage_kv": "220 kV", "operator_show": "TenneT", "name_show": "–" }, "geometry": { "type": "LineString", "coordinates": [ [ 9.8228979, 52.425197 ], [ 9.8255217, 52.4258455 ] ] } },
{ "type": "Feature", "properties": { "voltage_kv": "220 kV", "operator_show": "TenneT", "name_show": "–" }, "geometry": { "type": "LineString", "coordinates": [ [ 9.8227544, 52.4253819 ], [ 9.8255217, 52.4258455 ] ] } },
{ "type": "Feature", "properties": { "voltage_kv": "220 kV; 110 kV", "operator_show": "RWE", "name_show": "–" }, "geometry": { "type": "LineString", "coordinates": [ [ 8.0326233, 50.920629199999986 ], [ 8.0246957, 50.9237942 ] ] } },
{ "type": "Feature", "properties": { "voltage_kv": "220 kV", "operator_show": "TenneT", "name_show": "202 UW-HH-Nord UW-Itzehoe-West" }, "geometry": { "type": "LineString", "coordinates": [ [ 9.438079, 53.9144683 ], [ 9.4596775, 53.8646575 ] ] } },
{ "type": "Feature", "properties": { "voltage_kv": "220 kV", "operator_show": "TenneT", "name_show": "202 UW-HH-Nord UW-Itzehoe-West" }, "geometry": { "type": "LineString", "coordinates": [ [ 9.4378491, 53.9152852 ], [ 9.438079, 53.9144683 ] ] } },
{ "type": "Feature", "properties": { "voltage_kv": "220 kV", "operator_show": "Amprion", "name_show": "Bigge Ost" }, "geometry": { "type": "LineString", "coordinates": [ [ 7.7224687, 51.410164 ], [ 7.7234693, 51.4097469 ] ] } },
{ "type": "Feature", "properties": { "voltage_kv": "220 kV", "operator_show": "TenneT", "name_show": "–" }, "geometry": { "type": "LineString", "coordinates": [ [ 9.1988166, 53.896581 ], [ 9.199251, 53.8965836 ] ] } },
{ "type": "Feature", "properties": { "voltage_kv": "220 kV", "operator_show": "RWE", "name_show": "220 kV Kasselberg Süd;Niederaußem 5e" }, "geometry": { "type": "LineString", "coordinates": [ [ 6.9591838, 51.0669845 ], [ 6.9633114, 51.0679132 ] ] } },
{ "type": "Feature", "properties": { "voltage_kv": "220 kV", "operator_show": "–", "name_show": "–" }, "geometry": { "type": "LineString", "coordinates": [ [ 6.5820817, 51.0525625 ], [ 6.5878737, 51.053138199999985 ] ] } },
{ "type": "Feature", "properties": { "voltage_kv": "220 kV", "operator_show": "TenneT TSO", "name_show": "201" }, "geometry": { "type": "LineString", "coordinates": [ [ 8.4060232, 53.2347758 ], [ 8.3484449, 53.253621699999989 ] ] } },
{ "type": "Feature", "properties": { "voltage_kv": "220 kV", "operator_show": "TenneT TSO", "name_show": "206" }, "geometry": { "type": "LineString", "coordinates": [ [ 8.0507472, 53.3340252 ], [ 8.0507772, 53.3341142 ] ] } },
{ "type": "Feature", "properties": { "voltage_kv": "220 kV", "operator_show": "TenneT TSO", "name_show": "206" }, "geometry": { "type": "LineString", "coordinates": [ [ 8.0481669, 53.3315836 ], [ 8.0458474, 53.3310652 ] ] } },
{ "type": "Feature", "properties": { "voltage_kv": "220 kV", "operator_show": "TenneT TSO", "name_show": "206" }, "geometry": { "type": "LineString", "coordinates": [ [ 8.0458474, 53.3310652 ], [ 8.0480474, 53.331678799999978 ] ] } },
{ "type": "Feature", "properties": { "voltage_kv": "220 kV", "operator_show": "TenneT TSO", "name_show": "Conneforde 220 kV" }, "geometry": { "type": "LineString", "coordinates": [ [ 8.0519658, 53.33222760000001 ], [ 8.0525046, 53.3319102 ] ] } },
{ "type": "Feature", "properties": { "voltage_kv": "220 kV", "operator_show": "TransnetBW", "name_show": "–" }, "geometry": { "type": "LineString", "coordinates": [ [ 8.500969, 49.445083499999988 ], [ 8.5020926, 49.444842100000017 ] ] } },
{ "type": "Feature", "properties": { "voltage_kv": "220 kV", "operator_show": "TransnetBW", "name_show": "–" }, "geometry": { "type": "LineString", "coordinates": [ [ 8.502255, 49.4447368 ], [ 8.5029474, 49.4446018 ] ] } },
{ "type": "Feature", "properties": { "voltage_kv": "220 kV", "operator_show": "TransnetBW", "name_show": "–" }, "geometry": { "type": "LineString", "coordinates": [ [ 8.4890756, 49.4466694 ], [ 8.4888319, 49.446423699999976 ] ] } },
{ "type": "Feature", "properties": { "voltage_kv": "220 kV", "operator_show": "TransnetBW", "name_show": "–" }, "geometry": { "type": "LineString", "coordinates": [ [ 8.4889627, 49.4464146 ], [ 8.4890756, 49.4466694 ] ] } },
{ "type": "Feature", "properties": { "voltage_kv": "220 kV", "operator_show": "Pfalzwerke AG", "name_show": "Pfalzwerke Leitung Rhein Nord" }, "geometry": { "type": "LineString", "coordinates": [ [ 8.4886764, 49.4464351 ], [ 8.4885359, 49.446695 ] ] } },
{ "type": "Feature", "properties": { "voltage_kv": "220 kV", "operator_show": "Pfalzwerke AG", "name_show": "Pfalzwerke Leitung Rhein Süd" }, "geometry": { "type": "LineString", "coordinates": [ [ 8.4885359, 49.446695 ], [ 8.4885067, 49.4464469 ] ] } },
{ "type": "Feature", "properties": { "voltage_kv": "220 kV", "operator_show": "TenneT", "name_show": "201" }, "geometry": { "type": "LineString", "coordinates": [ [ 8.4078154, 53.2346333 ], [ 8.4060232, 53.2347758 ] ] } },
{ "type": "Feature", "properties": { "voltage_kv": "220 kV; 110 kV", "operator_show": "Amprion", "name_show": "–" }, "geometry": { "type": "LineString", "coordinates": [ [ 6.6701531, 51.6761371 ], [ 6.6688187, 51.6794746 ] ] } },
{ "type": "Feature", "properties": { "voltage_kv": "220 kV", "operator_show": "–", "name_show": "–" }, "geometry": { "type": "LineString", "coordinates": [ [ 7.4455697, 50.4023623 ], [ 7.4500407, 50.4024743 ] ] } },
{ "type": "Feature", "properties": { "voltage_kv": "220 kV", "operator_show": "–", "name_show": "–" }, "geometry": { "type": "LineString", "coordinates": [ [ 7.4455697, 50.4023623 ], [ 7.4500798, 50.4026155 ] ] } },
{ "type": "Feature", "properties": { "voltage_kv": "220 kV", "operator_show": "RWE", "name_show": "–" }, "geometry": { "type": "LineString", "coordinates": [ [ 7.4424374, 50.40435810000001 ], [ 7.4455697, 50.4023623 ] ] } },
{ "type": "Feature", "properties": { "voltage_kv": "220 kV", "operator_show": "Amprion", "name_show": "–" }, "geometry": { "type": "LineString", "coordinates": [ [ 6.713905, 51.0047618 ], [ 6.7190653, 51.0047425 ] ] } },
{ "type": "Feature", "properties": { "voltage_kv": "220 kV", "operator_show": "Amprion", "name_show": "–" }, "geometry": { "type": "LineString", "coordinates": [ [ 6.7991996, 51.121952 ], [ 6.7997528, 51.12265 ] ] } },
{ "type": "Feature", "properties": { "voltage_kv": "220 kV", "operator_show": "Amprion", "name_show": "Frixheim Süd" }, "geometry": { "type": "LineString", "coordinates": [ [ 6.7995604, 51.124267799999984 ], [ 6.8006042, 51.124662199999982 ] ] } },
{ "type": "Feature", "properties": { "voltage_kv": "220 kV", "operator_show": "Amprion", "name_show": "–" }, "geometry": { "type": "LineString", "coordinates": [ [ 6.8006006, 51.126066100000017 ], [ 6.7995604, 51.124267799999984 ] ] } },
{ "type": "Feature", "properties": { "voltage_kv": "220 kV", "operator_show": "–", "name_show": "–" }, "geometry": { "type": "LineString", "coordinates": [ [ 7.9125737, 50.725458 ], [ 7.90956, 50.728823 ] ] } },
{ "type": "Feature", "properties": { "voltage_kv": "220 kV", "operator_show": "–", "name_show": "–" }, "geometry": { "type": "LineString", "coordinates": [ [ 7.9237323, 50.713093499999985 ], [ 7.9197472, 50.715155 ] ] } },
{ "type": "Feature", "properties": { "voltage_kv": "220 kV", "operator_show": "Amprion", "name_show": "220kV Fichtenhain Ost+West" }, "geometry": { "type": "LineString", "coordinates": [ [ 6.6249544, 51.2593962 ], [ 6.620244, 51.2596055 ] ] } },
{ "type": "Feature", "properties": { "voltage_kv": "220 kV; 110 kV", "operator_show": "RWE", "name_show": "RWE 2613 Pöppinghausen - Wanne" }, "geometry": { "type": "LineString", "coordinates": [ [ 7.1946705, 51.557449699999985 ], [ 7.2090916, 51.559605500000018 ] ] } },
{ "type": "Feature", "properties": { "voltage_kv": "220 kV; 110 kV", "operator_show": "RWE", "name_show": "–" }, "geometry": { "type": "LineString", "coordinates": [ [ 6.7570191, 51.565510099999983 ], [ 6.7573072, 51.5687378 ] ] } },
{ "type": "Feature", "properties": { "voltage_kv": "220 kV; 110 kV", "operator_show": "RWE", "name_show": "–" }, "geometry": { "type": "LineString", "coordinates": [ [ 6.7604899, 51.5753265 ], [ 6.7573072, 51.5687378 ] ] } },
{ "type": "Feature", "properties": { "voltage_kv": "220 kV; 110 kV", "operator_show": "RWE", "name_show": "–" }, "geometry": { "type": "LineString", "coordinates": [ [ 6.8213224, 51.498598199999989 ], [ 6.8236896, 51.4977621 ] ] } },
{ "type": "Feature", "properties": { "voltage_kv": "220 kV", "operator_show": "TenneT TSO GmbH", "name_show": "–" }, "geometry": { "type": "LineString", "coordinates": [ [ 8.5399017, 53.2301156 ], [ 8.5877798, 53.236217499999981 ] ] } },
{ "type": "Feature", "properties": { "voltage_kv": "220 kV", "operator_show": "Amprion", "name_show": "–" }, "geometry": { "type": "LineString", "coordinates": [ [ 6.6139787, 51.618494399999989 ], [ 6.6139254, 51.6174835 ] ] } },
{ "type": "Feature", "properties": { "voltage_kv": "220 kV; 110 kV", "operator_show": "–", "name_show": "–" }, "geometry": { "type": "LineString", "coordinates": [ [ 6.6837315, 51.640628099999979 ], [ 6.6834311, 51.6436002 ] ] } },
{ "type": "Feature", "properties": { "voltage_kv": "220 kV", "operator_show": "RWE", "name_show": "–" }, "geometry": { "type": "LineString", "coordinates": [ [ 6.6154122, 51.4757913 ], [ 6.6155014, 51.4760732 ] ] } },
{ "type": "Feature", "properties": { "voltage_kv": "220 kV", "operator_show": "Amprion", "name_show": "220 kV Niederaußem 1a|3c" }, "geometry": { "type": "LineString", "coordinates": [ [ 6.8041691, 50.9686866 ], [ 6.8017175, 50.9679727 ] ] } },
{ "type": "Feature", "properties": { "voltage_kv": "220 kV", "operator_show": "Amprion", "name_show": "–" }, "geometry": { "type": "LineString", "coordinates": [ [ 6.8055627, 50.9668668 ], [ 6.8049039, 50.967929299999987 ] ] } },
{ "type": "Feature", "properties": { "voltage_kv": "220 kV", "operator_show": "RWE", "name_show": "220 kV Niederaußem 2b; Rommerskirchen Ost" }, "geometry": { "type": "LineString", "coordinates": [ [ 6.8038082, 50.9684017 ], [ 6.8017175, 50.9679727 ] ] } },
{ "type": "Feature", "properties": { "voltage_kv": "220 kV", "operator_show": "Amprion", "name_show": "–" }, "geometry": { "type": "LineString", "coordinates": [ [ 6.8071452, 50.9667668 ], [ 6.8078944, 50.96598250000001 ] ] } },
{ "type": "Feature", "properties": { "voltage_kv": "220 kV", "operator_show": "50Hertz Transmission", "name_show": "Ltg 293 Hennigsdorf" }, "geometry": { "type": "LineString", "coordinates": [ [ 13.7084151, 52.5403601 ], [ 13.707062, 52.541297699999987 ] ] } },
{ "type": "Feature", "properties": { "voltage_kv": "220 kV", "operator_show": "50Hertz Transmission", "name_show": "–" }, "geometry": { "type": "LineString", "coordinates": [ [ 12.9414232, 52.5637121 ], [ 12.9421347, 52.5634512 ] ] } },
{ "type": "Feature", "properties": { "voltage_kv": "220 kV", "operator_show": "50Hertz Transmission", "name_show": "Ltg 324 Brandenburg West" }, "geometry": { "type": "LineString", "coordinates": [ [ 12.9400325, 52.5641464 ], [ 12.9388518, 52.564034499999984 ] ] } },
{ "type": "Feature", "properties": { "voltage_kv": "220 kV", "operator_show": "50Hertz Transmission", "name_show": "Ltg 226 Röhrsdorf" }, "geometry": { "type": "LineString", "coordinates": [ [ 13.0037886, 50.8659586 ], [ 13.0045993, 50.8668439 ] ] } },
{ "type": "Feature", "properties": { "voltage_kv": "220 kV", "operator_show": "50Hertz Transmission", "name_show": "Ltg 225 Röhrsdorf" }, "geometry": { "type": "LineString", "coordinates": [ [ 13.0033617, 50.866625099999986 ], [ 13.0045993, 50.8668439 ] ] } },
{ "type": "Feature", "properties": { "voltage_kv": "220 kV", "operator_show": "50Hertz Transmission", "name_show": "Ltg 232 Herlasgrün" }, "geometry": { "type": "LineString", "coordinates": [ [ 12.0464718, 50.780821 ], [ 12.047853, 50.7809983 ] ] } },
{ "type": "Feature", "properties": { "voltage_kv": "220 kV", "operator_show": "50Hertz Transmission", "name_show": "Ltg 231 Herlasgrün" }, "geometry": { "type": "LineString", "coordinates": [ [ 12.046443, 50.7810857 ], [ 12.047853, 50.7809983 ] ] } },
{ "type": "Feature", "properties": { "voltage_kv": "220 kV", "operator_show": "50Hertz Transmission", "name_show": "Ltg 207 Röhrsdorf" }, "geometry": { "type": "LineString", "coordinates": [ [ 12.046433, 50.7812213 ], [ 12.0480037, 50.7818821 ] ] } },
{ "type": "Feature", "properties": { "voltage_kv": "220 kV", "operator_show": "50Hertz Transmission", "name_show": "Ltg 208 Eula" }, "geometry": { "type": "LineString", "coordinates": [ [ 12.0463999, 50.781491799999984 ], [ 12.0480037, 50.7818821 ] ] } },
{ "type": "Feature", "properties": { "voltage_kv": "220 kV", "operator_show": "50Hertz Transmission", "name_show": "Ltg 315 Güstrow" }, "geometry": { "type": "LineString", "coordinates": [ [ 14.0339836, 53.5071275 ], [ 14.0340036, 53.5064078 ] ] } },
{ "type": "Feature", "properties": { "voltage_kv": "220 kV", "operator_show": "50Hertz Transmission", "name_show": "Ltg 316  Iven / Güstrow" }, "geometry": { "type": "LineString", "coordinates": [ [ 14.0337432, 53.5071298 ], [ 14.0340036, 53.5064078 ] ] } },
{ "type": "Feature", "properties": { "voltage_kv": "220 kV", "operator_show": "50Hertz Transmission", "name_show": "Ltg 205 Taucha" }, "geometry": { "type": "LineString", "coordinates": [ [ 12.5188907, 51.1562017 ], [ 12.5199591, 51.155607 ] ] } },
{ "type": "Feature", "properties": { "voltage_kv": "220 kV", "operator_show": "50Hertz Transmission", "name_show": "Ltg 206 Taucha" }, "geometry": { "type": "LineString", "coordinates": [ [ 12.5185945, 51.1560712 ], [ 12.5199591, 51.155607 ] ] } },
{ "type": "Feature", "properties": { "voltage_kv": "220 kV", "operator_show": "50Hertz Transmission", "name_show": "Ltg 203 Röhrsdorf" }, "geometry": { "type": "LineString", "coordinates": [ [ 12.5179989, 51.1557886 ], [ 12.5187778, 51.1550363 ] ] } },
{ "type": "Feature", "properties": { "voltage_kv": "220 kV", "operator_show": "50Hertz Transmission", "name_show": "Ltg 208 Weida" }, "geometry": { "type": "LineString", "coordinates": [ [ 12.5178481, 51.1557167 ], [ 12.5187778, 51.1550363 ] ] } },
{ "type": "Feature", "properties": { "voltage_kv": "220 kV", "operator_show": "50Hertz Transmission", "name_show": "Ltg 357 Wolkramshausen" }, "geometry": { "type": "LineString", "coordinates": [ [ 12.5175564, 51.1555774 ], [ 12.5182402, 51.1548064 ] ] } },
{ "type": "Feature", "properties": { "voltage_kv": "220 kV", "operator_show": "50Hertz Transmission", "name_show": "Ltg 358 Wolkramshausen" }, "geometry": { "type": "LineString", "coordinates": [ [ 12.5172617, 51.155434899999989 ], [ 12.5182402, 51.1548064 ] ] } },
{ "type": "Feature", "properties": { "voltage_kv": "220 kV", "operator_show": "50Hertz Transmission", "name_show": "Ltg 314 Lubmin" }, "geometry": { "type": "LineString", "coordinates": [ [ 13.0791999, 54.2841548 ], [ 13.0789014, 54.2830524 ] ] } },
{ "type": "Feature", "properties": { "voltage_kv": "220 kV", "operator_show": "50Hertz Transmission", "name_show": "Ltg 313 Lubmin" }, "geometry": { "type": "LineString", "coordinates": [ [ 13.0780458, 54.2841864 ], [ 13.0789014, 54.2830524 ] ] } },
{ "type": "Feature", "properties": { "voltage_kv": "220 kV", "operator_show": "50Hertz Transmission", "name_show": "Ltg 317 Güstrow" }, "geometry": { "type": "LineString", "coordinates": [ [ 13.0775881, 54.284199 ], [ 13.0773983, 54.2831676 ] ] } },
{ "type": "Feature", "properties": { "voltage_kv": "220 kV", "operator_show": "50Hertz Transmission", "name_show": "Ltg 318 Bentwisch" }, "geometry": { "type": "LineString", "coordinates": [ [ 13.0773595, 54.284205199999981 ], [ 13.0773983, 54.2831676 ] ] } },
{ "type": "Feature", "properties": { "voltage_kv": "220 kV", "operator_show": "50Hertz", "name_show": "358" }, "geometry": { "type": "LineString", "coordinates": [ [ 10.7344789, 51.4388769 ], [ 10.734738, 51.4395747 ] ] } },
{ "type": "Feature", "properties": { "voltage_kv": "220 kV", "operator_show": "50Hertz", "name_show": "357" }, "geometry": { "type": "LineString", "coordinates": [ [ 10.7345527, 51.439599 ], [ 10.7344789, 51.4388769 ] ] } },
{ "type": "Feature", "properties": { "voltage_kv": "220 kV", "operator_show": "50Hertz", "name_show": "368" }, "geometry": { "type": "LineString", "coordinates": [ [ 10.7329271, 51.4391105 ], [ 10.7335081, 51.439750599999989 ] ] } },
{ "type": "Feature", "properties": { "voltage_kv": "220 kV", "operator_show": "50Hertz", "name_show": "367" }, "geometry": { "type": "LineString", "coordinates": [ [ 10.7332929, 51.4397917 ], [ 10.7329271, 51.4391105 ] ] } },
{ "type": "Feature", "properties": { "voltage_kv": "220 kV", "operator_show": "50Hertz Transmission", "name_show": "Ltg 368 Wolkramshausen" }, "geometry": { "type": "LineString", "coordinates": [ [ 11.1217143, 51.0015759 ], [ 11.1207268, 51.0022138 ] ] } },
{ "type": "Feature", "properties": { "voltage_kv": "220 kV", "operator_show": "50Hertz Transmission", "name_show": "Ltg 367 Wolkramshausen" }, "geometry": { "type": "LineString", "coordinates": [ [ 11.1215922, 51.0014752 ], [ 11.1207268, 51.0022138 ] ] } },
{ "type": "Feature", "properties": { "voltage_kv": "220 kV", "operator_show": "Amprion", "name_show": "220kV Wambel Ost" }, "geometry": { "type": "LineString", "coordinates": [ [ 7.7133588, 51.6768409 ], [ 7.7140486, 51.67585829999998 ] ] } },
{ "type": "Feature", "properties": { "voltage_kv": "220 kV", "operator_show": "Amprion", "name_show": "220kV Wambel West" }, "geometry": { "type": "LineString", "coordinates": [ [ 7.7140486, 51.67585829999998 ], [ 7.7127539, 51.6766953 ] ] } },
{ "type": "Feature", "properties": { "voltage_kv": "220 kV", "operator_show": "Amprion", "name_show": "220kV Gersteinwerk F2" }, "geometry": { "type": "LineString", "coordinates": [ [ 7.7123175, 51.6763194 ], [ 7.7124864, 51.6766433 ] ] } },
{ "type": "Feature", "properties": { "voltage_kv": "220 kV", "operator_show": "Amprion", "name_show": "220kV Gersteinwerk G2" }, "geometry": { "type": "LineString", "coordinates": [ [ 7.711803, 51.676482599999986 ], [ 7.7123175, 51.6763194 ] ] } },
{ "type": "Feature", "properties": { "voltage_kv": "220 kV", "operator_show": "Amprion", "name_show": "220kV Gersteinwerk I2" }, "geometry": { "type": "LineString", "coordinates": [ [ 7.7102041, 51.6761332 ], [ 7.7105053, 51.6759138 ] ] } },
{ "type": "Feature", "properties": { "voltage_kv": "220 kV", "operator_show": "Amprion", "name_show": "220kV Werse West" }, "geometry": { "type": "LineString", "coordinates": [ [ 7.7052809, 51.6772531 ], [ 7.7056094, 51.676097 ] ] } },
{ "type": "Feature", "properties": { "voltage_kv": "220 kV", "operator_show": "TenneT TSO", "name_show": "Ltg 203 blau Hamburg Nord (Friedrichsgabe)" }, "geometry": { "type": "LineString", "coordinates": [ [ 9.9895277, 53.76567630000001 ], [ 9.9908098, 53.7636927 ] ] } },
{ "type": "Feature", "properties": { "voltage_kv": "220 kV", "operator_show": "TenneT TSO", "name_show": "Ltg 203 blau Hamburg Nord (Friedrichsgabe)" }, "geometry": { "type": "LineString", "coordinates": [ [ 9.9892839, 53.7656168 ], [ 9.9908098, 53.7636927 ] ] } },
{ "type": "Feature", "properties": { "voltage_kv": "220 kV", "operator_show": "TenneT TSO", "name_show": "Leitung 2027 Mehrum - Salzgitter Hallendorf" }, "geometry": { "type": "LineString", "coordinates": [ [ 10.258398, 52.169853 ], [ 10.2573992, 52.171624199999982 ] ] } },
{ "type": "Feature", "properties": { "voltage_kv": "220 kV", "operator_show": "TenneT TSO", "name_show": "Leitung 2027 Mehrum - Salzgitter Hallendorf" }, "geometry": { "type": "LineString", "coordinates": [ [ 10.258398, 52.169853 ], [ 10.355215, 52.175811 ] ] } },
{ "type": "Feature", "properties": { "voltage_kv": "220 kV", "operator_show": "–", "name_show": "–" }, "geometry": { "type": "LineString", "coordinates": [ [ 8.9347132, 52.19309040000001 ], [ 8.9335757, 52.192806200000014 ] ] } },
{ "type": "Feature", "properties": { "voltage_kv": "220 kV", "operator_show": "–", "name_show": "–" }, "geometry": { "type": "LineString", "coordinates": [ [ 8.9335858, 52.1930612 ], [ 8.9347132, 52.19309040000001 ] ] } },
{ "type": "Feature", "properties": { "voltage_kv": "220 kV", "operator_show": "TenneT", "name_show": "–" }, "geometry": { "type": "LineString", "coordinates": [ [ 8.9335911, 52.1933073 ], [ 8.9347151, 52.1933652 ] ] } },
{ "type": "Feature", "properties": { "voltage_kv": "220 kV", "operator_show": "TenneT", "name_show": "–" }, "geometry": { "type": "LineString", "coordinates": [ [ 8.9347151, 52.1933652 ], [ 8.9336261, 52.1934512 ] ] } },
{ "type": "Feature", "properties": { "voltage_kv": "220 kV", "operator_show": "TenneT TSO GmbH", "name_show": "Ludersheim - Sittling" }, "geometry": { "type": "LineString", "coordinates": [ [ 11.3272999, 49.3942396 ], [ 11.3287206, 49.3955233 ] ] } },
{ "type": "Feature", "properties": { "voltage_kv": "220 kV", "operator_show": "TenneT TSO GmbH", "name_show": "Ludersheim - Schwandorf" }, "geometry": { "type": "LineString", "coordinates": [ [ 11.3266812, 49.394343 ], [ 11.3283698, 49.395582 ] ] } },
{ "type": "Feature", "properties": { "voltage_kv": "220 kV", "operator_show": "TenneT TSO GmbH", "name_show": "–" }, "geometry": { "type": "LineString", "coordinates": [ [ 9.2522125, 53.113608099999986 ], [ 9.2514734, 53.1145424 ] ] } },
{ "type": "Feature", "properties": { "voltage_kv": "220 kV", "operator_show": "TenneT TSO GmbH", "name_show": "–" }, "geometry": { "type": "LineString", "coordinates": [ [ 9.2512419, 53.1145109 ], [ 9.2522125, 53.113608099999986 ] ] } },
{ "type": "Feature", "properties": { "voltage_kv": "220 kV", "operator_show": "TenneT TSO GmbH", "name_show": "–" }, "geometry": { "type": "LineString", "coordinates": [ [ 9.2495926, 53.1169799 ], [ 9.2498775, 53.115449 ] ] } },
{ "type": "Feature", "properties": { "voltage_kv": "220 kV", "operator_show": "TenneT TSO GmbH", "name_show": "–" }, "geometry": { "type": "LineString", "coordinates": [ [ 9.2495933, 53.1154141 ], [ 9.2495926, 53.1169799 ] ] } },
{ "type": "Feature", "properties": { "voltage_kv": "220 kV", "operator_show": "–", "name_show": "–" }, "geometry": { "type": "LineString", "coordinates": [ [ 9.385357, 51.6397865 ], [ 9.3845181, 51.6402232 ] ] } },
{ "type": "Feature", "properties": { "voltage_kv": "220 kV", "operator_show": "–", "name_show": "–" }, "geometry": { "type": "LineString", "coordinates": [ [ 9.3845181, 51.6402232 ], [ 9.3854096, 51.6399226 ] ] } },
{ "type": "Feature", "properties": { "voltage_kv": "220 kV", "operator_show": "TenneT", "name_show": "Leitung 2023" }, "geometry": { "type": "LineString", "coordinates": [ [ 9.144611, 52.851977 ], [ 9.1450158, 52.852437 ] ] } },
{ "type": "Feature", "properties": { "voltage_kv": "220 kV", "operator_show": "TenneT", "name_show": "Leitung 2023" }, "geometry": { "type": "LineString", "coordinates": [ [ 9.144611, 52.851977 ], [ 9.144765, 52.8524302 ] ] } },
{ "type": "Feature", "properties": { "voltage_kv": "220 kV", "operator_show": "TenneT TSO", "name_show": "–" }, "geometry": { "type": "LineString", "coordinates": [ [ 8.9583257, 50.083392 ], [ 8.9578699, 50.0839925 ] ] } },
{ "type": "Feature", "properties": { "voltage_kv": "220 kV", "operator_show": "50Hertz Transmission", "name_show": "Ltg 494 Wustermark" }, "geometry": { "type": "LineString", "coordinates": [ [ 11.6419057, 52.267361599999987 ], [ 11.6432896, 52.2679816 ] ] } },
{ "type": "Feature", "properties": { "voltage_kv": "220 kV", "operator_show": "TenneT TSO", "name_show": "–" }, "geometry": { "type": "LineString", "coordinates": [ [ 11.2972713, 48.0524118 ], [ 11.2955444, 48.0518842 ] ] } },
{ "type": "Feature", "properties": { "voltage_kv": "220 kV", "operator_show": "TenneT TSO", "name_show": "–" }, "geometry": { "type": "LineString", "coordinates": [ [ 11.2972713, 48.0524118 ], [ 11.2953904, 48.052188400000013 ] ] } },
{ "type": "Feature", "properties": { "voltage_kv": "220 kV", "operator_show": "TenneT TSO", "name_show": "–" }, "geometry": { "type": "LineString", "coordinates": [ [ 11.2981481, 48.0506929 ], [ 11.2957795, 48.051424899999986 ] ] } },
{ "type": "Feature", "properties": { "voltage_kv": "220 kV", "operator_show": "TenneT TSO", "name_show": "–" }, "geometry": { "type": "LineString", "coordinates": [ [ 11.2981481, 48.0506929 ], [ 11.2958482, 48.0512696 ] ] } },
{ "type": "Feature", "properties": { "voltage_kv": "220 kV", "operator_show": "RWE", "name_show": "220kV LMG Ost+West" }, "geometry": { "type": "LineString", "coordinates": [ [ 6.9678658, 51.4910482 ], [ 6.9651684, 51.489394 ] ] } },
{ "type": "Feature", "properties": { "voltage_kv": "220 kV", "operator_show": "RWE", "name_show": "220kV LMG Ost+West" }, "geometry": { "type": "LineString", "coordinates": [ [ 6.9651684, 51.489394 ], [ 6.9679797, 51.490934899999985 ] ] } },
{ "type": "Feature", "properties": { "voltage_kv": "220 kV", "operator_show": "Amprion", "name_show": "–" }, "geometry": { "type": "LineString", "coordinates": [ [ 7.9395455, 51.0117219 ], [ 7.9390445, 51.0103159 ] ] } },
{ "type": "Feature", "properties": { "voltage_kv": "220 kV", "operator_show": "Amprion", "name_show": "–" }, "geometry": { "type": "LineString", "coordinates": [ [ 7.9388113, 51.0103981 ], [ 7.9395455, 51.0117219 ] ] } },
{ "type": "Feature", "properties": { "voltage_kv": "220 kV", "operator_show": "–", "name_show": "–" }, "geometry": { "type": "LineString", "coordinates": [ [ 8.050967, 53.334622 ], [ 8.0446503, 53.3402348 ] ] } },
{ "type": "Feature", "properties": { "voltage_kv": "220 kV", "operator_show": "–", "name_show": "–" }, "geometry": { "type": "LineString", "coordinates": [ [ 8.0120149, 53.3708204 ], [ 8.010921, 53.374639 ] ] } },
{ "type": "Feature", "properties": { "voltage_kv": "220 kV", "operator_show": "TenneT TSO", "name_show": "–" }, "geometry": { "type": "LineString", "coordinates": [ [ 8.0646825, 53.5534457 ], [ 8.067387, 53.551082 ] ] } },
{ "type": "Feature", "properties": { "voltage_kv": "220 kV", "operator_show": "TenneT TSO", "name_show": "–" }, "geometry": { "type": "LineString", "coordinates": [ [ 8.0646825, 53.5534457 ], [ 8.0638993, 53.554555899999983 ] ] } },
{ "type": "Feature", "properties": { "voltage_kv": "220 kV", "operator_show": "TenneT TSO", "name_show": "–" }, "geometry": { "type": "LineString", "coordinates": [ [ 8.0646825, 53.5534457 ], [ 8.0636854, 53.554449599999977 ] ] } },
{ "type": "Feature", "properties": { "voltage_kv": "220 kV", "operator_show": "TenneT TSO", "name_show": "–" }, "geometry": { "type": "LineString", "coordinates": [ [ 8.0646825, 53.5534457 ], [ 8.063246, 53.5542394 ] ] } },
{ "type": "Feature", "properties": { "voltage_kv": "220 kV", "operator_show": "TenneT TSO", "name_show": "–" }, "geometry": { "type": "LineString", "coordinates": [ [ 8.0646825, 53.5534457 ], [ 8.063036, 53.5541261 ] ] } },
{ "type": "Feature", "properties": { "voltage_kv": "220 kV", "operator_show": "TenneT TSO", "name_show": "–" }, "geometry": { "type": "LineString", "coordinates": [ [ 8.0619267, 53.5558167 ], [ 8.0619431, 53.554941699999986 ] ] } },
{ "type": "Feature", "properties": { "voltage_kv": "220 kV", "operator_show": "TenneT TSO", "name_show": "–" }, "geometry": { "type": "LineString", "coordinates": [ [ 8.0627436, 53.5558889 ], [ 8.0625421, 53.555202800000011 ] ] } },
{ "type": "Feature", "properties": { "voltage_kv": "220 kV", "operator_show": "TenneT", "name_show": "204" }, "geometry": { "type": "LineString", "coordinates": [ [ 8.1227273, 53.5599058 ], [ 8.067387, 53.551082 ] ] } },
{ "type": "Feature", "properties": { "voltage_kv": "220 kV", "operator_show": "Amprion", "name_show": "–" }, "geometry": { "type": "LineString", "coordinates": [ [ 6.7079659, 51.093679 ], [ 6.7102212, 51.0924524 ] ] } },
{ "type": "Feature", "properties": { "voltage_kv": "220 kV", "operator_show": "TenneT", "name_show": "–" }, "geometry": { "type": "LineString", "coordinates": [ [ 9.4479366, 53.9671917 ], [ 9.448242, 53.965942199999986 ] ] } },
{ "type": "Feature", "properties": { "voltage_kv": "220 kV", "operator_show": "TenneT TSO", "name_show": "202 UW-HH-Nord UW-Itzehoe-West" }, "geometry": { "type": "LineString", "coordinates": [ [ 9.9859443, 53.7658555 ], [ 9.9845397, 53.767470599999989 ] ] } },
{ "type": "Feature", "properties": { "voltage_kv": "220 kV", "operator_show": "TenneT TSO", "name_show": "202 UW-HH-Nord UW-Itzehoe-West" }, "geometry": { "type": "LineString", "coordinates": [ [ 9.9857243, 53.7658044 ], [ 9.9845397, 53.767470599999989 ] ] } },
{ "type": "Feature", "properties": { "voltage_kv": "220 kV", "operator_show": "TenneT", "name_show": "202 UW-HH-Nord UW-Itzehoe-West" }, "geometry": { "type": "LineString", "coordinates": [ [ 9.4484391, 53.9672667 ], [ 9.4488157, 53.965954899999986 ] ] } },
{ "type": "Feature", "properties": { "voltage_kv": "220 kV", "operator_show": "TenneT", "name_show": "202 UW-HH-Nord UW-Itzehoe-West" }, "geometry": { "type": "LineString", "coordinates": [ [ 9.448177, 53.9672167 ], [ 9.4488157, 53.965954899999986 ] ] } },
{ "type": "Feature", "properties": { "voltage_kv": "220 kV", "operator_show": "50Hertz Transmission", "name_show": "Ltg 332" }, "geometry": { "type": "LineString", "coordinates": [ [ 11.7687215, 52.5042016 ], [ 11.7681862, 52.5042296 ] ] } },
{ "type": "Feature", "properties": { "voltage_kv": "220 kV", "operator_show": "50Hertz Transmission", "name_show": "Ltg 332 Wolmirstedt - Parchim Süd" }, "geometry": { "type": "LineString", "coordinates": [ [ 11.7689154, 52.5055293 ], [ 11.768462, 52.5040951 ] ] } },
{ "type": "Feature", "properties": { "voltage_kv": "220 kV", "operator_show": "Amprion", "name_show": "220 kV Heisdorf - Quint Nord; 220kVOsburg" }, "geometry": { "type": "LineString", "coordinates": [ [ 6.7031461, 49.8298087 ], [ 6.7031846, 49.8300304 ] ] } },
{ "type": "Feature", "properties": { "voltage_kv": "220 kV", "operator_show": "Amprion", "name_show": "220 kV Heisdorf - Quint Nord;220kVOsburg" }, "geometry": { "type": "LineString", "coordinates": [ [ 6.7025781, 49.8292421 ], [ 6.7031461, 49.8298087 ] ] } },
{ "type": "Feature", "properties": { "voltage_kv": "220 kV", "operator_show": "–", "name_show": "–" }, "geometry": { "type": "LineString", "coordinates": [ [ 6.7027984, 49.8294262 ], [ 6.7022374, 49.8289227 ] ] } },
{ "type": "Feature", "properties": { "voltage_kv": "220 kV", "operator_show": "TenneT TSO GmbH", "name_show": "–" }, "geometry": { "type": "LineString", "coordinates": [ [ 11.8663349, 48.2085132 ], [ 11.8667675, 48.207202 ] ] } },
{ "type": "Feature", "properties": { "voltage_kv": "220 kV", "operator_show": "TenneT TSO GmbH", "name_show": "–" }, "geometry": { "type": "LineString", "coordinates": [ [ 11.3714515, 48.290335 ], [ 11.3719152, 48.2914338 ] ] } },
{ "type": "Feature", "properties": { "voltage_kv": "220 kV", "operator_show": "TenneT TSO GmbH", "name_show": "–" }, "geometry": { "type": "LineString", "coordinates": [ [ 11.3714515, 48.290335 ], [ 11.3717274, 48.2914438 ] ] } },
{ "type": "Feature", "properties": { "voltage_kv": "220 kV", "operator_show": "–", "name_show": "–" }, "geometry": { "type": "LineString", "coordinates": [ [ 6.5820817, 51.0525625 ], [ 6.579621, 51.05182379999998 ] ] } },
{ "type": "Feature", "properties": { "voltage_kv": "220 kV", "operator_show": "–", "name_show": "–" }, "geometry": { "type": "LineString", "coordinates": [ [ 7.3064374, 52.4801413 ], [ 7.3062095, 52.4803388 ] ] } },
{ "type": "Feature", "properties": { "voltage_kv": "220 kV", "operator_show": "RWE", "name_show": "–" }, "geometry": { "type": "LineString", "coordinates": [ [ 7.3061734, 52.4809467 ], [ 7.3060651, 52.4811825 ] ] } },
{ "type": "Feature", "properties": { "voltage_kv": "220 kV", "operator_show": "TenneT TSO", "name_show": "Neufinsing - Zolling" }, "geometry": { "type": "LineString", "coordinates": [ [ 11.815091, 48.2227395 ], [ 11.8142562, 48.221933 ] ] } },
{ "type": "Feature", "properties": { "voltage_kv": "220 kV", "operator_show": "TenneT TSO", "name_show": "Neufinsing - Zolling" }, "geometry": { "type": "LineString", "coordinates": [ [ 11.815091, 48.2227395 ], [ 11.813957, 48.2220562 ] ] } },
{ "type": "Feature", "properties": { "voltage_kv": "220 kV", "operator_show": "TenneT TSO", "name_show": "Oberbachern - Neufinsing" }, "geometry": { "type": "LineString", "coordinates": [ [ 11.8151692, 48.2215778 ], [ 11.815428, 48.2219889 ] ] } },
{ "type": "Feature", "properties": { "voltage_kv": "220 kV", "operator_show": "TenneT TSO", "name_show": "Nfi-Oh" }, "geometry": { "type": "LineString", "coordinates": [ [ 11.8156092, 48.2213923 ], [ 11.8164695, 48.222061899999986 ] ] } },
{ "type": "Feature", "properties": { "voltage_kv": "220 kV", "operator_show": "TenneT TSO", "name_show": "Oberbachern - Neufinsing" }, "geometry": { "type": "LineString", "coordinates": [ [ 11.8153059, 48.221518 ], [ 11.815428, 48.2219889 ] ] } },
{ "type": "Feature", "properties": { "voltage_kv": "220 kV", "operator_show": "TenneT TSO", "name_show": "–" }, "geometry": { "type": "LineString", "coordinates": [ [ 11.8133028, 48.2198299 ], [ 11.8140743, 48.2208267 ] ] } },
{ "type": "Feature", "properties": { "voltage_kv": "220 kV", "operator_show": "TenneT TSO", "name_show": "–" }, "geometry": { "type": "LineString", "coordinates": [ [ 11.8133028, 48.2198299 ], [ 11.8142245, 48.2207681 ] ] } },
{ "type": "Feature", "properties": { "voltage_kv": "220 kV", "operator_show": "RWE", "name_show": "Hochlarmark Ost" }, "geometry": { "type": "LineString", "coordinates": [ [ 7.0624453, 51.6965015 ], [ 7.0629575, 51.6959978 ] ] } },
{ "type": "Feature", "properties": { "voltage_kv": "220 kV", "operator_show": "RWE", "name_show": "–" }, "geometry": { "type": "LineString", "coordinates": [ [ 7.0631872, 51.698706499999986 ], [ 7.0633978, 51.698211 ] ] } },
{ "type": "Feature", "properties": { "voltage_kv": "220 kV", "operator_show": "–", "name_show": "–" }, "geometry": { "type": "LineString", "coordinates": [ [ 9.4890513, 53.6358894 ], [ 9.4895718, 53.6337506 ] ] } },
{ "type": "Feature", "properties": { "voltage_kv": "220 kV", "operator_show": "–", "name_show": "–" }, "geometry": { "type": "LineString", "coordinates": [ [ 9.4890513, 53.6358894 ], [ 9.4899601, 53.6338642 ] ] } },
{ "type": "Feature", "properties": { "voltage_kv": "220 kV", "operator_show": "–", "name_show": "–" }, "geometry": { "type": "LineString", "coordinates": [ [ 9.4890513, 53.6358894 ], [ 9.4903639, 53.6339858 ] ] } },
{ "type": "Feature", "properties": { "voltage_kv": "220 kV", "operator_show": "–", "name_show": "–" }, "geometry": { "type": "LineString", "coordinates": [ [ 9.4974659, 53.639438 ], [ 9.4967647, 53.6388725 ] ] } },
{ "type": "Feature", "properties": { "voltage_kv": "220 kV", "operator_show": "–", "name_show": "–" }, "geometry": { "type": "LineString", "coordinates": [ [ 9.4965614, 53.6391019 ], [ 9.4972404, 53.6396988 ] ] } },
{ "type": "Feature", "properties": { "voltage_kv": "220 kV", "operator_show": "–", "name_show": "–" }, "geometry": { "type": "LineString", "coordinates": [ [ 9.4971771, 53.6393746 ], [ 9.4970476, 53.639531 ] ] } },
{ "type": "Feature", "properties": { "voltage_kv": "220 kV", "operator_show": "–", "name_show": "–" }, "geometry": { "type": "LineString", "coordinates": [ [ 9.4972843, 53.6392929 ], [ 9.4973895, 53.6391698 ] ] } },
{ "type": "Feature", "properties": { "voltage_kv": "220 kV", "operator_show": "TransnetBW", "name_show": "–" }, "geometry": { "type": "LineString", "coordinates": [ [ 8.2482987, 48.846822099999976 ], [ 8.2496122, 48.84765620000001 ] ] } },
{ "type": "Feature", "properties": { "voltage_kv": "220 kV", "operator_show": "Amprion", "name_show": "–" }, "geometry": { "type": "LineString", "coordinates": [ [ 7.0344202, 52.2026367 ], [ 7.0341933, 52.2026553 ] ] } },
{ "type": "Feature", "properties": { "voltage_kv": "220 kV", "operator_show": "RWE", "name_show": "220 kV Niederaußem 3c|4d" }, "geometry": { "type": "LineString", "coordinates": [ [ 6.7010187, 51.0035768 ], [ 6.6999263, 51.0035673 ] ] } },
{ "type": "Feature", "properties": { "voltage_kv": "220 kV", "operator_show": "Amprion", "name_show": "–" }, "geometry": { "type": "LineString", "coordinates": [ [ 6.4709143, 49.9237177 ], [ 6.472086, 49.922996899999987 ] ] } },
{ "type": "Feature", "properties": { "voltage_kv": "220 kV", "operator_show": "Amprion", "name_show": "–" }, "geometry": { "type": "LineString", "coordinates": [ [ 6.4709143, 49.9237177 ], [ 6.4721961, 49.9230999 ] ] } },
{ "type": "Feature", "properties": { "voltage_kv": "220 kV", "operator_show": "Amprion", "name_show": "–" }, "geometry": { "type": "LineString", "coordinates": [ [ 6.4714595, 49.9241038 ], [ 6.4724556, 49.9233563 ] ] } },
{ "type": "Feature", "properties": { "voltage_kv": "220 kV", "operator_show": "Amprion", "name_show": "–" }, "geometry": { "type": "LineString", "coordinates": [ [ 6.4714595, 49.9241038 ], [ 6.4725686, 49.923466699999985 ] ] } },
{ "type": "Feature", "properties": { "voltage_kv": "220 kV", "operator_show": "Amprion", "name_show": "–" }, "geometry": { "type": "LineString", "coordinates": [ [ 6.4742843, 49.9206753 ], [ 6.4731912, 49.921771 ] ] } },
{ "type": "Feature", "properties": { "voltage_kv": "220 kV", "operator_show": "Amprion", "name_show": "–" }, "geometry": { "type": "LineString", "coordinates": [ [ 6.4742843, 49.9206753 ], [ 6.4732999, 49.921886499999985 ] ] } },
{ "type": "Feature", "properties": { "voltage_kv": "220 kV", "operator_show": "Amprion", "name_show": "220 kV Heisdorf - Trier Süd;Niederstedem West" }, "geometry": { "type": "LineString", "coordinates": [ [ 6.6191644, 49.7491575 ], [ 6.6198461, 49.7489814 ] ] } },
{ "type": "Feature", "properties": { "voltage_kv": "220 kV", "operator_show": "Amprion", "name_show": "220 kV Saar Nord" }, "geometry": { "type": "LineString", "coordinates": [ [ 6.6208454, 49.7492084 ], [ 6.6200834, 49.7493777 ] ] } },
{ "type": "Feature", "properties": { "voltage_kv": "220 kV", "operator_show": "Amprion", "name_show": "220 kV Heisdorf - Trier Süd;Niederstedem West" }, "geometry": { "type": "LineString", "coordinates": [ [ 6.6198461, 49.7489814 ], [ 6.6206088, 49.7487645 ] ] } },
{ "type": "Feature", "properties": { "voltage_kv": "220 kV", "operator_show": "Amprion", "name_show": "220 kV Heisdorf - Trier Süd;Niederstedem West" }, "geometry": { "type": "LineString", "coordinates": [ [ 6.6191644, 49.7491575 ], [ 6.6199098, 49.7491004 ] ] } },
{ "type": "Feature", "properties": { "voltage_kv": "220 kV", "operator_show": "Amprion", "name_show": "220 kV Heisdorf - Trier Süd;Niederstedem West" }, "geometry": { "type": "LineString", "coordinates": [ [ 6.6199098, 49.7491004 ], [ 6.6206953, 49.7489269 ] ] } },
{ "type": "Feature", "properties": { "voltage_kv": "220 kV", "operator_show": "RWE", "name_show": "220 kV Gremberghoven Ost" }, "geometry": { "type": "LineString", "coordinates": [ [ 7.1913001, 50.7986177 ], [ 7.1913143, 50.7988691 ] ] } },
{ "type": "Feature", "properties": { "voltage_kv": "220 kV", "operator_show": "RWE", "name_show": "220 kV Gremberghoven West" }, "geometry": { "type": "LineString", "coordinates": [ [ 7.1915529, 50.7988468 ], [ 7.1913001, 50.7986177 ] ] } },
{ "type": "Feature", "properties": { "voltage_kv": "220 kV", "operator_show": "RWE", "name_show": "220 kV Troisdorf Ost|West" }, "geometry": { "type": "LineString", "coordinates": [ [ 7.191805, 50.7984012 ], [ 7.1917508, 50.7988376 ] ] } },
{ "type": "Feature", "properties": { "voltage_kv": "220 kV", "operator_show": "RWE", "name_show": "220 kV Troisdorf Ost|West" }, "geometry": { "type": "LineString", "coordinates": [ [ 7.191805, 50.7984012 ], [ 7.1919638, 50.798829199999979 ] ] } },
{ "type": "Feature", "properties": { "voltage_kv": "220 kV", "operator_show": "RWE", "name_show": "220 kV Leuscheid Nord+Süd" }, "geometry": { "type": "LineString", "coordinates": [ [ 7.1922146, 50.798322099999986 ], [ 7.1921758, 50.7988161 ] ] } },
{ "type": "Feature", "properties": { "voltage_kv": "220 kV", "operator_show": "RWE", "name_show": "220 kV Leuscheid Nord+Süd" }, "geometry": { "type": "LineString", "coordinates": [ [ 7.1922146, 50.798322099999986 ], [ 7.1923947, 50.7988048 ] ] } },
{ "type": "Feature", "properties": { "voltage_kv": "220 kV", "operator_show": "RWE", "name_show": "220 kV Merheim Ost|West" }, "geometry": { "type": "LineString", "coordinates": [ [ 7.0487608, 50.907365699999978 ], [ 7.047923, 50.9060557 ] ] } },
{ "type": "Feature", "properties": { "voltage_kv": "220 kV", "operator_show": "RWE", "name_show": "–" }, "geometry": { "type": "LineString", "coordinates": [ [ 6.9985805, 49.375594 ], [ 6.9994432, 49.3755723 ] ] } },
{ "type": "Feature", "properties": { "voltage_kv": "220 kV", "operator_show": "–", "name_show": "–" }, "geometry": { "type": "LineString", "coordinates": [ [ 6.9992998, 49.376086300000019 ], [ 6.9984413, 49.3761279 ] ] } },
{ "type": "Feature", "properties": { "voltage_kv": "220 kV", "operator_show": "–", "name_show": "–" }, "geometry": { "type": "LineString", "coordinates": [ [ 6.9992998, 49.376086300000019 ], [ 6.9985092, 49.3758673 ] ] } },
{ "type": "Feature", "properties": { "voltage_kv": "220 kV", "operator_show": "–", "name_show": "–" }, "geometry": { "type": "LineString", "coordinates": [ [ 6.7568858, 49.3649429 ], [ 6.7556779, 49.364362 ] ] } },
{ "type": "Feature", "properties": { "voltage_kv": "220 kV", "operator_show": "–", "name_show": "–" }, "geometry": { "type": "LineString", "coordinates": [ [ 6.7543741, 49.3642052 ], [ 6.7556088, 49.3649377 ] ] } },
{ "type": "Feature", "properties": { "voltage_kv": "220 kV", "operator_show": "–", "name_show": "–" }, "geometry": { "type": "LineString", "coordinates": [ [ 6.7417706, 49.3576029 ], [ 6.7425528, 49.3583024 ] ] } },
{ "type": "Feature", "properties": { "voltage_kv": "220 kV", "operator_show": "–", "name_show": "–" }, "geometry": { "type": "LineString", "coordinates": [ [ 14.9130768, 50.9505499 ], [ 14.9125497, 50.9491218 ] ] } },
{ "type": "Feature", "properties": { "voltage_kv": "220 kV", "operator_show": "–", "name_show": "–" }, "geometry": { "type": "LineString", "coordinates": [ [ 14.9130768, 50.9505499 ], [ 14.9120401, 50.9491767 ] ] } },
{ "type": "Feature", "properties": { "voltage_kv": "220 kV", "operator_show": "–", "name_show": "–" }, "geometry": { "type": "LineString", "coordinates": [ [ 14.9123687, 50.9506412 ], [ 14.9116498, 50.9498096 ] ] } },
{ "type": "Feature", "properties": { "voltage_kv": "220 kV", "operator_show": "–", "name_show": "–" }, "geometry": { "type": "LineString", "coordinates": [ [ 14.9123687, 50.9506412 ], [ 14.9115412, 50.949243499999987 ] ] } },
{ "type": "Feature", "properties": { "voltage_kv": "220 kV", "operator_show": "–", "name_show": "–" }, "geometry": { "type": "LineString", "coordinates": [ [ 14.9105031, 50.9496949 ], [ 14.9099252, 50.9495037 ] ] } },
{ "type": "Feature", "properties": { "voltage_kv": "220 kV", "operator_show": "–", "name_show": "–" }, "geometry": { "type": "LineString", "coordinates": [ [ 14.9104147, 50.9494452 ], [ 14.9105031, 50.9496949 ] ] } },
{ "type": "Feature", "properties": { "voltage_kv": "220 kV", "operator_show": "RWE", "name_show": "220 kV Leuscheid Nord+Süd" }, "geometry": { "type": "LineString", "coordinates": [ [ 7.8643492, 50.7698822 ], [ 7.8634476, 50.7698884 ] ] } },
{ "type": "Feature", "properties": { "voltage_kv": "220 kV", "operator_show": "RWE", "name_show": "220 kV Leuscheid Nord+Süd" }, "geometry": { "type": "LineString", "coordinates": [ [ 7.8642265, 50.7697506 ], [ 7.8634476, 50.7698884 ] ] } },
{ "type": "Feature", "properties": { "voltage_kv": "220 kV", "operator_show": "–", "name_show": "–" }, "geometry": { "type": "LineString", "coordinates": [ [ 7.8667287, 50.768823 ], [ 7.8655982, 50.769108499999987 ] ] } },
{ "type": "Feature", "properties": { "voltage_kv": "220 kV", "operator_show": "–", "name_show": "–" }, "geometry": { "type": "LineString", "coordinates": [ [ 7.8667287, 50.768823 ], [ 7.8657148, 50.7692273 ] ] } },
{ "type": "Feature", "properties": { "voltage_kv": "220 kV", "operator_show": "RWE", "name_show": "–" }, "geometry": { "type": "LineString", "coordinates": [ [ 7.8654593, 50.7689916 ], [ 7.8664893, 50.7684725 ] ] } },
{ "type": "Feature", "properties": { "voltage_kv": "220 kV", "operator_show": "RWE", "name_show": "–" }, "geometry": { "type": "LineString", "coordinates": [ [ 7.8653364, 50.768861 ], [ 7.8664893, 50.7684725 ] ] } },
{ "type": "Feature", "properties": { "voltage_kv": "220 kV", "operator_show": "TenneT TSO", "name_show": "–" }, "geometry": { "type": "LineString", "coordinates": [ [ 8.9591109, 50.084027299999988 ], [ 8.9586491, 50.0842475 ] ] } },
{ "type": "Feature", "properties": { "voltage_kv": "220 kV", "operator_show": "TenneT TSO", "name_show": "–" }, "geometry": { "type": "LineString", "coordinates": [ [ 8.9512881, 50.08463829999998 ], [ 8.951148, 50.08415429999998 ] ] } },
{ "type": "Feature", "properties": { "voltage_kv": "220 kV", "operator_show": "TenneT", "name_show": "–" }, "geometry": { "type": "LineString", "coordinates": [ [ 8.951148, 50.08415429999998 ], [ 8.9515131, 50.0846816 ] ] } },
{ "type": "Feature", "properties": { "voltage_kv": "220 kV", "operator_show": "TenneT TSO", "name_show": "–" }, "geometry": { "type": "LineString", "coordinates": [ [ 8.9533521, 50.084419 ], [ 8.9529012, 50.0849656 ] ] } },
{ "type": "Feature", "properties": { "voltage_kv": "220 kV", "operator_show": "TenneT TSO", "name_show": "–" }, "geometry": { "type": "LineString", "coordinates": [ [ 8.9543226, 50.0852335 ], [ 8.9542811, 50.084604699999986 ] ] } },
{ "type": "Feature", "properties": { "voltage_kv": "220 kV", "operator_show": "TenneT TSO", "name_show": "–" }, "geometry": { "type": "LineString", "coordinates": [ [ 8.9547569, 50.085322599999976 ], [ 8.9547985, 50.084881399999986 ] ] } },
{ "type": "Feature", "properties": { "voltage_kv": "220 kV", "operator_show": "TenneT TSO", "name_show": "–" }, "geometry": { "type": "LineString", "coordinates": [ [ 8.9558078, 50.085098700000017 ], [ 8.9549728, 50.0853652 ] ] } },
{ "type": "Feature", "properties": { "voltage_kv": "220 kV", "operator_show": "TenneT TSO", "name_show": "–" }, "geometry": { "type": "LineString", "coordinates": [ [ 8.9558078, 50.085098700000017 ], [ 8.9552085, 50.0854033 ] ] } },
{ "type": "Feature", "properties": { "voltage_kv": "220 kV", "operator_show": "Amprion", "name_show": "–" }, "geometry": { "type": "LineString", "coordinates": [ [ 7.0370549, 51.5398832 ], [ 7.0369604, 51.540361499999989 ] ] } },
{ "type": "Feature", "properties": { "voltage_kv": "220 kV", "operator_show": "Amprion", "name_show": "Vöhringen Ost;Füssen West" }, "geometry": { "type": "LineString", "coordinates": [ [ 10.3621363, 47.739533299999984 ], [ 10.3660106, 47.7396701 ] ] } },
{ "type": "Feature", "properties": { "voltage_kv": "220 kV", "operator_show": "TransnetBW GmbH", "name_show": "–" }, "geometry": { "type": "LineString", "coordinates": [ [ 7.908616, 48.5015956 ], [ 7.9083427, 48.5007486 ] ] } },
{ "type": "Feature", "properties": { "voltage_kv": "220 kV", "operator_show": "TransnetBW GmbH", "name_show": "–" }, "geometry": { "type": "LineString", "coordinates": [ [ 7.9083454, 48.5016388 ], [ 7.9083427, 48.5007486 ] ] } },
{ "type": "Feature", "properties": { "voltage_kv": "220 kV", "operator_show": "TransnetBW GmbH", "name_show": "–" }, "geometry": { "type": "LineString", "coordinates": [ [ 7.9096513, 48.5034139 ], [ 7.9090804, 48.5022308 ] ] } },
{ "type": "Feature", "properties": { "voltage_kv": "220 kV", "operator_show": "TransnetBW GmbH", "name_show": "–" }, "geometry": { "type": "LineString", "coordinates": [ [ 7.9096513, 48.5034139 ], [ 7.9088372, 48.5022662 ] ] } },
{ "type": "Feature", "properties": { "voltage_kv": "220 kV", "operator_show": "TransnetBW GmbH", "name_show": "Eichstetten - Weier" }, "geometry": { "type": "LineString", "coordinates": [ [ 7.9083427, 48.5007486 ], [ 7.9080356, 48.4988116 ] ] } },
{ "type": "Feature", "properties": { "voltage_kv": "220 kV; 110 kV", "operator_show": "–", "name_show": "–" }, "geometry": { "type": "LineString", "coordinates": [ [ 8.334349, 52.0725119 ], [ 8.3348847, 52.0702658 ] ] } },
{ "type": "Feature", "properties": { "voltage_kv": "220 kV; 110 kV", "operator_show": "Amprion", "name_show": "220kV Gersteinwerk G2" }, "geometry": { "type": "LineString", "coordinates": [ [ 7.7139409, 51.673875199999976 ], [ 7.7157221, 51.6730358 ] ] } },
{ "type": "Feature", "properties": { "voltage_kv": "220 kV", "operator_show": "Amprion", "name_show": "220kV Gersteinwerk G2" }, "geometry": { "type": "LineString", "coordinates": [ [ 7.7157221, 51.6730358 ], [ 7.7151037, 51.6732297 ] ] } },
{ "type": "Feature", "properties": { "voltage_kv": "220 kV", "operator_show": "Amprion", "name_show": "220kV Gersteinwerk I2" }, "geometry": { "type": "LineString", "coordinates": [ [ 7.7137524, 51.6726129 ], [ 7.7132202, 51.6727696 ] ] } },
{ "type": "Feature", "properties": { "voltage_kv": "220 kV", "operator_show": "RWE", "name_show": "220kV Hochlarmark Ost+West" }, "geometry": { "type": "LineString", "coordinates": [ [ 7.2614578, 51.5741073 ], [ 7.2638529, 51.5739924 ] ] } },
{ "type": "Feature", "properties": { "voltage_kv": "220 kV", "operator_show": "Amprion", "name_show": "220kV Buer Süd+Scholven E" }, "geometry": { "type": "LineString", "coordinates": [ [ 7.0367091, 51.5978176 ], [ 7.0373966, 51.597471200000015 ] ] } },
{ "type": "Feature", "properties": { "voltage_kv": "220 kV", "operator_show": "Amprion", "name_show": "–" }, "geometry": { "type": "LineString", "coordinates": [ [ 7.0365621, 51.5990147 ], [ 7.0368062, 51.6000274 ] ] } },
{ "type": "Feature", "properties": { "voltage_kv": "220 kV", "operator_show": "Amprion", "name_show": "–" }, "geometry": { "type": "LineString", "coordinates": [ [ 7.0371887, 51.599086599999985 ], [ 7.0368062, 51.6000274 ] ] } },
{ "type": "Feature", "properties": { "voltage_kv": "220 kV", "operator_show": "Amprion", "name_show": "–" }, "geometry": { "type": "LineString", "coordinates": [ [ 7.1689886, 51.5539043 ], [ 7.1698762, 51.5541001 ] ] } },
{ "type": "Feature", "properties": { "voltage_kv": "220 kV", "operator_show": "Amprion", "name_show": "–" }, "geometry": { "type": "LineString", "coordinates": [ [ 7.1725462, 51.554253099999983 ], [ 7.1716606, 51.554278900000014 ] ] } },
{ "type": "Feature", "properties": { "voltage_kv": "220 kV", "operator_show": "Amprion", "name_show": "–" }, "geometry": { "type": "LineString", "coordinates": [ [ 7.1716606, 51.554278900000014 ], [ 7.1698762, 51.5541001 ] ] } },
{ "type": "Feature", "properties": { "voltage_kv": "220 kV", "operator_show": "–", "name_show": "–" }, "geometry": { "type": "LineString", "coordinates": [ [ 6.7237914, 51.480654 ], [ 6.7242873, 51.480351799999987 ] ] } },
{ "type": "Feature", "properties": { "voltage_kv": "220 kV", "operator_show": "–", "name_show": "–" }, "geometry": { "type": "LineString", "coordinates": [ [ 6.7237914, 51.480654 ], [ 6.7247877, 51.480376 ] ] } },
{ "type": "Feature", "properties": { "voltage_kv": "220 kV", "operator_show": "–", "name_show": "–" }, "geometry": { "type": "LineString", "coordinates": [ [ 6.7287378, 51.495826200000018 ], [ 6.7232499, 51.489918199999984 ] ] } },
{ "type": "Feature", "properties": { "voltage_kv": "220 kV", "operator_show": "–", "name_show": "–" }, "geometry": { "type": "LineString", "coordinates": [ [ 6.7287705, 51.4934733 ], [ 6.7274387, 51.492387 ] ] } },
{ "type": "Feature", "properties": { "voltage_kv": "220 kV", "operator_show": "–", "name_show": "–" }, "geometry": { "type": "LineString", "coordinates": [ [ 6.7412555, 51.5125716 ], [ 6.7414017, 51.512693 ] ] } },
{ "type": "Feature", "properties": { "voltage_kv": "220 kV", "operator_show": "–", "name_show": "–" }, "geometry": { "type": "LineString", "coordinates": [ [ 6.7412555, 51.5125716 ], [ 6.7414753, 51.5126362 ] ] } },
{ "type": "Feature", "properties": { "voltage_kv": "220 kV", "operator_show": "–", "name_show": "–" }, "geometry": { "type": "LineString", "coordinates": [ [ 6.7391757, 51.5133818 ], [ 6.7408708, 51.5131038 ] ] } },
{ "type": "Feature", "properties": { "voltage_kv": "220 kV", "operator_show": "–", "name_show": "–" }, "geometry": { "type": "LineString", "coordinates": [ [ 6.7411425, 51.5128936 ], [ 6.7391757, 51.5133818 ] ] } },
{ "type": "Feature", "properties": { "voltage_kv": "220 kV", "operator_show": "–", "name_show": "–" }, "geometry": { "type": "LineString", "coordinates": [ [ 6.7277116, 51.4880068 ], [ 6.7282617, 51.4878826 ] ] } },
{ "type": "Feature", "properties": { "voltage_kv": "220 kV", "operator_show": "–", "name_show": "–" }, "geometry": { "type": "LineString", "coordinates": [ [ 6.7282264, 51.487824499999981 ], [ 6.7277116, 51.4880068 ] ] } },
{ "type": "Feature", "properties": { "voltage_kv": "220 kV", "operator_show": "–", "name_show": "–" }, "geometry": { "type": "LineString", "coordinates": [ [ 6.7276122, 51.4878339 ], [ 6.7280055, 51.4877381 ] ] } },
{ "type": "Feature", "properties": { "voltage_kv": "220 kV", "operator_show": "Amprion", "name_show": "–" }, "geometry": { "type": "LineString", "coordinates": [ [ 6.6138132, 51.618517 ], [ 6.6139254, 51.6174835 ] ] } },
{ "type": "Feature", "properties": { "voltage_kv": "220 kV", "operator_show": "Amprion", "name_show": "–" }, "geometry": { "type": "LineString", "coordinates": [ [ 6.6134637, 51.6185646 ], [ 6.6139254, 51.6174835 ] ] } },
{ "type": "Feature", "properties": { "voltage_kv": "220 kV", "operator_show": "RWE", "name_show": "–" }, "geometry": { "type": "LineString", "coordinates": [ [ 6.7886137, 51.5064543 ], [ 6.788212, 51.506724299999988 ] ] } },
{ "type": "Feature", "properties": { "voltage_kv": "220 kV", "operator_show": "RWE", "name_show": "–" }, "geometry": { "type": "LineString", "coordinates": [ [ 6.6267288, 51.2609517 ], [ 6.6269075, 51.262357 ] ] } },
{ "type": "Feature", "properties": { "voltage_kv": "220 kV", "operator_show": "Amprion", "name_show": "–" }, "geometry": { "type": "LineString", "coordinates": [ [ 6.7106032, 51.0911754 ], [ 6.7099505, 51.088107 ] ] } },
{ "type": "Feature", "properties": { "voltage_kv": "220 kV", "operator_show": "Amprion", "name_show": "–" }, "geometry": { "type": "LineString", "coordinates": [ [ 6.7079659, 51.093679 ], [ 6.7099505, 51.088107 ] ] } },
{ "type": "Feature", "properties": { "voltage_kv": "220 kV", "operator_show": "Amprion", "name_show": "Zons West" }, "geometry": { "type": "LineString", "coordinates": [ [ 6.7130473, 51.0910368 ], [ 6.71013, 51.091082900000011 ] ] } },
{ "type": "Feature", "properties": { "voltage_kv": "220 kV", "operator_show": "Amprion", "name_show": "–" }, "geometry": { "type": "LineString", "coordinates": [ [ 6.7131126, 51.0906785 ], [ 6.7091616, 51.090378199999989 ] ] } },
{ "type": "Feature", "properties": { "voltage_kv": "220 kV", "operator_show": "Amprion", "name_show": "220 kV Neurath 1a" }, "geometry": { "type": "LineString", "coordinates": [ [ 6.7070078, 51.0898364 ], [ 6.7094835, 51.0898638 ] ] } },
{ "type": "Feature", "properties": { "voltage_kv": "220 kV", "operator_show": "–", "name_show": "–" }, "geometry": { "type": "LineString", "coordinates": [ [ 6.7096536, 51.0914848 ], [ 6.7098481, 51.0907225 ] ] } },
{ "type": "Feature", "properties": { "voltage_kv": "220 kV", "operator_show": "–", "name_show": "–" }, "geometry": { "type": "LineString", "coordinates": [ [ 6.7078404, 51.0909806 ], [ 6.7100929, 51.0912097 ] ] } },
{ "type": "Feature", "properties": { "voltage_kv": "220 kV", "operator_show": "Amprion", "name_show": "–" }, "geometry": { "type": "LineString", "coordinates": [ [ 6.7110009, 51.090475 ], [ 6.7102212, 51.0924524 ] ] } },
{ "type": "Feature", "properties": { "voltage_kv": "220 kV", "operator_show": "Amprion", "name_show": "220 kV Frimmersdorf 5e" }, "geometry": { "type": "LineString", "coordinates": [ [ 6.7068995, 51.0902216 ], [ 6.7080691, 51.0900871 ] ] } },
{ "type": "Feature", "properties": { "voltage_kv": "220 kV", "operator_show": "Amprion", "name_show": "220kV Frimmersdorf 5e" }, "geometry": { "type": "LineString", "coordinates": [ [ 6.7080691, 51.0900871 ], [ 6.7092057, 51.0901993 ] ] } },
{ "type": "Feature", "properties": { "voltage_kv": "220 kV", "operator_show": "–", "name_show": "–" }, "geometry": { "type": "LineString", "coordinates": [ [ 6.8026109, 51.1223966 ], [ 6.8022801, 51.125048 ] ] } },
{ "type": "Feature", "properties": { "voltage_kv": "220 kV", "operator_show": "–", "name_show": "–" }, "geometry": { "type": "LineString", "coordinates": [ [ 6.80141, 51.122979299999983 ], [ 6.7997528, 51.12265 ] ] } },
{ "type": "Feature", "properties": { "voltage_kv": "220 kV", "operator_show": "Amprion", "name_show": "Stürzelberg Ost" }, "geometry": { "type": "LineString", "coordinates": [ [ 6.8014357, 51.1257845 ], [ 6.8006006, 51.126066100000017 ] ] } },
{ "type": "Feature", "properties": { "voltage_kv": "220 kV", "operator_show": "RWE", "name_show": "220 kV Bigge Ost|West" }, "geometry": { "type": "LineString", "coordinates": [ [ 6.9673179, 51.071337299999989 ], [ 6.9678763, 51.071731399999983 ] ] } },
{ "type": "Feature", "properties": { "voltage_kv": "220 kV", "operator_show": "RWE", "name_show": "220 kV Bigge Ost|West" }, "geometry": { "type": "LineString", "coordinates": [ [ 6.9645493, 51.0684294 ], [ 6.9641565, 51.068847299999987 ] ] } },
{ "type": "Feature", "properties": { "voltage_kv": "220 kV", "operator_show": "RWE", "name_show": "220 kV Bigge Ost|West" }, "geometry": { "type": "LineString", "coordinates": [ [ 6.9641565, 51.068847299999987 ], [ 6.9673179, 51.071337299999989 ] ] } },
{ "type": "Feature", "properties": { "voltage_kv": "220 kV", "operator_show": "–", "name_show": "–" }, "geometry": { "type": "LineString", "coordinates": [ [ 6.9774406, 51.011497 ], [ 6.9771014, 51.0114716 ] ] } },
{ "type": "Feature", "properties": { "voltage_kv": "220 kV", "operator_show": "RWE", "name_show": "220 kV Dünnwald Ost|West" }, "geometry": { "type": "LineString", "coordinates": [ [ 6.9649077, 51.0668621 ], [ 6.9653499, 51.065728400000012 ] ] } },
{ "type": "Feature", "properties": { "voltage_kv": "220 kV", "operator_show": "RWE", "name_show": "220 kV Dünnwald Ost|West" }, "geometry": { "type": "LineString", "coordinates": [ [ 6.9647303, 51.0667887 ], [ 6.9653499, 51.065728400000012 ] ] } },
{ "type": "Feature", "properties": { "voltage_kv": "220 kV", "operator_show": "RWE", "name_show": "220 kV Bigge Ost|West" }, "geometry": { "type": "LineString", "coordinates": [ [ 6.9641958, 51.0682786 ], [ 6.9641565, 51.068847299999987 ] ] } },
{ "type": "Feature", "properties": { "voltage_kv": "220 kV", "operator_show": "RWE", "name_show": "220 kV Niederaußem 4d;Wiesdorf Ltg." }, "geometry": { "type": "LineString", "coordinates": [ [ 6.9645852, 51.0667294 ], [ 6.9649186, 51.0657202 ] ] } },
{ "type": "Feature", "properties": { "voltage_kv": "220 kV", "operator_show": "RWE", "name_show": "220 kV Niederaußem 4d;Wiesdorf Ltg." }, "geometry": { "type": "LineString", "coordinates": [ [ 6.9643866, 51.0666296 ], [ 6.9649186, 51.0657202 ] ] } },
{ "type": "Feature", "properties": { "voltage_kv": "220 kV", "operator_show": "–", "name_show": "–" }, "geometry": { "type": "LineString", "coordinates": [ [ 6.9634966, 51.0679845 ], [ 6.9622035, 51.068861799999986 ] ] } },
{ "type": "Feature", "properties": { "voltage_kv": "220 kV", "operator_show": "RWE", "name_show": "220 kV Itterbach Ost" }, "geometry": { "type": "LineString", "coordinates": [ [ 6.9613032, 51.0687055 ], [ 6.9622035, 51.068861799999986 ] ] } },
{ "type": "Feature", "properties": { "voltage_kv": "220 kV", "operator_show": "RWE", "name_show": "220 kV Godorf Ost;Olefin West" }, "geometry": { "type": "LineString", "coordinates": [ [ 6.9710747, 50.7976979 ], [ 6.9721785, 50.794716899999976 ] ] } },
{ "type": "Feature", "properties": { "voltage_kv": "220 kV", "operator_show": "–", "name_show": "–" }, "geometry": { "type": "LineString", "coordinates": [ [ 6.8061913, 50.9665724 ], [ 6.8072615, 50.9658215 ] ] } },
{ "type": "Feature", "properties": { "voltage_kv": "220 kV", "operator_show": "–", "name_show": "–" }, "geometry": { "type": "LineString", "coordinates": [ [ 6.8059974, 50.9665272 ], [ 6.8072615, 50.9658215 ] ] } },
{ "type": "Feature", "properties": { "voltage_kv": "220 kV", "operator_show": "–", "name_show": "–" }, "geometry": { "type": "LineString", "coordinates": [ [ 6.8072615, 50.9658215 ], [ 6.8086993, 50.9650003 ] ] } },
{ "type": "Feature", "properties": { "voltage_kv": "220 kV", "operator_show": "–", "name_show": "–" }, "geometry": { "type": "LineString", "coordinates": [ [ 6.8086586, 50.965978 ], [ 6.8074249, 50.9668332 ] ] } },
{ "type": "Feature", "properties": { "voltage_kv": "220 kV", "operator_show": "–", "name_show": "–" }, "geometry": { "type": "LineString", "coordinates": [ [ 6.8070879, 50.9667505 ], [ 6.8086586, 50.965978 ] ] } },
{ "type": "Feature", "properties": { "voltage_kv": "220 kV", "operator_show": "Amprion", "name_show": "220 kV Niederaußem 1a|3c" }, "geometry": { "type": "LineString", "coordinates": [ [ 6.8049039, 50.967929299999987 ], [ 6.8041691, 50.9686866 ] ] } },
{ "type": "Feature", "properties": { "voltage_kv": "220 kV", "operator_show": "Amprion", "name_show": "220 kV Niederaußem 2b;Rommerskirchen Ost" }, "geometry": { "type": "LineString", "coordinates": [ [ 6.8038082, 50.9684017 ], [ 6.8046984, 50.967882 ] ] } },
{ "type": "Feature", "properties": { "voltage_kv": "220 kV", "operator_show": "Amprion", "name_show": "220 kV Niederaußem 2b;Rommerskirchen Ost" }, "geometry": { "type": "LineString", "coordinates": [ [ 6.8043172, 50.9677794 ], [ 6.8038082, 50.9684017 ] ] } },
{ "type": "Feature", "properties": { "voltage_kv": "220 kV", "operator_show": "–", "name_show": "–" }, "geometry": { "type": "LineString", "coordinates": [ [ 6.8423511, 50.860100099999983 ], [ 6.8428888, 50.8596923 ] ] } },
{ "type": "Feature", "properties": { "voltage_kv": "220 kV", "operator_show": "–", "name_show": "–" }, "geometry": { "type": "LineString", "coordinates": [ [ 6.8423501, 50.8592093 ], [ 6.8428018, 50.85975830000001 ] ] } },
{ "type": "Feature", "properties": { "voltage_kv": "220 kV", "operator_show": "–", "name_show": "–" }, "geometry": { "type": "LineString", "coordinates": [ [ 6.8433852, 50.863222700000016 ], [ 6.8430705, 50.8647703 ] ] } },
{ "type": "Feature", "properties": { "voltage_kv": "220 kV", "operator_show": "–", "name_show": "–" }, "geometry": { "type": "LineString", "coordinates": [ [ 6.8444309, 50.863679199999979 ], [ 6.8433883, 50.8633789 ] ] } },
{ "type": "Feature", "properties": { "voltage_kv": "220 kV", "operator_show": "RWE", "name_show": "220 kV Knapsack 2b" }, "geometry": { "type": "LineString", "coordinates": [ [ 6.8434031, 50.8623353 ], [ 6.8444309, 50.863679199999979 ] ] } },
{ "type": "Feature", "properties": { "voltage_kv": "220 kV", "operator_show": "–", "name_show": "–" }, "geometry": { "type": "LineString", "coordinates": [ [ 6.8441626, 50.8636019 ], [ 6.8443096, 50.8635206 ] ] } },
{ "type": "Feature", "properties": { "voltage_kv": "220 kV; 0 kV", "operator_show": "RWE", "name_show": "220 kV Niederaußem 3c|4d" }, "geometry": { "type": "LineString", "coordinates": [ [ 6.7009522, 51.005252 ], [ 6.7003533, 51.0033694 ] ] } },
{ "type": "Feature", "properties": { "voltage_kv": "220 kV", "operator_show": "RWE", "name_show": "220 kV Niederaußem 3c|4d" }, "geometry": { "type": "LineString", "coordinates": [ [ 6.7011495, 51.007079 ], [ 6.7009522, 51.005252 ] ] } },
{ "type": "Feature", "properties": { "voltage_kv": "220 kV", "operator_show": "RWE", "name_show": "220kV Buer Süd" }, "geometry": { "type": "LineString", "coordinates": [ [ 6.9277462, 51.5005558 ], [ 6.9285653, 51.500231199999988 ] ] } },
{ "type": "Feature", "properties": { "voltage_kv": "220 kV", "operator_show": "RWE", "name_show": "220kV Scholven E" }, "geometry": { "type": "LineString", "coordinates": [ [ 6.9277462, 51.5005558 ], [ 6.9280586, 51.5001705 ] ] } },
{ "type": "Feature", "properties": { "voltage_kv": "220 kV", "operator_show": "–", "name_show": "–" }, "geometry": { "type": "LineString", "coordinates": [ [ 6.7321426, 51.458913199999976 ], [ 6.7325441, 51.460189299999989 ] ] } },
{ "type": "Feature", "properties": { "voltage_kv": "220 kV", "operator_show": "–", "name_show": "–" }, "geometry": { "type": "LineString", "coordinates": [ [ 6.732434, 51.460205199999983 ], [ 6.7320284, 51.458930799999983 ] ] } },
{ "type": "Feature", "properties": { "voltage_kv": "220 kV", "operator_show": "–", "name_show": "–" }, "geometry": { "type": "LineString", "coordinates": [ [ 6.7318203, 51.458959199999988 ], [ 6.7322245, 51.4602286 ] ] } },
{ "type": "Feature", "properties": { "voltage_kv": "220 kV", "operator_show": "–", "name_show": "–" }, "geometry": { "type": "LineString", "coordinates": [ [ 6.732112, 51.4602451 ], [ 6.7317085, 51.4589687 ] ] } },
{ "type": "Feature", "properties": { "voltage_kv": "220 kV", "operator_show": "–", "name_show": "–" }, "geometry": { "type": "LineString", "coordinates": [ [ 6.7328972, 51.4596697 ], [ 6.7323025, 51.459792 ] ] } },
{ "type": "Feature", "properties": { "voltage_kv": "220 kV", "operator_show": "–", "name_show": "–" }, "geometry": { "type": "LineString", "coordinates": [ [ 6.7152899, 51.5272417 ], [ 6.7170757, 51.5277244 ] ] } },
{ "type": "Feature", "properties": { "voltage_kv": "220 kV", "operator_show": "–", "name_show": "–" }, "geometry": { "type": "LineString", "coordinates": [ [ 6.7147895, 51.5272822 ], [ 6.7170757, 51.5277244 ] ] } },
{ "type": "Feature", "properties": { "voltage_kv": "220 kV", "operator_show": "–", "name_show": "–" }, "geometry": { "type": "LineString", "coordinates": [ [ 6.7147717, 51.526020399999986 ], [ 6.7148683, 51.5257728 ] ] } },
{ "type": "Feature", "properties": { "voltage_kv": "220 kV", "operator_show": "–", "name_show": "–" }, "geometry": { "type": "LineString", "coordinates": [ [ 6.7151923, 51.526097399999983 ], [ 6.7163233, 51.5258973 ] ] } },
{ "type": "Feature", "properties": { "voltage_kv": "220 kV", "operator_show": "RWE", "name_show": "–" }, "geometry": { "type": "LineString", "coordinates": [ [ 6.7240898, 51.357218699999983 ], [ 6.7239245, 51.3566042 ] ] } },
{ "type": "Feature", "properties": { "voltage_kv": "220 kV", "operator_show": "RWE", "name_show": "220kV Meerbusch Ost+Stratum West" }, "geometry": { "type": "LineString", "coordinates": [ [ 6.7253822, 51.357681499999984 ], [ 6.7249357, 51.356460099999978 ] ] } },
{ "type": "Feature", "properties": { "voltage_kv": "220 kV", "operator_show": "RWE", "name_show": "220kV Meerbusch Ost+Stratum West" }, "geometry": { "type": "LineString", "coordinates": [ [ 6.7253822, 51.357681499999984 ], [ 6.7251719, 51.3564265 ] ] } },
{ "type": "Feature", "properties": { "voltage_kv": "220 kV", "operator_show": "RWE", "name_show": "–" }, "geometry": { "type": "LineString", "coordinates": [ [ 6.7240898, 51.357218699999983 ], [ 6.7236889, 51.3566378 ] ] } },
{ "type": "Feature", "properties": { "voltage_kv": "220 kV", "operator_show": "RWE", "name_show": "–" }, "geometry": { "type": "LineString", "coordinates": [ [ 6.7240898, 51.357218699999983 ], [ 6.7242728, 51.3565546 ] ] } },
{ "type": "Feature", "properties": { "voltage_kv": "220 kV", "operator_show": "RWE", "name_show": "–" }, "geometry": { "type": "LineString", "coordinates": [ [ 6.7240898, 51.357218699999983 ], [ 6.7244332, 51.3565317 ] ] } },
{ "type": "Feature", "properties": { "voltage_kv": "220 kV", "operator_show": "RWE", "name_show": "220kV Gellep West" }, "geometry": { "type": "LineString", "coordinates": [ [ 6.6749659, 51.3243166 ], [ 6.6758761, 51.3239503 ] ] } },
{ "type": "Feature", "properties": { "voltage_kv": "220 kV", "operator_show": "–", "name_show": "Schwanheim Ost + West" }, "geometry": { "type": "LineString", "coordinates": [ [ 8.5403726, 50.0756683 ], [ 8.5374158, 50.077709 ] ] } },
{ "type": "Feature", "properties": { "voltage_kv": "220 kV", "operator_show": "–", "name_show": "Schwanheim Ost + West" }, "geometry": { "type": "LineString", "coordinates": [ [ 8.5403726, 50.0756683 ], [ 8.5377073, 50.0778582 ] ] } },
{ "type": "Feature", "properties": { "voltage_kv": "220 kV", "operator_show": "–", "name_show": "–" }, "geometry": { "type": "LineString", "coordinates": [ [ 13.1055676, 48.664360499999987 ], [ 13.1059396, 48.6652157 ] ] } },
{ "type": "Feature", "properties": { "voltage_kv": "220 kV", "operator_show": "–", "name_show": "–" }, "geometry": { "type": "LineString", "coordinates": [ [ 13.1055676, 48.664360499999987 ], [ 13.1057359, 48.6653145 ] ] } },
{ "type": "Feature", "properties": { "voltage_kv": "220 kV; 110 kV", "operator_show": "TransnetBW GmbH", "name_show": "Anlage 326" }, "geometry": { "type": "LineString", "coordinates": [ [ 9.206713, 48.9218334 ], [ 9.2098683, 48.9227737 ] ] } },
{ "type": "Feature", "properties": { "voltage_kv": "220 kV", "operator_show": "RWE", "name_show": "–" }, "geometry": { "type": "LineString", "coordinates": [ [ 8.0193329, 50.9246088 ], [ 8.0193526, 50.9240611 ] ] } },
{ "type": "Feature", "properties": { "voltage_kv": "220 kV", "operator_show": "TransnetBW", "name_show": "–" }, "geometry": { "type": "LineString", "coordinates": [ [ 7.7538349, 48.0956916 ], [ 7.7526497, 48.0963334 ] ] } },
{ "type": "Feature", "properties": { "voltage_kv": "220 kV", "operator_show": "TransnetBW", "name_show": "–" }, "geometry": { "type": "LineString", "coordinates": [ [ 7.7538349, 48.0956916 ], [ 7.7524696, 48.0961996 ] ] } },
{ "type": "Feature", "properties": { "voltage_kv": "220 kV", "operator_show": "RWE", "name_show": "–" }, "geometry": { "type": "LineString", "coordinates": [ [ 7.4346381, 50.4358978 ], [ 7.4331533, 50.4365343 ] ] } },
{ "type": "Feature", "properties": { "voltage_kv": "220 kV", "operator_show": "RWE", "name_show": "–" }, "geometry": { "type": "LineString", "coordinates": [ [ 7.4346381, 50.4358978 ], [ 7.4333054, 50.4367424 ] ] } },
{ "type": "Feature", "properties": { "voltage_kv": "220 kV", "operator_show": "RWE", "name_show": "–" }, "geometry": { "type": "LineString", "coordinates": [ [ 7.4450542, 50.4016222 ], [ 7.4477844, 50.4013652 ] ] } },
{ "type": "Feature", "properties": { "voltage_kv": "220 kV", "operator_show": "TransnetBW GmbH", "name_show": "–" }, "geometry": { "type": "LineString", "coordinates": [ [ 8.2502113, 47.641857499999986 ], [ 8.2508152, 47.64053220000001 ] ] } },
{ "type": "Feature", "properties": { "voltage_kv": "220 kV", "operator_show": "TransnetBW GmbH", "name_show": "–" }, "geometry": { "type": "LineString", "coordinates": [ [ 8.2502113, 47.641857499999986 ], [ 8.2509839, 47.64064170000001 ] ] } },
{ "type": "Feature", "properties": { "voltage_kv": "220 kV", "operator_show": "RWE", "name_show": "Tiengen - Stockach" }, "geometry": { "type": "LineString", "coordinates": [ [ 8.2508743, 47.642180699999983 ], [ 8.2517056, 47.6410711 ] ] } },
{ "type": "Feature", "properties": { "voltage_kv": "220 kV", "operator_show": "TransnetBW GmbH", "name_show": "–" }, "geometry": { "type": "LineString", "coordinates": [ [ 8.2505209, 47.6420954 ], [ 8.2513557, 47.6408585 ] ] } },
{ "type": "Feature", "properties": { "voltage_kv": "220 kV", "operator_show": "RWE", "name_show": "Tiengen - Stockach" }, "geometry": { "type": "LineString", "coordinates": [ [ 8.2508743, 47.642180699999983 ], [ 8.2515306, 47.6409722 ] ] } },
{ "type": "Feature", "properties": { "voltage_kv": "220 kV", "operator_show": "TransnetBW GmbH", "name_show": "–" }, "geometry": { "type": "LineString", "coordinates": [ [ 8.2505209, 47.6420954 ], [ 8.251162, 47.640751099999981 ] ] } },
{ "type": "Feature", "properties": { "voltage_kv": "220 kV", "operator_show": "–", "name_show": "–" }, "geometry": { "type": "LineString", "coordinates": [ [ 8.2601055, 47.632025400000011 ], [ 8.259932, 47.6324433 ] ] } },
{ "type": "Feature", "properties": { "voltage_kv": "220 kV", "operator_show": "–", "name_show": "–" }, "geometry": { "type": "LineString", "coordinates": [ [ 8.260878, 47.6343457 ], [ 8.2611338, 47.6344878 ] ] } },
{ "type": "Feature", "properties": { "voltage_kv": "220 kV", "operator_show": "Badenwerk", "name_show": "Tiengen - Schlücht 1x 220 kV" }, "geometry": { "type": "LineString", "coordinates": [ [ 8.2596549, 47.6360931 ], [ 8.2596409, 47.6350041 ] ] } },
{ "type": "Feature", "properties": { "voltage_kv": "220 kV", "operator_show": "RWE", "name_show": "Tiengen - Stockach" }, "geometry": { "type": "LineString", "coordinates": [ [ 8.9887432, 47.8385198 ], [ 8.9849243, 47.8379225 ] ] } },
{ "type": "Feature", "properties": { "voltage_kv": "220 kV", "operator_show": "Amprion", "name_show": "–" }, "geometry": { "type": "LineString", "coordinates": [ [ 7.279939, 51.4721374 ], [ 7.2794967, 51.4731278 ] ] } },
{ "type": "Feature", "properties": { "voltage_kv": "220 kV", "operator_show": "ENERVIE Vernetzt GmbH", "name_show": "–" }, "geometry": { "type": "LineString", "coordinates": [ [ 7.7056335, 51.2790896 ], [ 7.7058003, 51.2793143 ] ] } },
{ "type": "Feature", "properties": { "voltage_kv": "220 kV", "operator_show": "RWE", "name_show": "220 kV Niederaußem 1a|2b" }, "geometry": { "type": "LineString", "coordinates": [ [ 6.667447, 50.989185 ], [ 6.6653764, 50.9883977 ] ] } },
{ "type": "Feature", "properties": { "voltage_kv": "220 kV; 110 kV", "operator_show": "RWE", "name_show": "220 kV Niederaußem 1a|2b|3c|4d" }, "geometry": { "type": "LineString", "coordinates": [ [ 6.6731572, 50.9912347 ], [ 6.6703493, 50.9903237 ] ] } },
{ "type": "Feature", "properties": { "voltage_kv": "220 kV", "operator_show": "TenneT TSO GmbH", "name_show": "Ingolstadt - Raitersaich" }, "geometry": { "type": "LineString", "coordinates": [ [ 10.8408529, 49.3777565 ], [ 10.8421639, 49.3779221 ] ] } },
{ "type": "Feature", "properties": { "voltage_kv": "220 kV", "operator_show": "TenneT TSO GmbH", "name_show": "Ingolstadt - Raitersaich" }, "geometry": { "type": "LineString", "coordinates": [ [ 10.8408529, 49.3777565 ], [ 10.842178, 49.3780666 ] ] } },
{ "type": "Feature", "properties": { "voltage_kv": "220 kV", "operator_show": "–", "name_show": "–" }, "geometry": { "type": "LineString", "coordinates": [ [ 10.0914189, 52.3189451 ], [ 10.0910094, 52.3189595 ] ] } },
{ "type": "Feature", "properties": { "voltage_kv": "220 kV", "operator_show": "–", "name_show": "–" }, "geometry": { "type": "LineString", "coordinates": [ [ 10.0913929, 52.3181113 ], [ 10.0909514, 52.3181129 ] ] } },
{ "type": "Feature", "properties": { "voltage_kv": "220 kV", "operator_show": "RWE", "name_show": "–" }, "geometry": { "type": "LineString", "coordinates": [ [ 6.6834311, 51.6436002 ], [ 6.6838267, 51.6448524 ] ] } },
{ "type": "Feature", "properties": { "voltage_kv": "220 kV", "operator_show": "RWE", "name_show": "220kV Wesel Ost" }, "geometry": { "type": "LineString", "coordinates": [ [ 6.6836285, 51.6464633 ], [ 6.6839012, 51.6458455 ] ] } },
{ "type": "Feature", "properties": { "voltage_kv": "220 kV", "operator_show": "RWE", "name_show": "–" }, "geometry": { "type": "LineString", "coordinates": [ [ 6.683644, 51.6458233 ], [ 6.6836285, 51.6464633 ] ] } },
{ "type": "Feature", "properties": { "voltage_kv": "220 kV", "operator_show": "Amprion GmbH", "name_show": "–" }, "geometry": { "type": "LineString", "coordinates": [ [ 7.1792707, 51.4723854 ], [ 7.1773134, 51.4725352 ] ] } },
{ "type": "Feature", "properties": { "voltage_kv": "220 kV", "operator_show": "–", "name_show": "–" }, "geometry": { "type": "LineString", "coordinates": [ [ 13.249418, 52.698111699999984 ], [ 13.2593938, 52.700494 ] ] } },
{ "type": "Feature", "properties": { "voltage_kv": "220 kV", "operator_show": "TenneT", "name_show": "Leitung 2026 Lehrte - Mehrum" }, "geometry": { "type": "LineString", "coordinates": [ [ 9.919029, 52.3803229 ], [ 9.919186, 52.3811048 ] ] } },
{ "type": "Feature", "properties": { "voltage_kv": "220 kV", "operator_show": "TenneT", "name_show": "Leitung 2026 Lehrte - Mehrum" }, "geometry": { "type": "LineString", "coordinates": [ [ 9.919029, 52.3803229 ], [ 9.9194308, 52.3810732 ] ] } },
{ "type": "Feature", "properties": { "voltage_kv": "220 kV", "operator_show": "–", "name_show": "–" }, "geometry": { "type": "LineString", "coordinates": [ [ 6.6137601, 51.0354888 ], [ 6.614193, 51.035369 ] ] } },
{ "type": "Feature", "properties": { "voltage_kv": "220 kV", "operator_show": "TenneT TSO GmbH", "name_show": "Neufinsing - Marienberg" }, "geometry": { "type": "LineString", "coordinates": [ [ 12.1295312, 47.9148694 ], [ 12.1312998, 47.9138297 ] ] } },
{ "type": "Feature", "properties": { "voltage_kv": "220 kV", "operator_show": "TenneT TSO GmbH", "name_show": "Neufinsing - Marienberg" }, "geometry": { "type": "LineString", "coordinates": [ [ 12.1295312, 47.9148694 ], [ 12.1313608, 47.9139445 ] ] } },
{ "type": "Feature", "properties": { "voltage_kv": "220 kV", "operator_show": "–", "name_show": "–" }, "geometry": { "type": "LineString", "coordinates": [ [ 12.1311404, 47.914084 ], [ 12.1311079, 47.9139933 ] ] } },
{ "type": "Feature", "properties": { "voltage_kv": "220 kV", "operator_show": "–", "name_show": "–" }, "geometry": { "type": "LineString", "coordinates": [ [ 12.1310483, 47.9138763 ], [ 12.1310085, 47.9137662 ] ] } },
{ "type": "Feature", "properties": { "voltage_kv": "220 kV", "operator_show": "RWE", "name_show": "220 kV Gremberghoven Ost|West" }, "geometry": { "type": "LineString", "coordinates": [ [ 7.1891829, 50.7979893 ], [ 7.1913001, 50.7986177 ] ] } },
{ "type": "Feature", "properties": { "voltage_kv": "220 kV", "operator_show": "TenneT TSO", "name_show": "206" }, "geometry": { "type": "LineString", "coordinates": [ [ 8.0892282, 53.1358072 ], [ 8.0458474, 53.3310652 ] ] } },
{ "type": "Feature", "properties": { "voltage_kv": "220 kV", "operator_show": "TenneT TSO", "name_show": "206" }, "geometry": { "type": "LineString", "coordinates": [ [ 8.079194, 52.859356 ], [ 8.107041, 52.970469 ] ] } },
{ "type": "Feature", "properties": { "voltage_kv": "220 kV", "operator_show": "–", "name_show": "–" }, "geometry": { "type": "LineString", "coordinates": [ [ 8.4890539, 49.4463597 ], [ 8.4894865, 49.4463836 ] ] } },
{ "type": "Feature", "properties": { "voltage_kv": "220 kV", "operator_show": "RWE", "name_show": "Scholven C" }, "geometry": { "type": "LineString", "coordinates": [ [ 7.0310027, 51.6095349 ], [ 7.0318022, 51.6100381 ] ] } },
{ "type": "Feature", "properties": { "voltage_kv": "220 kV", "operator_show": "Amprion", "name_show": "220kV Buer Süd+Scholven E" }, "geometry": { "type": "LineString", "coordinates": [ [ 7.0371088, 51.597863099999977 ], [ 7.0373966, 51.597471200000015 ] ] } },
{ "type": "Feature", "properties": { "voltage_kv": "220 kV", "operator_show": "–", "name_show": "–" }, "geometry": { "type": "LineString", "coordinates": [ [ 7.0378835, 51.597570099999984 ], [ 7.0373325, 51.5978887 ] ] } },
{ "type": "Feature", "properties": { "voltage_kv": "220 kV", "operator_show": "Amprion", "name_show": "–" }, "geometry": { "type": "LineString", "coordinates": [ [ 7.0363387, 51.5990479 ], [ 7.0368062, 51.6000274 ] ] } },
{ "type": "Feature", "properties": { "voltage_kv": "220 kV", "operator_show": "Amprion", "name_show": "–" }, "geometry": { "type": "LineString", "coordinates": [ [ 7.0373868, 51.599108600000015 ], [ 7.0368062, 51.6000274 ] ] } },
{ "type": "Feature", "properties": { "voltage_kv": "220 kV", "operator_show": "–", "name_show": "–" }, "geometry": { "type": "LineString", "coordinates": [ [ 7.1815181, 51.5594209 ], [ 7.184258, 51.5587083 ] ] } },
{ "type": "Feature", "properties": { "voltage_kv": "220 kV", "operator_show": "–", "name_show": "–" }, "geometry": { "type": "LineString", "coordinates": [ [ 7.0220567, 50.9991286 ], [ 7.0213986, 50.9982196 ] ] } },
{ "type": "Feature", "properties": { "voltage_kv": "220 kV", "operator_show": "RWE", "name_show": "220 kV Merheim Ost|West" }, "geometry": { "type": "LineString", "coordinates": [ [ 7.0221872, 50.9989424 ], [ 7.0213986, 50.9982196 ] ] } },
{ "type": "Feature", "properties": { "voltage_kv": "220 kV", "operator_show": "–", "name_show": "–" }, "geometry": { "type": "LineString", "coordinates": [ [ 7.0207057, 50.999464399999987 ], [ 7.0219715, 50.9992737 ] ] } },
{ "type": "Feature", "properties": { "voltage_kv": "220 kV", "operator_show": "RWE", "name_show": "220 kV Dünnwald Ost|West" }, "geometry": { "type": "LineString", "coordinates": [ [ 7.0207057, 50.999464399999987 ], [ 7.0219053, 50.999369699999988 ] ] } },
{ "type": "Feature", "properties": { "voltage_kv": "220 kV", "operator_show": "–", "name_show": "–" }, "geometry": { "type": "LineString", "coordinates": [ [ 9.5940298, 49.8002379 ], [ 9.5938993, 49.799239 ] ] } },
{ "type": "Feature", "properties": { "voltage_kv": "220 kV", "operator_show": "–", "name_show": "–" }, "geometry": { "type": "LineString", "coordinates": [ [ 9.5940298, 49.8002379 ], [ 9.5944305, 49.7990923 ] ] } },
{ "type": "Feature", "properties": { "voltage_kv": "220 kV", "operator_show": "–", "name_show": "–" }, "geometry": { "type": "LineString", "coordinates": [ [ 9.5940298, 49.8002379 ], [ 9.5942485, 49.7991419 ] ] } },
{ "type": "Feature", "properties": { "voltage_kv": "220 kV", "operator_show": "TransnetBW GmbH", "name_show": "–" }, "geometry": { "type": "LineString", "coordinates": [ [ 8.6427891, 48.8904644 ], [ 8.6399642, 48.8905141 ] ] } },
{ "type": "Feature", "properties": { "voltage_kv": "220 kV", "operator_show": "–", "name_show": "–" }, "geometry": { "type": "LineString", "coordinates": [ [ 8.6399642, 48.8905141 ], [ 8.6404772, 48.8907881 ] ] } },
{ "type": "Feature", "properties": { "voltage_kv": "220 kV", "operator_show": "Amprion", "name_show": "–" }, "geometry": { "type": "LineString", "coordinates": [ [ 7.9362858, 51.0099429 ], [ 7.9367636, 51.010031499999982 ] ] } },
{ "type": "Feature", "properties": { "voltage_kv": "220 kV", "operator_show": "Amprion", "name_show": "–" }, "geometry": { "type": "LineString", "coordinates": [ [ 7.9362858, 51.0099429 ], [ 7.9365676, 51.0101175 ] ] } },
{ "type": "Feature", "properties": { "voltage_kv": "220 kV", "operator_show": "–", "name_show": "–" }, "geometry": { "type": "LineString", "coordinates": [ [ 9.0914302, 49.2946285 ], [ 9.0912455, 49.2944928 ] ] } },
{ "type": "Feature", "properties": { "voltage_kv": "220 kV", "operator_show": "Amprion", "name_show": "220kV Gersteinwerk F2" }, "geometry": { "type": "LineString", "coordinates": [ [ 7.7139409, 51.673875199999976 ], [ 7.7150142, 51.6735324 ] ] } },
{ "type": "Feature", "properties": { "voltage_kv": "220 kV", "operator_show": "–", "name_show": "–" }, "geometry": { "type": "LineString", "coordinates": [ [ 10.4197244, 52.1653213 ], [ 10.4202549, 52.1650114 ] ] } },
{ "type": "Feature", "properties": { "voltage_kv": "220 kV", "operator_show": "–", "name_show": "–" }, "geometry": { "type": "LineString", "coordinates": [ [ 10.4197244, 52.1653213 ], [ 10.4204417, 52.165051 ] ] } },
{ "type": "Feature", "properties": { "voltage_kv": "220 kV; 0 kV", "operator_show": "Amprion GmbH", "name_show": "Biblis 3c" }, "geometry": { "type": "LineString", "coordinates": [ [ 8.4232233, 49.6398234 ], [ 8.4302541, 49.635453299999988 ] ] } },
{ "type": "Feature", "properties": { "voltage_kv": "220 kV", "operator_show": "50Hertz Transmission", "name_show": "Ltg 293 und 294" }, "geometry": { "type": "LineString", "coordinates": [ [ 13.707062, 52.541297699999987 ], [ 13.7034546, 52.543062199999987 ] ] } },
{ "type": "Feature", "properties": { "voltage_kv": "220 kV; 0 kV", "operator_show": "50Hertz Transmission", "name_show": "Ltg 293 und 294" }, "geometry": { "type": "LineString", "coordinates": [ [ 13.7034546, 52.543062199999987 ], [ 13.6937919, 52.5607416 ] ] } },
{ "type": "Feature", "properties": { "voltage_kv": "220 kV", "operator_show": "RWE", "name_show": "220kV Fichtenhain West+Utfort West" }, "geometry": { "type": "LineString", "coordinates": [ [ 6.5421557, 51.2985703 ], [ 6.5424648, 51.29926840000001 ] ] } },
{ "type": "Feature", "properties": { "voltage_kv": "220 kV", "operator_show": "RWE", "name_show": "220kV Fichtenhain West+Utfort West" }, "geometry": { "type": "LineString", "coordinates": [ [ 6.5421557, 51.2985703 ], [ 6.5426163, 51.2991285 ] ] } },
{ "type": "Feature", "properties": { "voltage_kv": "220 kV", "operator_show": "RWE", "name_show": "–" }, "geometry": { "type": "LineString", "coordinates": [ [ 8.4069054, 49.5294629 ], [ 8.4079482, 49.529627700000013 ] ] } },
{ "type": "Feature", "properties": { "voltage_kv": "220 kV", "operator_show": "RWE", "name_show": "–" }, "geometry": { "type": "LineString", "coordinates": [ [ 8.4069054, 49.5294629 ], [ 8.407518, 49.52916519999998 ] ] } },
{ "type": "Feature", "properties": { "voltage_kv": "220 kV", "operator_show": "RWE", "name_show": "–" }, "geometry": { "type": "LineString", "coordinates": [ [ 8.4066639, 49.529104699999984 ], [ 8.4074231, 49.5290732 ] ] } },
{ "type": "Feature", "properties": { "voltage_kv": "220 kV", "operator_show": "RWE", "name_show": "–" }, "geometry": { "type": "LineString", "coordinates": [ [ 8.4066639, 49.529104699999984 ], [ 8.407189, 49.5288207 ] ] } },
{ "type": "Feature", "properties": { "voltage_kv": "220 kV", "operator_show": "RWE", "name_show": "220 kV Anilin 1A|2B" }, "geometry": { "type": "LineString", "coordinates": [ [ 8.4063405, 49.528696 ], [ 8.406861, 49.5284821 ] ] } },
{ "type": "Feature", "properties": { "voltage_kv": "220 kV", "operator_show": "RWE", "name_show": "220 kV Anilin 1A|2B" }, "geometry": { "type": "LineString", "coordinates": [ [ 8.4063405, 49.528696 ], [ 8.4067408, 49.5283634 ] ] } },
{ "type": "Feature", "properties": { "voltage_kv": "220 kV; 220 kV; 110 kV; 110 kV", "operator_show": "TransnetBW GmbH", "name_show": "Gemeinschaftsleitung Transnet BW / Netze BW" }, "geometry": { "type": "LineString", "coordinates": [ [ 8.5501816, 49.432438899999987 ], [ 8.6070351, 49.4017883 ], [ 8.6053141, 49.3704043 ] ] } },
{ "type": "Feature", "properties": { "voltage_kv": "220 kV", "operator_show": "TenneT", "name_show": "–" }, "geometry": { "type": "LineString", "coordinates": [ [ 9.4890513, 53.6358894 ], [ 9.4895774, 53.6365197 ] ] } },
{ "type": "Feature", "properties": { "voltage_kv": "220 kV", "operator_show": "Amprion", "name_show": "Amprion Leitung Biblis 3c" }, "geometry": { "type": "LineString", "coordinates": [ [ 8.4149529, 49.7112265 ], [ 8.414248, 49.7111501 ] ] } },
{ "type": "Feature", "properties": { "voltage_kv": "220 kV", "operator_show": "50Hertz Transmission", "name_show": "Ltg 332 Wolmirstedt - Parchim Süd" }, "geometry": { "type": "LineString", "coordinates": [ [ 11.8560796, 53.0904032 ], [ 11.8518185, 53.0921127 ] ] } },
{ "type": "Feature", "properties": { "voltage_kv": "220 kV", "operator_show": "50Hertz Transmission", "name_show": "Ltg 332 Wolmirstedt" }, "geometry": { "type": "LineString", "coordinates": [ [ 11.8983589, 53.406680699999988 ], [ 11.8967328, 53.40663760000001 ] ] } },
{ "type": "Feature", "properties": { "voltage_kv": "220 kV", "operator_show": "50Hertz Transmission", "name_show": "Ltg 321 Güstrow" }, "geometry": { "type": "LineString", "coordinates": [ [ 11.8978138, 53.408559899999986 ], [ 11.8989008, 53.4076239 ] ] } },
{ "type": "Feature", "properties": { "voltage_kv": "220 kV", "operator_show": "TenneT TSO", "name_show": "Pleinting - Plattling - Schwandorf" }, "geometry": { "type": "LineString", "coordinates": [ [ 12.0796507, 49.2931674 ], [ 12.079483, 49.2945101 ] ] } },
{ "type": "Feature", "properties": { "voltage_kv": "220 kV; 110 kV", "operator_show": "TenneT TSO", "name_show": "–" }, "geometry": { "type": "LineString", "coordinates": [ [ 8.951148, 50.08415429999998 ], [ 8.9077023, 50.0928416 ] ] } },
{ "type": "Feature", "properties": { "voltage_kv": "220 kV", "operator_show": "–", "name_show": "–" }, "geometry": { "type": "LineString", "coordinates": [ [ 7.4280824, 50.407013 ], [ 7.4325581, 50.406564400000015 ] ] } },
{ "type": "Feature", "properties": { "voltage_kv": "220 kV", "operator_show": "–", "name_show": "–" }, "geometry": { "type": "LineString", "coordinates": [ [ 7.3120315, 50.2333454 ], [ 7.3158109, 50.2341452 ] ] } },
{ "type": "Feature", "properties": { "voltage_kv": "220 kV; 110 kV", "operator_show": "50Hertz;DB Energie GmbH", "name_show": "293;294;Priort - Karow 1+2" }, "geometry": { "type": "LineString", "coordinates": [ [ 13.2844101, 52.6999588 ], [ 13.2627898, 52.700434499999979 ] ] } },
{ "type": "Feature", "properties": { "voltage_kv": "220 kV", "operator_show": "50Hertz", "name_show": "293;294" }, "geometry": { "type": "LineString", "coordinates": [ [ 13.3091946, 52.6940178 ], [ 13.2894987, 52.7011289 ] ] } },
{ "type": "Feature", "properties": { "voltage_kv": "220 kV", "operator_show": "–", "name_show": "–" }, "geometry": { "type": "LineString", "coordinates": [ [ 13.2627898, 52.700434499999979 ], [ 13.2593938, 52.700494 ] ] } },
{ "type": "Feature", "properties": { "voltage_kv": "220 kV", "operator_show": "–", "name_show": "–" }, "geometry": { "type": "LineString", "coordinates": [ [ 6.8433883, 50.8633789 ], [ 6.8431654, 50.8632309 ] ] } },
{ "type": "Feature", "properties": { "voltage_kv": "220 kV; 110 kV", "operator_show": "50Hertz;DB Energie GmbH", "name_show": "293;294;Priort - Karow 1+2" }, "geometry": { "type": "LineString", "coordinates": [ [ 13.2894987, 52.7011289 ], [ 13.2844101, 52.6999588 ] ] } },
{ "type": "Feature", "properties": { "voltage_kv": "220 kV", "operator_show": "50Hertz Transmission", "name_show": "Ltg 293 und 294" }, "geometry": { "type": "LineString", "coordinates": [ [ 13.5119547, 52.6202568 ], [ 13.5138729, 52.6188066 ] ] } },
{ "type": "Feature", "properties": { "voltage_kv": "220 kV", "operator_show": "50Hertz Transmission", "name_show": "Ltg 294" }, "geometry": { "type": "LineString", "coordinates": [ [ 13.5136069, 52.6189806 ], [ 13.5140915, 52.618968700000011 ] ] } },
{ "type": "Feature", "properties": { "voltage_kv": "220 kV", "operator_show": "50Hertz Transmission", "name_show": "Ltg 293" }, "geometry": { "type": "LineString", "coordinates": [ [ 13.5139127, 52.6186766 ], [ 13.513775, 52.6186875 ] ] } },
{ "type": "Feature", "properties": { "voltage_kv": "220 kV; 110 kV", "operator_show": "RWE", "name_show": "–" }, "geometry": { "type": "LineString", "coordinates": [ [ 7.9875005, 50.9528123 ], [ 7.9905009, 50.9504545 ] ] } },
{ "type": "Feature", "properties": { "voltage_kv": "220 kV", "operator_show": "Amprion", "name_show": "–" }, "geometry": { "type": "LineString", "coordinates": [ [ 8.0213864, 50.9242503 ], [ 8.0246957, 50.9237942 ] ] } },
{ "type": "Feature", "properties": { "voltage_kv": "220 kV", "operator_show": "–", "name_show": "–" }, "geometry": { "type": "LineString", "coordinates": [ [ 9.7274591, 54.290715299999988 ], [ 9.728737, 54.290219 ] ] } },
{ "type": "Feature", "properties": { "voltage_kv": "220 kV", "operator_show": "–", "name_show": "–" }, "geometry": { "type": "LineString", "coordinates": [ [ 9.7276427, 54.290782299999982 ], [ 9.728737, 54.290219 ] ] } },
{ "type": "Feature", "properties": { "voltage_kv": "220 kV", "operator_show": "TenneT TSO GmbH", "name_show": "2143 und 2144" }, "geometry": { "type": "LineString", "coordinates": [ [ 8.5199563, 53.206078799999979 ], [ 8.519383, 53.2038317 ] ] } },
{ "type": "Feature", "properties": { "voltage_kv": "220 kV", "operator_show": "Amprion", "name_show": "–" }, "geometry": { "type": "LineString", "coordinates": [ [ 7.7289892, 52.2771253 ], [ 7.7292323, 52.2769821 ] ] } },
{ "type": "Feature", "properties": { "voltage_kv": "220 kV", "operator_show": "–", "name_show": "–" }, "geometry": { "type": "LineString", "coordinates": [ [ 9.4233099, 48.061366 ], [ 9.4236835, 48.0613998 ] ] } },
{ "type": "Feature", "properties": { "voltage_kv": "220 kV", "operator_show": "TenneT TSO", "name_show": "–" }, "geometry": { "type": "LineString", "coordinates": [ [ 7.2085421, 53.341788299999983 ], [ 7.2077767, 53.341933699999977 ] ] } },
{ "type": "Feature", "properties": { "voltage_kv": "220 kV", "operator_show": "TenneT TSO", "name_show": "–" }, "geometry": { "type": "LineString", "coordinates": [ [ 7.2377098, 53.3551963 ], [ 7.2390954, 53.3555907 ] ] } },
{ "type": "Feature", "properties": { "voltage_kv": "220 kV", "operator_show": "–", "name_show": "–" }, "geometry": { "type": "LineString", "coordinates": [ [ 7.2377098, 53.3551963 ], [ 7.2388171, 53.3557949 ] ] } },
{ "type": "Feature", "properties": { "voltage_kv": "220 kV", "operator_show": "–", "name_show": "–" }, "geometry": { "type": "LineString", "coordinates": [ [ 7.2377098, 53.3551963 ], [ 7.2392053, 53.3554637 ] ] } },
{ "type": "Feature", "properties": { "voltage_kv": "220 kV", "operator_show": "50Hertz Transmission", "name_show": "Ltg 316 Pasewalk - Iven - Güstrow" }, "geometry": { "type": "LineString", "coordinates": [ [ 14.0340036, 53.5064078 ], [ 14.0377214, 53.5103541 ] ] } },
{ "type": "Feature", "properties": { "voltage_kv": "220 kV", "operator_show": "50Hertz Transmission", "name_show": "Ltg 316 Pasewalk - Iven - Güstrow" }, "geometry": { "type": "LineString", "coordinates": [ [ 14.0377214, 53.5103541 ], [ 14.0375848, 53.5131203 ] ] } },
{ "type": "Feature", "properties": { "voltage_kv": "220 kV", "operator_show": "Amprion", "name_show": "–" }, "geometry": { "type": "LineString", "coordinates": [ [ 6.2115863, 49.958926799999979 ], [ 6.2127405, 49.9588822 ] ] } },
{ "type": "Feature", "properties": { "voltage_kv": "220 kV", "operator_show": "–", "name_show": "–" }, "geometry": { "type": "LineString", "coordinates": [ [ 6.2127405, 49.9588822 ], [ 6.2115774, 49.9587678 ] ] } },
{ "type": "Feature", "properties": { "voltage_kv": "220 kV", "operator_show": "–", "name_show": "–" }, "geometry": { "type": "LineString", "coordinates": [ [ 6.2103766, 49.9584412 ], [ 6.2093256, 49.958599299999989 ] ] } },
{ "type": "Feature", "properties": { "voltage_kv": "220 kV", "operator_show": "–", "name_show": "–" }, "geometry": { "type": "LineString", "coordinates": [ [ 6.210404, 49.958735100000013 ], [ 6.2095487, 49.9589075 ] ] } },
{ "type": "Feature", "properties": { "voltage_kv": "220 kV", "operator_show": "–", "name_show": "–" }, "geometry": { "type": "LineString", "coordinates": [ [ 6.2093256, 49.958599299999989 ], [ 6.2103961, 49.9586191 ] ] } },
{ "type": "Feature", "properties": { "voltage_kv": "220 kV", "operator_show": "–", "name_show": "–" }, "geometry": { "type": "LineString", "coordinates": [ [ 6.2095487, 49.9589075 ], [ 6.21041, 49.9588903 ] ] } },
{ "type": "Feature", "properties": { "voltage_kv": "220 kV", "operator_show": "–", "name_show": "–" }, "geometry": { "type": "LineString", "coordinates": [ [ 6.1785621, 49.952870399999988 ], [ 6.1805016, 49.9537342 ] ] } },
{ "type": "Feature", "properties": { "voltage_kv": "220 kV", "operator_show": "–", "name_show": "–" }, "geometry": { "type": "LineString", "coordinates": [ [ 6.1778264, 49.9532514 ], [ 6.1802567, 49.953966499999986 ] ] } },
{ "type": "Feature", "properties": { "voltage_kv": "220 kV", "operator_show": "–", "name_show": "–" }, "geometry": { "type": "LineString", "coordinates": [ [ 6.1805016, 49.9537342 ], [ 6.1782323, 49.9530198 ] ] } },
{ "type": "Feature", "properties": { "voltage_kv": "220 kV", "operator_show": "–", "name_show": "–" }, "geometry": { "type": "LineString", "coordinates": [ [ 6.1775833, 49.9534451 ], [ 6.1802567, 49.953966499999986 ] ] } },
{ "type": "Feature", "properties": { "voltage_kv": "220 kV", "operator_show": "–", "name_show": "–" }, "geometry": { "type": "LineString", "coordinates": [ [ 11.2787088, 47.4956278 ], [ 11.2780702, 47.4959022 ] ] } },
{ "type": "Feature", "properties": { "voltage_kv": "220 kV", "operator_show": "–", "name_show": "–" }, "geometry": { "type": "LineString", "coordinates": [ [ 11.2787088, 47.4956278 ], [ 11.2780666, 47.4957808 ] ] } },
{ "type": "Feature", "properties": { "voltage_kv": "220 kV", "operator_show": "–", "name_show": "–" }, "geometry": { "type": "LineString", "coordinates": [ [ 13.0564749, 48.2715098 ], [ 13.058635, 48.274147699999986 ] ] } },
{ "type": "Feature", "properties": { "voltage_kv": "220 kV", "operator_show": "–", "name_show": "–" }, "geometry": { "type": "LineString", "coordinates": [ [ 13.0584139, 48.274224 ], [ 13.0564749, 48.2715098 ] ] } },
{ "type": "Feature", "properties": { "voltage_kv": "220 kV", "operator_show": "–", "name_show": "–" }, "geometry": { "type": "LineString", "coordinates": [ [ 13.064159, 48.2943343 ], [ 13.0640815, 48.2949827 ] ] } },
{ "type": "Feature", "properties": { "voltage_kv": "220 kV", "operator_show": "–", "name_show": "–" }, "geometry": { "type": "LineString", "coordinates": [ [ 13.0640815, 48.2949827 ], [ 13.0638835, 48.2943402 ] ] } },
{ "type": "Feature", "properties": { "voltage_kv": "220 kV", "operator_show": "Amprion", "name_show": "–" }, "geometry": { "type": "LineString", "coordinates": [ [ 7.9077346, 51.1376407 ], [ 7.7505348, 51.188665099999987 ] ] } },
{ "type": "Feature", "properties": { "voltage_kv": "220 kV", "operator_show": "Amprion", "name_show": "–" }, "geometry": { "type": "LineString", "coordinates": [ [ 7.7480703, 51.1898999 ], [ 7.6849885, 51.2474517 ] ] } },
{ "type": "Feature", "properties": { "voltage_kv": "220 kV", "operator_show": "Amprion", "name_show": "–" }, "geometry": { "type": "LineString", "coordinates": [ [ 7.7505348, 51.188665099999987 ], [ 7.7480703, 51.1898999 ] ] } },
{ "type": "Feature", "properties": { "voltage_kv": "220 kV", "operator_show": "Amprion", "name_show": "–" }, "geometry": { "type": "LineString", "coordinates": [ [ 7.6308203, 51.289942 ], [ 7.6322707, 51.2851797 ] ] } },
{ "type": "Feature", "properties": { "voltage_kv": "220 kV", "operator_show": "Amprion", "name_show": "–" }, "geometry": { "type": "LineString", "coordinates": [ [ 7.6759077, 51.253386199999987 ], [ 7.6352885, 51.274160499999986 ] ] } },
{ "type": "Feature", "properties": { "voltage_kv": "220 kV", "operator_show": "–", "name_show": "Ltg 315 Güstrow" }, "geometry": { "type": "LineString", "coordinates": [ [ 14.0370119, 53.510698599999976 ], [ 14.0375848, 53.5131203 ] ] } },
{ "type": "Feature", "properties": { "voltage_kv": "230 kV", "operator_show": "–", "name_show": "–" }, "geometry": { "type": "LineString", "coordinates": [ [ 11.6003464, 50.5917837 ], [ 11.6016355, 50.592679 ] ] } },
{ "type": "Feature", "properties": { "voltage_kv": "220 kV", "operator_show": "50Hertz Transmission", "name_show": "Ltg 319 und 324 Wustermark - Brandenburg West" }, "geometry": { "type": "LineString", "coordinates": [ [ 12.9388518, 52.564034499999984 ], [ 12.5791814, 52.6293198 ] ] } },
{ "type": "Feature", "properties": { "voltage_kv": "220 kV", "operator_show": "RWE", "name_show": "–" }, "geometry": { "type": "LineString", "coordinates": [ [ 6.3819604, 51.2152143 ], [ 6.3716067, 51.212475799999986 ] ] } },
{ "type": "Feature", "properties": { "voltage_kv": "220 kV; 110 kV", "operator_show": "RWE", "name_show": "–" }, "geometry": { "type": "LineString", "coordinates": [ [ 6.7333915, 51.5202274 ], [ 6.7306271, 51.5199485 ] ] } },
{ "type": "Feature", "properties": { "voltage_kv": "220 kV", "operator_show": "Amprion", "name_show": "–" }, "geometry": { "type": "LineString", "coordinates": [ [ 7.6260619, 51.295958600000013 ], [ 7.6318167, 51.2911978 ] ] } },
{ "type": "Feature", "properties": { "voltage_kv": "220 kV", "operator_show": "Amprion", "name_show": "220kV Diepholz Ost" }, "geometry": { "type": "LineString", "coordinates": [ [ 8.3106974, 52.3471636 ], [ 8.3097614, 52.3484207 ] ] } },
{ "type": "Feature", "properties": { "voltage_kv": "220 kV", "operator_show": "RWE AG", "name_show": "–" }, "geometry": { "type": "LineString", "coordinates": [ [ 8.3058512, 52.3459944 ], [ 8.3061564, 52.3457395 ] ] } },
{ "type": "Feature", "properties": { "voltage_kv": "220 kV", "operator_show": "RWE AG", "name_show": "–" }, "geometry": { "type": "LineString", "coordinates": [ [ 8.3058512, 52.3459944 ], [ 8.3055713, 52.3457193 ] ] } },
{ "type": "Feature", "properties": { "voltage_kv": "220 kV", "operator_show": "RWE AG", "name_show": "–" }, "geometry": { "type": "LineString", "coordinates": [ [ 8.3058895, 52.3457328 ], [ 8.3058512, 52.3459944 ] ] } },
{ "type": "Feature", "properties": { "voltage_kv": "220 kV", "operator_show": "–", "name_show": "–" }, "geometry": { "type": "LineString", "coordinates": [ [ 6.7012645, 51.0069551 ], [ 6.7009643, 51.006904399999989 ] ] } },
{ "type": "Feature", "properties": { "voltage_kv": "220 kV; 0 kV", "operator_show": "RWE", "name_show": "220 kV Frimmersdorf 4d" }, "geometry": { "type": "LineString", "coordinates": [ [ 6.7074429, 51.09057450000001 ], [ 6.7079142, 51.0906675 ] ] } },
{ "type": "Feature", "properties": { "voltage_kv": "220 kV", "operator_show": "TenneT", "name_show": "Leitung 2010" }, "geometry": { "type": "LineString", "coordinates": [ [ 9.070791, 52.55451 ], [ 9.10935, 52.542937 ] ] } },
{ "type": "Feature", "properties": { "voltage_kv": "220 kV", "operator_show": "TenneT", "name_show": "Leitung 2010" }, "geometry": { "type": "LineString", "coordinates": [ [ 9.0333121, 52.555041599999988 ], [ 9.070791, 52.55451 ] ] } },
{ "type": "Feature", "properties": { "voltage_kv": "220 kV", "operator_show": "Amprion", "name_show": "–" }, "geometry": { "type": "LineString", "coordinates": [ [ 7.9077346, 51.1376407 ], [ 7.9605097, 51.1192535 ], [ 7.9395455, 51.0117219 ] ] } },
{ "type": "Feature", "properties": { "voltage_kv": "220 kV", "operator_show": "Amprion", "name_show": "–" }, "geometry": { "type": "LineString", "coordinates": [ [ 7.6336974, 51.281334699999988 ], [ 7.6352885, 51.274160499999986 ] ] } },
{ "type": "Feature", "properties": { "voltage_kv": "220 kV", "operator_show": "–", "name_show": "–" }, "geometry": { "type": "LineString", "coordinates": [ [ 7.6332214, 51.2833101 ], [ 7.6336974, 51.281334699999988 ] ] } },
{ "type": "Feature", "properties": { "voltage_kv": "220 kV", "operator_show": "–", "name_show": "Ltg 315 Güstrow" }, "geometry": { "type": "LineString", "coordinates": [ [ 14.0370154, 53.509116499999983 ], [ 14.0370119, 53.510698599999976 ] ] } },
{ "type": "Feature", "properties": { "voltage_kv": "220 kV", "operator_show": "–", "name_show": "–" }, "geometry": { "type": "LineString", "coordinates": [ [ 14.0370119, 53.510698599999976 ], [ 14.0377214, 53.5103541 ] ] } },
{ "type": "Feature", "properties": { "voltage_kv": "220 kV", "operator_show": "–", "name_show": "–" }, "geometry": { "type": "LineString", "coordinates": [ [ 14.0371149, 53.5085555 ], [ 14.0370154, 53.509116499999983 ] ] } },
{ "type": "Feature", "properties": { "voltage_kv": "220 kV", "operator_show": "–", "name_show": "Ltg 315 Güstrow" }, "geometry": { "type": "LineString", "coordinates": [ [ 14.0365554, 53.5085612 ], [ 14.0370154, 53.509116499999983 ] ] } },
{ "type": "Feature", "properties": { "voltage_kv": "220 kV", "operator_show": "TenneT TSO", "name_show": "–" }, "geometry": { "type": "LineString", "coordinates": [ [ 7.2258088, 53.350469199999985 ], [ 7.2241495, 53.350079099999988 ] ] } },
{ "type": "Feature", "properties": { "voltage_kv": "220 kV", "operator_show": "TenneT TSO", "name_show": "–" }, "geometry": { "type": "LineString", "coordinates": [ [ 7.2258088, 53.350469199999985 ], [ 7.2242548, 53.3499805 ] ] } },
{ "type": "Feature", "properties": { "voltage_kv": "220 kV", "operator_show": "Amprion", "name_show": "220-kV Grafschaft-West" }, "geometry": { "type": "LineString", "coordinates": [ [ 7.3104331, 52.4721287 ], [ 7.3110852, 52.471705099999987 ] ] } },
{ "type": "Feature", "properties": { "voltage_kv": "220 kV", "operator_show": "Amprion", "name_show": "220-kV Grafschaft-West" }, "geometry": { "type": "LineString", "coordinates": [ [ 7.3110852, 52.471705099999987 ], [ 7.3107925, 52.4720389 ] ] } },
{ "type": "Feature", "properties": { "voltage_kv": "220 kV", "operator_show": "TenneT TSO", "name_show": "–" }, "geometry": { "type": "LineString", "coordinates": [ [ 9.3450664, 53.8521227 ], [ 9.3454071, 53.8523777 ] ] } },
{ "type": "Feature", "properties": { "voltage_kv": "220 kV", "operator_show": "TenneT TSO", "name_show": "–" }, "geometry": { "type": "LineString", "coordinates": [ [ 9.3451812, 53.8520238 ], [ 9.3454071, 53.8523777 ] ] } },
{ "type": "Feature", "properties": { "voltage_kv": "220 kV; 0 kV", "operator_show": "–", "name_show": "–" }, "geometry": { "type": "LineString", "coordinates": [ [ 6.4866734, 51.377205600000011 ], [ 6.5833079, 51.4376779 ] ] } },
{ "type": "Feature", "properties": { "voltage_kv": "220 kV", "operator_show": "RWE", "name_show": "220kV Utfort West" }, "geometry": { "type": "LineString", "coordinates": [ [ 6.5222998, 51.323703 ], [ 6.5227314, 51.3224881 ] ] } },
{ "type": "Feature", "properties": { "voltage_kv": "220 kV", "operator_show": "–", "name_show": "–" }, "geometry": { "type": "LineString", "coordinates": [ [ 6.5835533, 51.437964699999988 ], [ 6.5833079, 51.4376779 ] ] } },
{ "type": "Feature", "properties": { "voltage_kv": "220 kV", "operator_show": "–", "name_show": "–" }, "geometry": { "type": "LineString", "coordinates": [ [ 6.6166893, 51.4750085 ], [ 6.6138983, 51.4736193 ] ] } },
{ "type": "Feature", "properties": { "voltage_kv": "220 kV", "operator_show": "–", "name_show": "–" }, "geometry": { "type": "LineString", "coordinates": [ [ 6.6169083, 51.4758438 ], [ 6.6138983, 51.4736193 ] ] } },
{ "type": "Feature", "properties": { "voltage_kv": "220 kV", "operator_show": "–", "name_show": "–" }, "geometry": { "type": "LineString", "coordinates": [ [ 6.6151087, 51.4773417 ], [ 6.6131979, 51.4746826 ] ] } },
{ "type": "Feature", "properties": { "voltage_kv": "220 kV", "operator_show": "–", "name_show": "220 kV Wesel Ost" }, "geometry": { "type": "LineString", "coordinates": [ [ 6.6190319, 51.475875699999989 ], [ 6.6199162, 51.476029 ] ] } },
{ "type": "Feature", "properties": { "voltage_kv": "220 kV", "operator_show": "–", "name_show": "–" }, "geometry": { "type": "LineString", "coordinates": [ [ 6.6257083, 51.2595525 ], [ 6.6268669, 51.2566204 ] ] } },
{ "type": "Feature", "properties": { "voltage_kv": "220 kV", "operator_show": "RWE", "name_show": "–" }, "geometry": { "type": "LineString", "coordinates": [ [ 8.1006391, 50.871000399999986 ], [ 8.0910282, 50.9076136 ] ] } },
{ "type": "Feature", "properties": { "voltage_kv": "220 kV", "operator_show": "RWE", "name_show": "–" }, "geometry": { "type": "LineString", "coordinates": [ [ 6.9162936, 51.4969901 ], [ 6.9207269, 51.497450100000016 ] ] } },
{ "type": "Feature", "properties": { "voltage_kv": "220 kV", "operator_show": "–", "name_show": "–" }, "geometry": { "type": "LineString", "coordinates": [ [ 6.9207269, 51.497450100000016 ], [ 6.9223818, 51.4980979 ] ] } },
{ "type": "Feature", "properties": { "voltage_kv": "220 kV", "operator_show": "–", "name_show": "–" }, "geometry": { "type": "LineString", "coordinates": [ [ 6.9207269, 51.497450100000016 ], [ 6.922486, 51.4976147 ] ] } },
{ "type": "Feature", "properties": { "voltage_kv": "220 kV", "operator_show": "–", "name_show": "–" }, "geometry": { "type": "LineString", "coordinates": [ [ 8.7723766, 49.9744092 ], [ 8.7720687, 49.974705599999986 ] ] } },
{ "type": "Feature", "properties": { "voltage_kv": "220 kV", "operator_show": "TransnetBW GmbH", "name_show": "–" }, "geometry": { "type": "LineString", "coordinates": [ [ 8.5411553, 49.4384854 ], [ 8.546196, 49.43554240000001 ] ] } },
{ "type": "Feature", "properties": { "voltage_kv": "220 kV", "operator_show": "TransnetBW GmbH", "name_show": "–" }, "geometry": { "type": "LineString", "coordinates": [ [ 8.538486, 49.4471053 ], [ 8.541668, 49.4440623 ] ] } },
{ "type": "Feature", "properties": { "voltage_kv": "220 kV", "operator_show": "TransnetBW GmbH", "name_show": "–" }, "geometry": { "type": "LineString", "coordinates": [ [ 8.6161026, 49.3626379 ], [ 8.6229983, 49.3585251 ] ] } },
{ "type": "Feature", "properties": { "voltage_kv": "220 kV", "operator_show": "TransnetBW GmbH", "name_show": "–" }, "geometry": { "type": "LineString", "coordinates": [ [ 8.6053141, 49.3704043 ], [ 8.6161026, 49.3626379 ] ] } },
{ "type": "Feature", "properties": { "voltage_kv": "220 kV", "operator_show": "–", "name_show": "–" }, "geometry": { "type": "LineString", "coordinates": [ [ 10.400706, 52.168486899999984 ], [ 10.4197244, 52.1653213 ] ] } },
{ "type": "Feature", "properties": { "voltage_kv": "220 kV", "operator_show": "–", "name_show": "–" }, "geometry": { "type": "LineString", "coordinates": [ [ 10.4005695, 52.168088199999985 ], [ 10.3920616, 52.167940299999984 ] ] } },
{ "type": "Feature", "properties": { "voltage_kv": "220 kV", "operator_show": "–", "name_show": "–" }, "geometry": { "type": "LineString", "coordinates": [ [ 9.1709347, 49.0403477 ], [ 9.1704815, 49.0406064 ] ] } },
{ "type": "Feature", "properties": { "voltage_kv": "220 kV", "operator_show": "–", "name_show": "Otterbach - Beeden" }, "geometry": { "type": "LineString", "coordinates": [ [ 7.7226942, 49.4877849 ], [ 7.6852986, 49.487281899999985 ] ] } },
{ "type": "Feature", "properties": { "voltage_kv": "220 kV; 110 kV", "operator_show": "RWE", "name_show": "–" }, "geometry": { "type": "LineString", "coordinates": [ [ 8.0435459, 50.785155 ], [ 8.0977458, 50.8207646 ] ] } },
{ "type": "Feature", "properties": { "voltage_kv": "220 kV", "operator_show": "TenneT TSO", "name_show": "St. Peter - Simbach;Altheim - Simbach" }, "geometry": { "type": "LineString", "coordinates": [ [ 12.994505, 48.2889355 ], [ 12.996101, 48.2938066 ] ] } },
{ "type": "Feature", "properties": { "voltage_kv": "220 kV", "operator_show": "RWE", "name_show": "220 kV Rommerskirchen Ost" }, "geometry": { "type": "LineString", "coordinates": [ [ 6.7008139, 51.007025799999987 ], [ 6.7004569, 51.005175799999989 ] ] } },
{ "type": "Feature", "properties": { "voltage_kv": "220 kV", "operator_show": "–", "name_show": "–" }, "geometry": { "type": "LineString", "coordinates": [ [ 6.7016062, 51.0071566 ], [ 6.7038391, 51.0061663 ] ] } },
{ "type": "Feature", "properties": { "voltage_kv": "220 kV", "operator_show": "–", "name_show": "–" }, "geometry": { "type": "LineString", "coordinates": [ [ 6.7017338, 51.0071778 ], [ 6.7038391, 51.0061663 ] ] } },
{ "type": "Feature", "properties": { "voltage_kv": "220 kV", "operator_show": "Amprion", "name_show": "–" }, "geometry": { "type": "LineString", "coordinates": [ [ 7.6059039, 51.3375464 ], [ 7.6058933, 51.332347799999987 ] ] } },
{ "type": "Feature", "properties": { "voltage_kv": "220 kV", "operator_show": "Amprion", "name_show": "220kV Herdecke Nord,Süd" }, "geometry": { "type": "LineString", "coordinates": [ [ 7.4508527, 51.4134976 ], [ 7.4534293, 51.4128596 ] ] } },
{ "type": "Feature", "properties": { "voltage_kv": "220 kV", "operator_show": "TenneT", "name_show": "–" }, "geometry": { "type": "LineString", "coordinates": [ [ 8.9601257, 52.277074199999987 ], [ 8.9592779, 52.2771124 ] ] } },
{ "type": "Feature", "properties": { "voltage_kv": "220 kV", "operator_show": "TenneT", "name_show": "–" }, "geometry": { "type": "LineString", "coordinates": [ [ 8.9594398, 52.2772029 ], [ 8.9601257, 52.277074199999987 ] ] } },
{ "type": "Feature", "properties": { "voltage_kv": "220 kV", "operator_show": "Amprion", "name_show": "220kV Laer West" }, "geometry": { "type": "LineString", "coordinates": [ [ 7.2791625, 51.4718462 ], [ 7.2798758, 51.4719608 ] ] } },
{ "type": "Feature", "properties": { "voltage_kv": "220 kV", "operator_show": "Amprion", "name_show": "–" }, "geometry": { "type": "LineString", "coordinates": [ [ 7.2797872, 51.472209499999984 ], [ 7.2790617, 51.472088 ] ] } },
{ "type": "Feature", "properties": { "voltage_kv": "220 kV", "operator_show": "RWE", "name_show": "220kV Knepper C" }, "geometry": { "type": "LineString", "coordinates": [ [ 7.2653319, 51.573607599999988 ], [ 7.2653194, 51.5734229 ] ] } },
{ "type": "Feature", "properties": { "voltage_kv": "220 kV; 110 kV", "operator_show": "RWE", "name_show": "–" }, "geometry": { "type": "LineString", "coordinates": [ [ 6.6511202, 51.2014068 ], [ 6.6521314, 51.1982788 ] ] } },
{ "type": "Feature", "properties": { "voltage_kv": "220 kV", "operator_show": "–", "name_show": "–" }, "geometry": { "type": "LineString", "coordinates": [ [ 11.3738536, 48.2913069 ], [ 11.373835, 48.2913314 ] ] } },
{ "type": "Feature", "properties": { "voltage_kv": "220 kV; 110 kV", "operator_show": "RWE", "name_show": "220kV Wesel Ost" }, "geometry": { "type": "LineString", "coordinates": [ [ 6.6843323, 51.6406973 ], [ 6.684976, 51.6377995 ] ] } },
{ "type": "Feature", "properties": { "voltage_kv": "220 kV", "operator_show": "TenneT TSO GmbH", "name_show": "Sandershausen–Göttingen" }, "geometry": { "type": "LineString", "coordinates": [ [ 9.5910443, 51.3260986 ], [ 9.5688053, 51.3246897 ] ] } },
{ "type": "Feature", "properties": { "voltage_kv": "220 kV; 110 kV", "operator_show": "Amprion", "name_show": "220 kV Kondelwald; 110 kV Pünderich" }, "geometry": { "type": "LineString", "coordinates": [ [ 6.9278877, 49.9995107 ], [ 6.911044, 49.976169 ] ] } },
{ "type": "Feature", "properties": { "voltage_kv": "220 kV; 110 kV", "operator_show": "Amprion", "name_show": "220 kV Kondelwald;110 kV Pünderich" }, "geometry": { "type": "LineString", "coordinates": [ [ 7.0051481, 50.013067899999989 ], [ 6.9777813, 50.0103604 ] ] } },
{ "type": "Feature", "properties": { "voltage_kv": "220 kV; 110 kV", "operator_show": "Amprion", "name_show": "220 kV Wengerohr;110 kV Salmtal Süd" }, "geometry": { "type": "LineString", "coordinates": [ [ 6.9090464, 49.9718393 ], [ 6.9089154, 49.97154840000001 ] ] } },
{ "type": "Feature", "properties": { "voltage_kv": "220 kV", "operator_show": "Amprion", "name_show": "220 kV Niederstedem Ost|West" }, "geometry": { "type": "LineString", "coordinates": [ [ 6.4969982, 49.8953445 ], [ 6.5193928, 49.8775222 ] ] } },
{ "type": "Feature", "properties": { "voltage_kv": "220 kV", "operator_show": "enercity Netz", "name_show": "–" }, "geometry": { "type": "LineString", "coordinates": [ [ 9.8958301, 52.3605857 ], [ 9.8961211, 52.3605329 ] ] } },
{ "type": "Feature", "properties": { "voltage_kv": "220 kV", "operator_show": "–", "name_show": "–" }, "geometry": { "type": "LineString", "coordinates": [ [ 8.4731614, 53.4299992 ], [ 8.4729296, 53.4299983 ] ] } },
{ "type": "Feature", "properties": { "voltage_kv": "220 kV", "operator_show": "50Hertz Transmission", "name_show": "–" }, "geometry": { "type": "LineString", "coordinates": [ [ 12.4705968, 51.370278699999986 ], [ 12.4703843, 51.3711731 ] ] } },
{ "type": "Feature", "properties": { "voltage_kv": "220 kV", "operator_show": "50Hertz Transmission", "name_show": "–" }, "geometry": { "type": "LineString", "coordinates": [ [ 12.4699822, 51.371027099999985 ], [ 12.4705968, 51.370278699999986 ] ] } },
{ "type": "Feature", "properties": { "voltage_kv": "220 kV", "operator_show": "RWE", "name_show": "220kV Pöppinghausen Ost" }, "geometry": { "type": "LineString", "coordinates": [ [ 7.2656779, 51.5720641 ], [ 7.2658396, 51.5729295 ] ] } },
{ "type": "Feature", "properties": { "voltage_kv": "220 kV", "operator_show": "RWE", "name_show": "220kV Pöppinghausen West" }, "geometry": { "type": "LineString", "coordinates": [ [ 7.2656037, 51.5729292 ], [ 7.2656779, 51.5720641 ] ] } },
{ "type": "Feature", "properties": { "voltage_kv": "220 kV", "operator_show": "–", "name_show": "–" }, "geometry": { "type": "LineString", "coordinates": [ [ 8.1182722, 48.705093799999979 ], [ 8.1201089, 48.7048595 ] ] } },
{ "type": "Feature", "properties": { "voltage_kv": "220 kV", "operator_show": "–", "name_show": "–" }, "geometry": { "type": "LineString", "coordinates": [ [ 8.1182722, 48.705093799999979 ], [ 8.1202081, 48.7049891 ] ] } },
{ "type": "Feature", "properties": { "voltage_kv": "220 kV", "operator_show": "Amprion", "name_show": "220 kV Eller Ost" }, "geometry": { "type": "LineString", "coordinates": [ [ 6.8478684, 51.2052769 ], [ 6.8484231, 51.2047749 ] ] } },
{ "type": "Feature", "properties": { "voltage_kv": "220 kV", "operator_show": "Amprion", "name_show": "220 kV Eller West" }, "geometry": { "type": "LineString", "coordinates": [ [ 6.8476783, 51.205234 ], [ 6.8484231, 51.2047749 ] ] } },
{ "type": "Feature", "properties": { "voltage_kv": "220 kV", "operator_show": "RWE", "name_show": "220kV Eller West" }, "geometry": { "type": "LineString", "coordinates": [ [ 6.8274843, 51.1616741 ], [ 6.8271161, 51.162045 ] ] } },
{ "type": "Feature", "properties": { "voltage_kv": "220 kV", "operator_show": "RWE", "name_show": "220kV Itterbach West" }, "geometry": { "type": "LineString", "coordinates": [ [ 6.8258932, 51.164038499999982 ], [ 6.8269706, 51.1635314 ] ] } },
{ "type": "Feature", "properties": { "voltage_kv": "220 kV", "operator_show": "RWE", "name_show": "220kV Eller West" }, "geometry": { "type": "LineString", "coordinates": [ [ 6.8266585, 51.1633572 ], [ 6.8258932, 51.164038499999982 ] ] } },
{ "type": "Feature", "properties": { "voltage_kv": "220 kV", "operator_show": "RWE", "name_show": "220 kV Rheinhausen West" }, "geometry": { "type": "LineString", "coordinates": [ [ 6.72018, 51.391068 ], [ 6.719845, 51.3912813 ] ] } },
{ "type": "Feature", "properties": { "voltage_kv": "220 kV", "operator_show": "RWE", "name_show": "220 KV Stratum Ost" }, "geometry": { "type": "LineString", "coordinates": [ [ 6.72018, 51.391068 ], [ 6.7199485, 51.3914105 ] ] } },
{ "type": "Feature", "properties": { "voltage_kv": "220 kV", "operator_show": "RWE", "name_show": "220kV Beeck Tr211+212" }, "geometry": { "type": "LineString", "coordinates": [ [ 6.7143614, 51.525934299999989 ], [ 6.7148683, 51.5257728 ] ] } },
{ "type": "Feature", "properties": { "voltage_kv": "220 kV", "operator_show": "RWE", "name_show": "220 kV Kasselberg Süd" }, "geometry": { "type": "LineString", "coordinates": [ [ 6.9340943, 51.0341872 ], [ 6.9339523, 51.03547780000001 ] ] } },
{ "type": "Feature", "properties": { "voltage_kv": "220 kV", "operator_show": "RWE", "name_show": "220 kV Frixheim Süd" }, "geometry": { "type": "LineString", "coordinates": [ [ 6.9303229, 51.0327345 ], [ 6.9338736, 51.0340131 ] ] } },
{ "type": "Feature", "properties": { "voltage_kv": "220 kV", "operator_show": "ENERVIE Vernetzt GmbH", "name_show": "220kV Südleitung" }, "geometry": { "type": "LineString", "coordinates": [ [ 7.7053758, 51.2787559 ], [ 7.7030224, 51.27916 ] ] } },
{ "type": "Feature", "properties": { "voltage_kv": "220 kV", "operator_show": "ENERVIE Vernetzt GmbH", "name_show": "220kV Nordleitung" }, "geometry": { "type": "LineString", "coordinates": [ [ 7.7030224, 51.27916 ], [ 7.7055555, 51.2790016 ] ] } },
{ "type": "Feature", "properties": { "voltage_kv": "220 kV", "operator_show": "Amprion GmbH", "name_show": "220 kV Roxheim Nord" }, "geometry": { "type": "LineString", "coordinates": [ [ 8.420044, 49.6305964 ], [ 8.4198971, 49.6316937 ] ] } },
{ "type": "Feature", "properties": { "voltage_kv": "220 kV", "operator_show": "Amprion", "name_show": "220kV Eiserfeld Ltg" }, "geometry": { "type": "LineString", "coordinates": [ [ 7.9863178, 50.8422996 ], [ 7.9826893, 50.8429622 ] ] } },
{ "type": "Feature", "properties": { "voltage_kv": "220 kV", "operator_show": "TenneT TSO GmbH", "name_show": "–" }, "geometry": { "type": "LineString", "coordinates": [ [ 9.569178, 51.3252023 ], [ 9.569402, 51.3250357 ] ] } },
{ "type": "Feature", "properties": { "voltage_kv": "220 kV", "operator_show": "TenneT TSO GmbH", "name_show": "Leitung 2013" }, "geometry": { "type": "LineString", "coordinates": [ [ 9.5686994, 51.325030799999986 ], [ 9.5688053, 51.3246897 ] ] } },
{ "type": "Feature", "properties": { "voltage_kv": "220 kV", "operator_show": "Pfalzwerke", "name_show": "Pfalzwerke Leitung Rhein Nord" }, "geometry": { "type": "LineString", "coordinates": [ [ 8.3512602, 49.421551299999983 ], [ 8.3508127, 49.4225307 ] ] } },
{ "type": "Feature", "properties": { "voltage_kv": "220 kV", "operator_show": "Pfalzwerke", "name_show": "Pfalzwerke Leitung Rhein Süd" }, "geometry": { "type": "LineString", "coordinates": [ [ 8.3516353, 49.421651 ], [ 8.3508127, 49.4225307 ] ] } }
]
}
