{
"type": "FeatureCollection",
"name": "power_lines_380.tmp",
"crs": { "type": "name", "properties": { "name": "urn:ogc:def:crs:OGC:1.3:CRS84" } },
"features": [
{ "type": "Feature", "properties": { "voltage_kv": "380 kV", "operator_show": "–", "name_show": "1 x 380 kV, 2 x 220 kV" }, "geometry": { "type": "LineString", "coordinates": [ [ 8.5311655, 49.853019099999983 ], [ 8.5289402, 49.8563415 ] ] } },
{ "type": "Feature", "properties": { "voltage_kv": "380 kV", "operator_show": "50Hertz Transmission", "name_show": "Ltg 518" }, "geometry": { "type": "LineString", "coordinates": [ [ 13.5153197, 52.620090099999985 ], [ 13.5164063, 52.61867909999998 ] ] } },
{ "type": "Feature", "properties": { "voltage_kv": "380 kV", "operator_show": "RWE", "name_show": "380kV Trebur Nord, 220kV Kranichstein Ost;380kV Ried Ost, 220kV Pfungstadt" }, "geometry": { "type": "LineString", "coordinates": [ [ 8.5289402, 49.8563415 ], [ 8.5507424, 49.9126856 ], [ 8.5957992, 49.949122499999987 ] ] } },
{ "type": "Feature", "properties": { "voltage_kv": "380 kV", "operator_show": "RWE", "name_show": "380kV Meerbusch West" }, "geometry": { "type": "LineString", "coordinates": [ [ 6.621726, 51.259075 ], [ 6.6190159, 51.259057 ] ] } },
{ "type": "Feature", "properties": { "voltage_kv": "380 kV", "operator_show": "RWE", "name_show": "1 x 380 kV, 1 x 220 kV" }, "geometry": { "type": "LineString", "coordinates": [ [ 8.5311655, 49.853019099999983 ], [ 8.5259055, 49.855720099999978 ] ] } },
{ "type": "Feature", "properties": { "voltage_kv": "380 kV", "operator_show": "50Hertz Transmission", "name_show": "–" }, "geometry": { "type": "LineString", "coordinates": [ [ 13.2404473, 52.5357518 ], [ 13.2490385, 52.532001 ] ] } },
{ "type": "Feature", "properties": { "voltage_kv": "380 kV", "operator_show": "TenneT TSO", "name_show": "Ltg 3011" }, "geometry": { "type": "LineString", "coordinates": [ [ 8.6008522, 50.1502852 ], [ 8.5941503, 50.143101 ] ] } },
{ "type": "Feature", "properties": { "voltage_kv": "380 kV", "operator_show": "Amprion GmbH;TransnetBW GmbH", "name_show": "Anlage 315" }, "geometry": { "type": "LineString", "coordinates": [ [ 9.3940779, 48.7181752 ], [ 9.402928, 48.7819656 ], [ 9.3025725, 48.883181199999989 ] ] } },
{ "type": "Feature", "properties": { "voltage_kv": "380 kV", "operator_show": "50Hertz Transmission", "name_show": "E;F" }, "geometry": { "type": "LineString", "coordinates": [ [ 9.9068111, 53.4870448 ], [ 9.9045577, 53.4884271 ] ] } },
{ "type": "Feature", "properties": { "voltage_kv": "380 kV; 110 kV", "operator_show": "Amprion", "name_show": "–" }, "geometry": { "type": "LineString", "coordinates": [ [ 8.6341176, 52.0032844 ], [ 8.6336502, 51.9998937 ] ] } },
{ "type": "Feature", "properties": { "voltage_kv": "380 kV; 220 kV; 110 kV", "operator_show": "RWE", "name_show": "–" }, "geometry": { "type": "LineString", "coordinates": [ [ 7.932346, 52.262755 ], [ 8.0195704, 52.2525948 ] ] } },
{ "type": "Feature", "properties": { "voltage_kv": "380 kV", "operator_show": "RWE", "name_show": "380 kV Sechtem Nord|Süd" }, "geometry": { "type": "LineString", "coordinates": [ [ 6.8941865, 50.8479295 ], [ 6.8888517, 50.84794 ] ] } },
{ "type": "Feature", "properties": { "voltage_kv": "380 kV; 220 kV", "operator_show": "RWE", "name_show": "380 kV Brauweiler West" }, "geometry": { "type": "LineString", "coordinates": [ [ 6.8078944, 50.96598250000001 ], [ 6.8413034, 50.875179 ] ] } },
{ "type": "Feature", "properties": { "voltage_kv": "380 kV", "operator_show": "RWE", "name_show": "380 kV Siegtal Nord|Süd" }, "geometry": { "type": "LineString", "coordinates": [ [ 7.1831215, 50.796095899999983 ], [ 7.1938133, 50.790694299999977 ] ] } },
{ "type": "Feature", "properties": { "voltage_kv": "380 kV", "operator_show": "Amprion", "name_show": "380 kV Liessem Ost;Mittelrhein" }, "geometry": { "type": "LineString", "coordinates": [ [ 6.9748194, 50.7964475 ], [ 6.9761568, 50.7952376 ] ] } },
{ "type": "Feature", "properties": { "voltage_kv": "380 kV", "operator_show": "50Hertz Transmission", "name_show": "Ltg 520" }, "geometry": { "type": "LineString", "coordinates": [ [ 13.5164063, 52.61867909999998 ], [ 13.5178606, 52.619963 ] ] } },
{ "type": "Feature", "properties": { "voltage_kv": "380 kV", "operator_show": "50Hertz Transmission", "name_show": "498" }, "geometry": { "type": "LineString", "coordinates": [ [ 13.2113721, 52.5807986 ], [ 13.2115297, 52.58129 ] ] } },
{ "type": "Feature", "properties": { "voltage_kv": "380 kV", "operator_show": "50Hertz Transmission", "name_show": "Hamburg Ost - Hamburg Nord" }, "geometry": { "type": "LineString", "coordinates": [ [ 10.1620671, 53.557174399999987 ], [ 10.1676087, 53.5587349 ] ] } },
{ "type": "Feature", "properties": { "voltage_kv": "380 kV", "operator_show": "RWE", "name_show": "380 kV Opladen Nord|Süd" }, "geometry": { "type": "LineString", "coordinates": [ [ 6.7066585, 51.0074695 ], [ 6.7097423, 51.0071866 ] ] } },
{ "type": "Feature", "properties": { "voltage_kv": "380 kV", "operator_show": "50Hertz Transmission", "name_show": "Ltg 951 (G) und 952 (H) Brunsbüttel - Hamburg Nord (Friedrichsgabe)" }, "geometry": { "type": "LineString", "coordinates": [ [ 9.2070976, 53.894595700000011 ], [ 9.2120184, 53.8956204 ] ] } },
{ "type": "Feature", "properties": { "voltage_kv": "380 kV", "operator_show": "RWE", "name_show": "380 kV Hessen Ost" }, "geometry": { "type": "LineString", "coordinates": [ [ 8.4419733, 50.0598144 ], [ 8.4325034, 50.0610451 ] ] } },
{ "type": "Feature", "properties": { "voltage_kv": "380 kV", "operator_show": "TransnetBW GmbH", "name_show": "Anlage 302;Hohck-Wdlng" }, "geometry": { "type": "LineString", "coordinates": [ [ 9.2692195, 48.917123 ], [ 9.3397477, 48.8435457 ] ] } },
{ "type": "Feature", "properties": { "voltage_kv": "380 kV", "operator_show": "RWE", "name_show": "380kV Zensenbusch Süd" }, "geometry": { "type": "LineString", "coordinates": [ [ 6.6161861, 51.4773088 ], [ 6.6157474, 51.4782569 ] ] } },
{ "type": "Feature", "properties": { "voltage_kv": "380 kV", "operator_show": "50Hertz Transmission", "name_show": "Ltg 521 Ragow - (Thyrow) - Wustermark und Ltg 522 Ragow - Thyrow" }, "geometry": { "type": "LineString", "coordinates": [ [ 13.6296373, 52.0390273 ], [ 13.4101059, 52.1102087 ] ] } },
{ "type": "Feature", "properties": { "voltage_kv": "380 kV; 110 kV", "operator_show": "50Hertz Transmission;Vattenfall Europe Hamburg", "name_show": "C,D,72,73" }, "geometry": { "type": "LineString", "coordinates": [ [ 10.0041618, 53.4563655 ], [ 9.9126428, 53.484745599999975 ] ] } },
{ "type": "Feature", "properties": { "voltage_kv": "380 kV", "operator_show": "TenneT TSO GmbH", "name_show": "3103 Dollern-(Niedervieland/Unterweser)-Alfstedt" }, "geometry": { "type": "LineString", "coordinates": [ [ 8.5177835, 53.2033638 ], [ 8.5217641, 53.2071983 ] ] } },
{ "type": "Feature", "properties": { "voltage_kv": "380 kV", "operator_show": "50Hertz Transmission", "name_show": "Ltg 504 Marke - Lauchstädt" }, "geometry": { "type": "LineString", "coordinates": [ [ 12.1188767, 51.5151506 ], [ 12.1170953, 51.5115702 ] ] } },
{ "type": "Feature", "properties": { "voltage_kv": "380 kV; 110 kV", "operator_show": "Netze BW GmbH", "name_show": "BZW-WDL/MEZ 380 kV, NET-RTW 110 kV, MEZ-NET 110 kV" }, "geometry": { "type": "LineString", "coordinates": [ [ 9.2393613, 48.5436945 ], [ 9.2502802, 48.5679157 ] ] } },
{ "type": "Feature", "properties": { "voltage_kv": "380 kV", "operator_show": "TenneT", "name_show": "–" }, "geometry": { "type": "LineString", "coordinates": [ [ 9.582883, 53.5888966 ], [ 9.555538, 53.564494099999976 ] ] } },
{ "type": "Feature", "properties": { "voltage_kv": "380 kV", "operator_show": "TenneT", "name_show": "Elbekreuzung 2" }, "geometry": { "type": "LineString", "coordinates": [ [ 9.612654, 53.608268 ], [ 9.6034152, 53.6023129 ] ] } },
{ "type": "Feature", "properties": { "voltage_kv": "380 kV", "operator_show": "Stadtwerke München", "name_show": "OH-FO" }, "geometry": { "type": "LineString", "coordinates": [ [ 11.6442665, 48.1774811 ], [ 11.6414526, 48.1774388 ] ] } },
{ "type": "Feature", "properties": { "voltage_kv": "380 kV", "operator_show": "Stadtwerke München", "name_show": "OH-FO" }, "geometry": { "type": "LineString", "coordinates": [ [ 11.6442665, 48.1774811 ], [ 11.7303985, 48.201618 ], [ 11.8658586, 48.207411599999986 ] ] } },
{ "type": "Feature", "properties": { "voltage_kv": "380 kV", "operator_show": "TenneT TSO", "name_show": "Oberbachern - Ottenhofen" }, "geometry": { "type": "LineString", "coordinates": [ [ 11.797904, 48.240892100000011 ], [ 11.8224261, 48.2292076 ] ] } },
{ "type": "Feature", "properties": { "voltage_kv": "380 kV; 220 kV; 220 kV", "operator_show": "TenneT TSO GmbH", "name_show": "Oberbachern - Ottenhofen;Neufinsing - Ottenhofen" }, "geometry": { "type": "LineString", "coordinates": [ [ 11.8270193, 48.226773899999976 ], [ 11.8597351, 48.2230855 ], [ 11.8663349, 48.2085132 ] ] } },
{ "type": "Feature", "properties": { "voltage_kv": "380 kV; 220 kV", "operator_show": "TenneT TSO", "name_show": "380 kV Irsching - Ottenhofen 220 kV Zolling - Neufinsing" }, "geometry": { "type": "LineString", "coordinates": [ [ 11.823394, 48.2294602 ], [ 11.8260459, 48.322242099999983 ], [ 11.8983539, 48.3427988 ], [ 11.9043072, 48.371304 ], [ 11.8073061, 48.457117800000013 ] ] } },
{ "type": "Feature", "properties": { "voltage_kv": "380 kV", "operator_show": "TenneT TSO GmbH", "name_show": "–" }, "geometry": { "type": "LineString", "coordinates": [ [ 8.5724412, 52.1070257 ], [ 8.5717239, 52.1065155 ] ] } },
{ "type": "Feature", "properties": { "voltage_kv": "380 kV", "operator_show": "TenneT TSO", "name_show": "Leitung 3023" }, "geometry": { "type": "LineString", "coordinates": [ [ 10.7589015, 52.367256500000011 ], [ 10.7568248, 52.3679346 ] ] } },
{ "type": "Feature", "properties": { "voltage_kv": "380 kV", "operator_show": "TenneT TSO", "name_show": "Leitung 3026" }, "geometry": { "type": "LineString", "coordinates": [ [ 10.3633355, 52.2860289 ], [ 10.3133221, 52.278300599999987 ], [ 10.237508, 52.2922001 ] ] } },
{ "type": "Feature", "properties": { "voltage_kv": "380 kV; 110 kV", "operator_show": "Amprion;Westnetz", "name_show": "380 kV Röhe Nord/110 kV Velau Nord/110 kV Velau Süd" }, "geometry": { "type": "LineString", "coordinates": [ [ 6.1662261, 50.803970100000015 ], [ 6.167352, 50.8055193 ] ] } },
{ "type": "Feature", "properties": { "voltage_kv": "380 kV", "operator_show": "RWE", "name_show": "380kV Bergkamen A" }, "geometry": { "type": "LineString", "coordinates": [ [ 7.6190092, 51.6377854 ], [ 7.5930424, 51.6687131 ], [ 7.6098655, 51.6888464 ] ] } },
{ "type": "Feature", "properties": { "voltage_kv": "380 kV", "operator_show": "Amprion", "name_show": "–" }, "geometry": { "type": "LineString", "coordinates": [ [ 7.4286135, 51.4573525 ], [ 7.4194221, 51.458479 ] ] } },
{ "type": "Feature", "properties": { "voltage_kv": "380 kV", "operator_show": "RWE", "name_show": "380 kV Neurath 2b; St.Peter Nord" }, "geometry": { "type": "LineString", "coordinates": [ [ 6.9109967, 51.1176623 ], [ 6.8940721, 51.1287997 ], [ 6.8329633, 51.107159 ], [ 6.8029977, 51.1223353 ] ] } },
{ "type": "Feature", "properties": { "voltage_kv": "380 kV; 110 kV", "operator_show": "Amprion", "name_show": "–" }, "geometry": { "type": "LineString", "coordinates": [ [ 6.9568884, 51.0682672 ], [ 6.9109967, 51.1176623 ] ] } },
{ "type": "Feature", "properties": { "voltage_kv": "380 kV", "operator_show": "Amprion", "name_show": "–" }, "geometry": { "type": "LineString", "coordinates": [ [ 6.8094857, 50.9652475 ], [ 6.8380162, 50.9130875 ], [ 6.9368007, 50.865716 ], [ 6.9278697, 50.838439 ], [ 6.971748, 50.7979752 ] ] } },
{ "type": "Feature", "properties": { "voltage_kv": "380 kV", "operator_show": "RWE", "name_show": "380kV Lohheide West+Zensenbusch Süd" }, "geometry": { "type": "LineString", "coordinates": [ [ 6.6337864, 51.4965099 ], [ 6.7130751, 51.5263499 ] ] } },
{ "type": "Feature", "properties": { "voltage_kv": "380 kV", "operator_show": "RWE", "name_show": "–" }, "geometry": { "type": "LineString", "coordinates": [ [ 6.6803742, 51.6426226 ], [ 6.6785102, 51.6447302 ] ] } },
{ "type": "Feature", "properties": { "voltage_kv": "380 kV; 110 kV", "operator_show": "RWE", "name_show": "–" }, "geometry": { "type": "LineString", "coordinates": [ [ 6.6787174, 51.6541685 ], [ 6.6794938, 51.651625499999987 ] ] } },
{ "type": "Feature", "properties": { "voltage_kv": "380 kV; 110 kV", "operator_show": "RWE", "name_show": "–" }, "geometry": { "type": "LineString", "coordinates": [ [ 6.6803742, 51.6426226 ], [ 6.6795258, 51.6372136 ] ] } },
{ "type": "Feature", "properties": { "voltage_kv": "380 kV; 220 kV; 110 kV", "operator_show": "RWE", "name_show": "–" }, "geometry": { "type": "LineString", "coordinates": [ [ 6.6795258, 51.6372136 ], [ 6.6355118, 51.6248959 ] ] } },
{ "type": "Feature", "properties": { "voltage_kv": "380 kV", "operator_show": "TenneT TSO GmbH", "name_show": "Leitung 3013" }, "geometry": { "type": "LineString", "coordinates": [ [ 9.4118733, 52.0343881 ], [ 9.3897988, 52.027538 ] ] } },
{ "type": "Feature", "properties": { "voltage_kv": "380 kV; 220 kV", "operator_show": "RWE", "name_show": "–" }, "geometry": { "type": "LineString", "coordinates": [ [ 6.7170757, 51.5277244 ], [ 6.7168451, 51.534577899999981 ] ] } },
{ "type": "Feature", "properties": { "voltage_kv": "380 kV", "operator_show": "Amprion", "name_show": "380kV Essen West+Kusenhorst" }, "geometry": { "type": "LineString", "coordinates": [ [ 6.9954799, 51.538814099999989 ], [ 6.9322429, 51.563509499999981 ] ] } },
{ "type": "Feature", "properties": { "voltage_kv": "380 kV; 220 kV", "operator_show": "RWE", "name_show": "–" }, "geometry": { "type": "LineString", "coordinates": [ [ 6.7093697, 51.361628 ], [ 6.7239155, 51.362652499999982 ] ] } },
{ "type": "Feature", "properties": { "voltage_kv": "380 kV; 220 kV", "operator_show": "RWE", "name_show": "380kV Toeppersee West+220kV Mündelheim Nord" }, "geometry": { "type": "LineString", "coordinates": [ [ 6.6525754, 51.384007899999986 ], [ 6.6575663, 51.3847381 ] ] } },
{ "type": "Feature", "properties": { "voltage_kv": "380 kV", "operator_show": "TenneT", "name_show": "–" }, "geometry": { "type": "LineString", "coordinates": [ [ 8.563232, 53.0331561 ], [ 8.5636151, 53.0342929 ] ] } },
{ "type": "Feature", "properties": { "voltage_kv": "380 kV", "operator_show": "TenneT", "name_show": "–" }, "geometry": { "type": "LineString", "coordinates": [ [ 8.423354, 53.231568399999986 ], [ 8.4961199, 53.199316 ] ] } },
{ "type": "Feature", "properties": { "voltage_kv": "380 kV", "operator_show": "Amprion GmbH;TransnetBW GmbH", "name_show": "Anlage 315" }, "geometry": { "type": "LineString", "coordinates": [ [ 9.3025725, 48.883181199999989 ], [ 9.2676158, 48.9198266 ], [ 9.2367906, 48.9227403 ] ] } },
{ "type": "Feature", "properties": { "voltage_kv": "380 kV", "operator_show": "50Hertz Transmission", "name_show": "Ltg 596 Putlitz Süd - Perleberg und 515 Putlitz Süd - Stendal West" }, "geometry": { "type": "LineString", "coordinates": [ [ 12.0875305, 53.250110899999981 ], [ 12.043784, 53.198465 ], [ 12.0140694, 53.0708754 ] ] } },
{ "type": "Feature", "properties": { "voltage_kv": "380 kV", "operator_show": "50Hertz Transmission", "name_show": "Ltg 512 Siedenbrünzow - Güstrow" }, "geometry": { "type": "LineString", "coordinates": [ [ 12.618699, 53.589086 ], [ 12.607927, 53.590965 ] ] } },
{ "type": "Feature", "properties": { "voltage_kv": "380 kV; 220 kV", "operator_show": "RWE", "name_show": "–" }, "geometry": { "type": "LineString", "coordinates": [ [ 6.6525754, 51.384007899999986 ], [ 6.6259207, 51.423549 ], [ 6.5866101, 51.4380978 ] ] } },
{ "type": "Feature", "properties": { "voltage_kv": "380 kV", "operator_show": "TenneT TSO", "name_show": "Leitung 3017" }, "geometry": { "type": "LineString", "coordinates": [ [ 8.9374789, 52.403841300000011 ], [ 8.973491, 52.45505 ], [ 8.958428, 52.486493 ], [ 9.0012677, 52.539514699999984 ] ] } },
{ "type": "Feature", "properties": { "voltage_kv": "380 kV", "operator_show": "TenneT TSO GmbH", "name_show": "Leitung 3016" }, "geometry": { "type": "LineString", "coordinates": [ [ 8.9959484, 52.379129699999979 ], [ 8.9406134, 52.4025285 ] ] } },
{ "type": "Feature", "properties": { "voltage_kv": "380 kV", "operator_show": "TenneT TSO GmbH", "name_show": "–" }, "geometry": { "type": "LineString", "coordinates": [ [ 8.5734945, 52.105416 ], [ 8.6306548, 52.0858537 ], [ 8.6567046, 52.000483 ] ] } },
{ "type": "Feature", "properties": { "voltage_kv": "380 kV", "operator_show": "TenneT TSO GmbH", "name_show": "–" }, "geometry": { "type": "LineString", "coordinates": [ [ 8.6604467, 51.9959152 ], [ 8.6601401, 51.9977383 ] ] } },
{ "type": "Feature", "properties": { "voltage_kv": "380 kV", "operator_show": "RWE", "name_show": "–" }, "geometry": { "type": "LineString", "coordinates": [ [ 8.5259055, 49.855720099999978 ], [ 8.4750553, 49.865429899999988 ], [ 8.469289, 49.9001626 ], [ 8.391085, 49.9803503 ] ] } },
{ "type": "Feature", "properties": { "voltage_kv": "380 kV", "operator_show": "–", "name_show": "–" }, "geometry": { "type": "LineString", "coordinates": [ [ 10.1891948, 49.9805177 ], [ 10.18681, 49.9786716 ] ] } },
{ "type": "Feature", "properties": { "voltage_kv": "380 kV", "operator_show": "TenneT TSO", "name_show": "Ltg 428 Eltmann - Redwitz und 432 Kriegenbrunn - Redwitz sowie 435 Oberhaid - Redwitz und 436 Würgau - Redwitz" }, "geometry": { "type": "LineString", "coordinates": [ [ 11.1091674, 49.9834574 ], [ 11.1897519, 50.1608356 ] ] } },
{ "type": "Feature", "properties": { "voltage_kv": "380 kV", "operator_show": "–", "name_show": "Eltmann - Redwitz;Oberhaid - Redwitz" }, "geometry": { "type": "LineString", "coordinates": [ [ 10.8381475, 49.9278164 ], [ 10.910997, 49.9333715 ] ] } },
{ "type": "Feature", "properties": { "voltage_kv": "380 kV", "operator_show": "–", "name_show": "Grafenrheinfeld - Oberhaid" }, "geometry": { "type": "LineString", "coordinates": [ [ 10.8349876, 49.9288091 ], [ 10.8324666, 49.927571 ] ] } },
{ "type": "Feature", "properties": { "voltage_kv": "380 kV; 380 kV; 110 kV; 110 kV", "operator_show": "TenneT TSO GmbH;E.ON Netz GmbH", "name_show": "Grafenrheinfeld - Eltmann;Grafenrheinfeld - Oberhaid;Eltmann - Haßfurt;Eltmann - Knetzgau" }, "geometry": { "type": "LineString", "coordinates": [ [ 10.6606693, 49.975222599999988 ], [ 10.5659797, 49.9787868 ] ] } },
{ "type": "Feature", "properties": { "voltage_kv": "380 kV", "operator_show": "–", "name_show": "–" }, "geometry": { "type": "LineString", "coordinates": [ [ 10.1872336, 49.9807848 ], [ 10.1856515, 49.9797597 ] ] } },
{ "type": "Feature", "properties": { "voltage_kv": "380 kV", "operator_show": "–", "name_show": "–" }, "geometry": { "type": "LineString", "coordinates": [ [ 10.1904836, 49.97937850000001 ], [ 10.19042, 49.9803435 ] ] } },
{ "type": "Feature", "properties": { "voltage_kv": "380 kV", "operator_show": "–", "name_show": "–" }, "geometry": { "type": "LineString", "coordinates": [ [ 10.1899825, 49.9790215 ], [ 10.1899158, 49.9804157 ] ] } },
{ "type": "Feature", "properties": { "voltage_kv": "380 kV", "operator_show": "Amprion", "name_show": "380 kV Opladen Nord|Süd" }, "geometry": { "type": "LineString", "coordinates": [ [ 6.8536983, 51.0241549 ], [ 6.9234771, 51.0281205 ], [ 6.9602243, 51.0502972 ], [ 6.9585199, 51.0670801 ] ] } },
{ "type": "Feature", "properties": { "voltage_kv": "380 kV; 220 kV", "operator_show": "RWE", "name_show": "380 kV Niederaußem 6f|7g|8h; 220 kV Niederaußem 5e" }, "geometry": { "type": "LineString", "coordinates": [ [ 6.6970489, 51.0039151 ], [ 6.6766067, 50.9935705 ] ] } },
{ "type": "Feature", "properties": { "voltage_kv": "380 kV", "operator_show": "RWE", "name_show": "380 kV Brauweiler West; Ville Ost" }, "geometry": { "type": "LineString", "coordinates": [ [ 6.7046078, 51.0069352 ], [ 6.7143596, 51.0054239 ] ] } },
{ "type": "Feature", "properties": { "voltage_kv": "380 kV", "operator_show": "50Hertz Transmission", "name_show": "C,D /971;972" }, "geometry": { "type": "LineString", "coordinates": [ [ 10.0041618, 53.4563655 ], [ 10.0772241, 53.4443357 ], [ 10.1491888, 53.4727448 ], [ 10.1831578, 53.505405 ], [ 10.1590837, 53.5530869 ] ] } },
{ "type": "Feature", "properties": { "voltage_kv": "380 kV; 220 kV; 110 kV", "operator_show": "–", "name_show": "–" }, "geometry": { "type": "LineString", "coordinates": [ [ 8.2736303, 49.0479828 ], [ 8.3234353, 49.201259299999982 ], [ 8.3065715, 49.2565793 ] ] } },
{ "type": "Feature", "properties": { "voltage_kv": "380 kV", "operator_show": "Amprion", "name_show": "380kV Uentrop Nord+ANK" }, "geometry": { "type": "LineString", "coordinates": [ [ 7.9895115, 51.6839257 ], [ 7.8259905, 51.7500676 ] ] } },
{ "type": "Feature", "properties": { "voltage_kv": "380 kV", "operator_show": "Amprion", "name_show": "380kV Gersteinwerk Ost+Gütersloh Süd" }, "geometry": { "type": "LineString", "coordinates": [ [ 7.8340208, 51.7550404 ], [ 7.8344791, 51.7523438 ] ] } },
{ "type": "Feature", "properties": { "voltage_kv": "380 kV", "operator_show": "RWE", "name_show": "380kV Uentrop Nord" }, "geometry": { "type": "LineString", "coordinates": [ [ 7.8314301, 51.753842300000017 ], [ 7.8080148, 51.7653892 ] ] } },
{ "type": "Feature", "properties": { "voltage_kv": "380 kV", "operator_show": "TenneT TSO GmbH", "name_show": "Pleinting - Plattling - Schwandorf" }, "geometry": { "type": "LineString", "coordinates": [ [ 13.0973059, 48.6633339 ], [ 13.1001719, 48.668174799999981 ] ] } },
{ "type": "Feature", "properties": { "voltage_kv": "380 kV; 0 kV", "operator_show": "RWE", "name_show": "–" }, "geometry": { "type": "LineString", "coordinates": [ [ 7.0991351, 51.4826499 ], [ 7.1020439, 51.4803156 ] ] } },
{ "type": "Feature", "properties": { "voltage_kv": "380 kV; 220 kV; 110 kV", "operator_show": "RWE", "name_show": "–" }, "geometry": { "type": "LineString", "coordinates": [ [ 7.1050791, 51.4801036 ], [ 7.1463635, 51.5048944 ] ] } },
{ "type": "Feature", "properties": { "voltage_kv": "380 kV; 220 kV; 110 kV", "operator_show": "RWE", "name_show": "–" }, "geometry": { "type": "LineString", "coordinates": [ [ 7.1416501, 51.5134774 ], [ 7.1418557, 51.5131477 ] ] } },
{ "type": "Feature", "properties": { "voltage_kv": "380 kV; 110 kV", "operator_show": "RWE", "name_show": "–" }, "geometry": { "type": "LineString", "coordinates": [ [ 7.1380811, 51.5605918 ], [ 7.0967556, 51.6100755 ] ] } },
{ "type": "Feature", "properties": { "voltage_kv": "380 kV", "operator_show": "RWE", "name_show": "380kV Meerbusch West" }, "geometry": { "type": "LineString", "coordinates": [ [ 6.8093695, 51.2687271 ], [ 6.8053097, 51.283659 ] ] } },
{ "type": "Feature", "properties": { "voltage_kv": "380 kV; 110 kV", "operator_show": "Amprion;Westnetz", "name_show": "–" }, "geometry": { "type": "LineString", "coordinates": [ [ 6.7924513, 51.3260617 ], [ 6.7945122, 51.3123013 ] ] } },
{ "type": "Feature", "properties": { "voltage_kv": "380 kV; 220 kV; 110 kV", "operator_show": "RWE", "name_show": "–" }, "geometry": { "type": "LineString", "coordinates": [ [ 7.069284, 51.507566099999984 ], [ 7.0446316, 51.515468899999988 ] ] } },
{ "type": "Feature", "properties": { "voltage_kv": "380 kV", "operator_show": "Amprion", "name_show": "380kV Scholven F" }, "geometry": { "type": "LineString", "coordinates": [ [ 6.9973956, 51.6048003 ], [ 7.0191552, 51.6240884 ] ] } },
{ "type": "Feature", "properties": { "voltage_kv": "380 kV", "operator_show": "Amprion", "name_show": "380kV Scholven B" }, "geometry": { "type": "LineString", "coordinates": [ [ 7.0253953, 51.624606 ], [ 7.0226953, 51.624220900000012 ] ] } },
{ "type": "Feature", "properties": { "voltage_kv": "380 kV", "operator_show": "Amprion", "name_show": "380kV Kusenhorst" }, "geometry": { "type": "LineString", "coordinates": [ [ 6.930468, 51.5668438 ], [ 6.9322429, 51.563509499999981 ] ] } },
{ "type": "Feature", "properties": { "voltage_kv": "380 kV", "operator_show": "Amprion", "name_show": "380kV Lippe Süd" }, "geometry": { "type": "LineString", "coordinates": [ [ 7.0217969, 51.6262377 ], [ 7.0203649, 51.626793799999987 ] ] } },
{ "type": "Feature", "properties": { "voltage_kv": "380 kV", "operator_show": "Amprion", "name_show": "–" }, "geometry": { "type": "LineString", "coordinates": [ [ 7.0289345, 51.625702 ], [ 7.0608398, 51.662851599999968 ], [ 7.0575749, 51.6912196 ] ] } },
{ "type": "Feature", "properties": { "voltage_kv": "380 kV; 220 kV", "operator_show": "Amprion", "name_show": "380 kV Berggeist West;220 kV Nette Ost" }, "geometry": { "type": "LineString", "coordinates": [ [ 6.9767285, 50.7928708 ], [ 7.0283486, 50.752546399999986 ] ] } },
{ "type": "Feature", "properties": { "voltage_kv": "380 kV; 110 kV", "operator_show": "Amprion;Westnetz", "name_show": "380 kV Siegtal Nord|Süd;110 kV Stockem Ost" }, "geometry": { "type": "LineString", "coordinates": [ [ 6.9805991, 50.795251499999985 ], [ 7.0586911, 50.810155699999989 ] ] } },
{ "type": "Feature", "properties": { "voltage_kv": "380 kV", "operator_show": "TenneT", "name_show": "–" }, "geometry": { "type": "LineString", "coordinates": [ [ 9.7731939, 53.6951128 ], [ 9.7684758, 53.69687889999998 ] ] } },
{ "type": "Feature", "properties": { "voltage_kv": "380 kV; 220 kV", "operator_show": "RWE", "name_show": "–" }, "geometry": { "type": "LineString", "coordinates": [ [ 7.104841, 51.4780839 ], [ 7.1212472, 51.4511 ] ] } },
{ "type": "Feature", "properties": { "voltage_kv": "380 kV; 220 kV; 110 kV; 110 kV; 0 kV; 0 kV", "operator_show": "RWE", "name_show": "–" }, "geometry": { "type": "LineString", "coordinates": [ [ 7.1040602, 51.47871880000001 ], [ 7.1206261, 51.4503912 ] ] } },
{ "type": "Feature", "properties": { "voltage_kv": "380 kV", "operator_show": "RWE", "name_show": "380kV Oerkhaus Ost" }, "geometry": { "type": "LineString", "coordinates": [ [ 7.124165, 51.4470109 ], [ 7.1220893, 51.4462694 ] ] } },
{ "type": "Feature", "properties": { "voltage_kv": "380 kV", "operator_show": "TenneT TSO GmbH", "name_show": "3103 Dollern-(Niedervieland/Unterweser)-Alfstedt" }, "geometry": { "type": "LineString", "coordinates": [ [ 8.6378071, 53.3912175 ], [ 8.6558824, 53.420935600000014 ], [ 8.753751, 53.4708312 ], [ 9.0643675, 53.5634244 ] ] } },
{ "type": "Feature", "properties": { "voltage_kv": "380 kV", "operator_show": "50Hertz Transmission", "name_show": "Ltg 555 und 556 Schmölln - Dresden Süd sowie Ltg 591 Röhrsdorf - Dresden Süd und Ltg 592 Freiberg Nord - Dresden Süd" }, "geometry": { "type": "LineString", "coordinates": [ [ 13.852578, 50.9870577 ], [ 13.8438935, 50.98984870000001 ] ] } },
{ "type": "Feature", "properties": { "voltage_kv": "380 kV", "operator_show": "–", "name_show": "–" }, "geometry": { "type": "LineString", "coordinates": [ [ 6.3244591, 50.8349755 ], [ 6.3236653, 50.8371142 ] ] } },
{ "type": "Feature", "properties": { "voltage_kv": "380 kV", "operator_show": "–", "name_show": "–" }, "geometry": { "type": "LineString", "coordinates": [ [ 6.3248661, 50.8349519 ], [ 6.3246147, 50.8370977 ] ] } },
{ "type": "Feature", "properties": { "voltage_kv": "380 kV", "operator_show": "–", "name_show": "–" }, "geometry": { "type": "LineString", "coordinates": [ [ 6.3218576, 50.835350600000012 ], [ 6.3218772, 50.836816899999981 ] ] } },
{ "type": "Feature", "properties": { "voltage_kv": "380 kV", "operator_show": "–", "name_show": "–" }, "geometry": { "type": "LineString", "coordinates": [ [ 6.3221998, 50.8351467 ], [ 6.3226284, 50.8371303 ] ] } },
{ "type": "Feature", "properties": { "voltage_kv": "380 kV; 220 kV; 110 kV", "operator_show": "Amprion;Westnetz;DB Energie GmbH", "name_show": "–" }, "geometry": { "type": "LineString", "coordinates": [ [ 6.9496333, 51.6340179 ], [ 6.9175138, 51.663082 ], [ 6.856059, 51.679734599999989 ] ] } },
{ "type": "Feature", "properties": { "voltage_kv": "380 kV; 110 kV", "operator_show": "Netze BW GmbH;TransnetBW GmbH", "name_show": "AL1-EDS 380 kV, EDS-WDL 380 kV, AL1-EDS/AIC 2x 110 kV" }, "geometry": { "type": "LineString", "coordinates": [ [ 9.3912683, 48.7429379 ], [ 9.395663, 48.744143200000011 ] ] } },
{ "type": "Feature", "properties": { "voltage_kv": "380 kV; 110 kV", "operator_show": "TransnetBW;Netze BW", "name_show": "–" }, "geometry": { "type": "LineString", "coordinates": [ [ 8.3116431, 49.0123618 ], [ 8.3327158, 49.025483800000025 ], [ 8.3250147, 49.040751899999989 ] ] } },
{ "type": "Feature", "properties": { "voltage_kv": "380 kV; 220 kV; 110 kV", "operator_show": "RWE", "name_show": "–" }, "geometry": { "type": "LineString", "coordinates": [ [ 7.1785706, 51.4235913 ], [ 7.1840498, 51.445762199999983 ] ] } },
{ "type": "Feature", "properties": { "voltage_kv": "380 kV", "operator_show": "–", "name_show": "–" }, "geometry": { "type": "LineString", "coordinates": [ [ 9.1489292, 49.142455 ], [ 9.1495374, 49.1418311 ] ] } },
{ "type": "Feature", "properties": { "voltage_kv": "380 kV", "operator_show": "TransnetBW GmbH", "name_show": "AL1-BZW 380 kV, EDS-WDL 380 kV" }, "geometry": { "type": "LineString", "coordinates": [ [ 9.3843218, 48.6929878 ], [ 9.3719177, 48.7152428 ] ] } },
{ "type": "Feature", "properties": { "voltage_kv": "380 kV", "operator_show": "TransnetBW GmbH", "name_show": "EDS-WDL 380 kV, AL1-BZW 380 kV" }, "geometry": { "type": "LineString", "coordinates": [ [ 9.3905402, 48.6830159 ], [ 9.4067405, 48.6701079 ] ] } },
{ "type": "Feature", "properties": { "voltage_kv": "380 kV", "operator_show": "–", "name_show": "–" }, "geometry": { "type": "LineString", "coordinates": [ [ 8.6604467, 51.9959152 ], [ 8.6220865, 51.9580456 ], [ 8.6191669, 51.9106214 ] ] } },
{ "type": "Feature", "properties": { "voltage_kv": "380 kV; 110 kV", "operator_show": "TransnetBW GmbH", "name_show": "AL1-BZW 380 kV, BZW-WDL/MEZ 380 kV, BZW-REI 110 kV, BZW-KIN 110 kV" }, "geometry": { "type": "LineString", "coordinates": [ [ 9.483997, 48.690808 ], [ 9.561845, 48.7028961 ] ] } },
{ "type": "Feature", "properties": { "voltage_kv": "380 kV", "operator_show": "TransnetBW", "name_show": "Laichingen - Wendlingen" }, "geometry": { "type": "LineString", "coordinates": [ [ 9.7039601, 48.465995200000016 ], [ 9.7051551, 48.465055 ] ] } },
{ "type": "Feature", "properties": { "voltage_kv": "380 kV", "operator_show": "TransnetBW", "name_show": "DELLM-LAICH" }, "geometry": { "type": "LineString", "coordinates": [ [ 9.7050394, 48.4649046 ], [ 9.7072564, 48.464823499999987 ] ] } },
{ "type": "Feature", "properties": { "voltage_kv": "380 kV", "operator_show": "50Hertz Transmission", "name_show": "Ltg 493 Wolmirstedt - Teufelsbruch" }, "geometry": { "type": "LineString", "coordinates": [ [ 12.9041319, 52.5964637 ], [ 12.9076739, 52.5969292 ] ] } },
{ "type": "Feature", "properties": { "voltage_kv": "380 kV", "operator_show": "TransnetBW GmbH", "name_show": "–" }, "geometry": { "type": "LineString", "coordinates": [ [ 9.0844334, 48.953202 ], [ 9.0858024, 48.9752127 ], [ 9.1264169, 49.0050749 ], [ 9.1176687, 49.1130382 ], [ 9.1488546, 49.1417909 ] ] } },
{ "type": "Feature", "properties": { "voltage_kv": "380 kV; 110 kV", "operator_show": "RWE", "name_show": "380 kV Weisweiler Nord|Süd; 110 kV Mariaweiler Ost|West" }, "geometry": { "type": "LineString", "coordinates": [ [ 6.4592162, 50.8651291 ], [ 6.4747999, 50.8547928 ], [ 6.4589712, 50.8384407 ] ] } },
{ "type": "Feature", "properties": { "voltage_kv": "380 kV", "operator_show": "Amprion", "name_show": "–" }, "geometry": { "type": "LineString", "coordinates": [ [ 6.4579192, 50.869863099999982 ], [ 6.5323206, 50.8007046 ], [ 6.5238117, 50.769241099999981 ], [ 6.5622823, 50.706451199999982 ], [ 6.5408486, 50.674549899999974 ], [ 6.5736393, 50.6430891 ], [ 6.6012828, 50.5502035 ], [ 6.6093415, 50.43959 ], [ 6.5330366, 50.3922428 ] ] } },
{ "type": "Feature", "properties": { "voltage_kv": "380 kV", "operator_show": "RWE", "name_show": "380 kV Sechtem Nord|Süd" }, "geometry": { "type": "LineString", "coordinates": [ [ 6.4585864, 50.869957 ], [ 6.4623951, 50.8626989 ] ] } },
{ "type": "Feature", "properties": { "voltage_kv": "380 kV", "operator_show": "RWE", "name_show": "380 kV Kirchberg Süd; Selfkant weiss" }, "geometry": { "type": "LineString", "coordinates": [ [ 6.4507093, 50.8733219 ], [ 6.4543619, 50.8731339 ] ] } },
{ "type": "Feature", "properties": { "voltage_kv": "380 kV", "operator_show": "RWE", "name_show": "380 kV Hambach 1a|2b|3c" }, "geometry": { "type": "LineString", "coordinates": [ [ 6.4598973, 50.8702421 ], [ 6.4817327, 50.8632073 ], [ 6.4855922, 50.880609 ] ] } },
{ "type": "Feature", "properties": { "voltage_kv": "380 kV; 220 kV", "operator_show": "–", "name_show": "Anlage 350;RWE, GROGH-NWHEI, RWE Hoheneck West, GK2NE-GROGH" }, "geometry": { "type": "LineString", "coordinates": [ [ 9.1420738, 49.135879500000016 ], [ 9.2019521, 49.045679499999984 ] ] } },
{ "type": "Feature", "properties": { "voltage_kv": "380 kV", "operator_show": "50Hertz Transmission", "name_show": "–" }, "geometry": { "type": "LineString", "coordinates": [ [ 11.6385979, 52.2674005 ], [ 11.6400111, 52.267602299999986 ] ] } },
{ "type": "Feature", "properties": { "voltage_kv": "380 kV; 110 kV", "operator_show": "Amprion;Westnetz", "name_show": "–" }, "geometry": { "type": "LineString", "coordinates": [ [ 8.125082, 51.8530766 ], [ 8.2100387, 51.887904599999985 ] ] } },
{ "type": "Feature", "properties": { "voltage_kv": "380 kV; 220 kV", "operator_show": "TransnetBW", "name_show": "Koppelleitung Laufenburg (CH) - Sierentz (F)" }, "geometry": { "type": "LineString", "coordinates": [ [ 7.9953862, 47.5783675 ], [ 7.9472115, 47.594320499999981 ] ] } },
{ "type": "Feature", "properties": { "voltage_kv": "380 kV", "operator_show": "50Hertz Transmission", "name_show": "Ltg ___ und 536 Klostermansfeld - Wolmirstedt" }, "geometry": { "type": "LineString", "coordinates": [ [ 11.5155365, 51.5821826 ], [ 11.47395, 51.607556 ], [ 11.428353, 51.692444 ], [ 11.3819499, 51.728131 ], [ 11.1734679, 51.805728 ], [ 11.071994, 51.827755 ], [ 11.118686, 51.869032 ], [ 11.125918, 51.906366 ], [ 11.082294, 51.962382 ], [ 11.118783, 52.001613 ], [ 11.249535, 52.012075 ], [ 11.281175, 52.062636 ], [ 11.381704, 52.13493 ], [ 11.548022, 52.203997 ], [ 11.562173, 52.244534 ], [ 11.6376034, 52.269618200000011 ] ] } },
{ "type": "Feature", "properties": { "voltage_kv": "380 kV; 220 kV; 110 kV", "operator_show": "RWE", "name_show": "Vöhringen Ost;Füssen West;K11" }, "geometry": { "type": "LineString", "coordinates": [ [ 10.1469945, 47.991196100000018 ], [ 10.2117961, 48.1437819 ], [ 10.1619157, 48.1894647 ], [ 10.1568715, 48.2491437 ], [ 10.0859508, 48.2652181 ] ] } },
{ "type": "Feature", "properties": { "voltage_kv": "380 kV; 220 kV", "operator_show": "RWE", "name_show": "380 kV Leichlingen Ost|West; 220 kV Bigge Ost|West" }, "geometry": { "type": "LineString", "coordinates": [ [ 7.0783323, 51.124908799999986 ], [ 7.1020982, 51.1482882 ] ] } },
{ "type": "Feature", "properties": { "voltage_kv": "380 kV; 110 kV", "operator_show": "Netze BW GmbH;TransnetBW GmbH", "name_show": "AL1-EDS 380 kV, EDS-WDL 380 kV, AL1-EDS/AIC 2x 110 kV" }, "geometry": { "type": "LineString", "coordinates": [ [ 9.3755375, 48.7206885 ], [ 9.3915017, 48.720868 ], [ 9.3912683, 48.7429379 ] ] } },
{ "type": "Feature", "properties": { "voltage_kv": "380 kV; 220 kV; 110 kV", "operator_show": "RWE", "name_show": "380 kV Oerkhaus Ost; St. Peter Nord; 220 kV Itterbach Ost|West" }, "geometry": { "type": "LineString", "coordinates": [ [ 6.9713997, 51.1715366 ], [ 6.961253, 51.16728 ] ] } },
{ "type": "Feature", "properties": { "voltage_kv": "380 kV; 220 kV; 220 kV", "operator_show": "RWE", "name_show": "–" }, "geometry": { "type": "LineString", "coordinates": [ [ 6.6268669, 51.2566204 ], [ 6.6267239, 51.2542738 ] ] } },
{ "type": "Feature", "properties": { "voltage_kv": "380 kV", "operator_show": "TenneT TSO GmbH", "name_show": "Leitung 3011" }, "geometry": { "type": "LineString", "coordinates": [ [ 9.127423, 52.538786 ], [ 9.1368, 52.540678 ] ] } },
{ "type": "Feature", "properties": { "voltage_kv": "380 kV; 220 kV", "operator_show": "TransnetBW", "name_show": "–" }, "geometry": { "type": "LineString", "coordinates": [ [ 8.1721544, 47.6509634 ], [ 8.0396091, 47.5609839 ] ] } },
{ "type": "Feature", "properties": { "voltage_kv": "380 kV", "operator_show": "–", "name_show": "–" }, "geometry": { "type": "LineString", "coordinates": [ [ 9.3843218, 48.6929878 ], [ 9.3905402, 48.6830159 ] ] } },
{ "type": "Feature", "properties": { "voltage_kv": "380 kV; 220 kV", "operator_show": "TenneT", "name_show": "Leitung 2016 - Leitung 3011" }, "geometry": { "type": "LineString", "coordinates": [ [ 9.1368, 52.540678 ], [ 9.179335, 52.519408 ], [ 9.170773, 52.433417 ], [ 9.3207104, 52.3511864 ] ] } },
{ "type": "Feature", "properties": { "voltage_kv": "380 kV", "operator_show": "Amprion", "name_show": "Landesbergen - Wehrendorf" }, "geometry": { "type": "LineString", "coordinates": [ [ 9.0012677, 52.539514699999984 ], [ 8.8962513, 52.5640874 ] ] } },
{ "type": "Feature", "properties": { "voltage_kv": "380 kV", "operator_show": "Energieversorgung Schwaben AG", "name_show": "Grafenrheinfeld - Kupferzell" }, "geometry": { "type": "LineString", "coordinates": [ [ 9.9846531, 49.6042379 ], [ 9.9443576, 49.5788049 ] ] } },
{ "type": "Feature", "properties": { "voltage_kv": "380 kV", "operator_show": "TenneT TSO", "name_show": "Oberbachern - Ottenhofen" }, "geometry": { "type": "LineString", "coordinates": [ [ 11.3747929, 48.2935221 ], [ 11.3709199, 48.2933266 ] ] } },
{ "type": "Feature", "properties": { "voltage_kv": "380 kV; 110 kV", "operator_show": "TransnetBW GmbH", "name_show": "BZW-WDL/MEZ 380 kV, TRS-WDL 110 kV, MEZ-WEN 110 kV" }, "geometry": { "type": "LineString", "coordinates": [ [ 9.3483974, 48.6077061 ], [ 9.3516998, 48.6104149 ] ] } },
{ "type": "Feature", "properties": { "voltage_kv": "380 kV; 220 kV; 110 kV", "operator_show": "RWE", "name_show": "380 kV Knechtsteden West;220 kV Frixheim Nord;Neurath 1a;Osterath West;110 kV Kaarst Ost|West" }, "geometry": { "type": "LineString", "coordinates": [ [ 6.6827921, 51.1581419 ], [ 6.7079659, 51.093679 ] ] } },
{ "type": "Feature", "properties": { "voltage_kv": "380 kV", "operator_show": "Stadtwerke München", "name_show": "Oberbachern - Menzing" }, "geometry": { "type": "LineString", "coordinates": [ [ 11.440352, 48.1727242 ], [ 11.4389712, 48.1731217 ] ] } },
{ "type": "Feature", "properties": { "voltage_kv": "380 kV; 110 kV", "operator_show": "TenneT TSO GmbH;Avacon Netz GmbH", "name_show": "Ltg Krümmel - Lüneburg und 1167" }, "geometry": { "type": "LineString", "coordinates": [ [ 10.373261, 53.220868 ], [ 10.283622, 53.288665 ] ] } },
{ "type": "Feature", "properties": { "voltage_kv": "380 kV; 220 kV", "operator_show": "TenneT TSO GmbH", "name_show": "Oberbachern - Ottenhofen;Oberbachern - Neufinsing" }, "geometry": { "type": "LineString", "coordinates": [ [ 11.5789639, 48.3007142 ], [ 11.6711606, 48.2754279 ], [ 11.7511345, 48.278749 ], [ 11.797904, 48.240892100000011 ] ] } },
{ "type": "Feature", "properties": { "voltage_kv": "380 kV; 220 kV; 110 kV", "operator_show": "TenneT TSO GmbH;E.ON Netz GmbH", "name_show": "Oberbachern - Ottenhofen;Oberbachern - Neufinsing" }, "geometry": { "type": "LineString", "coordinates": [ [ 11.5683213, 48.2989789 ], [ 11.5789639, 48.3007142 ] ] } },
{ "type": "Feature", "properties": { "voltage_kv": "380 kV; 220 kV", "operator_show": "TenneT TSO GmbH", "name_show": "Oberbachern - Ottenhofen;Oberbachern - Neufinsing" }, "geometry": { "type": "LineString", "coordinates": [ [ 11.5631313, 48.298125100000014 ], [ 11.5683213, 48.2989789 ] ] } },
{ "type": "Feature", "properties": { "voltage_kv": "380 kV", "operator_show": "TransnetBW GmbH", "name_show": "EDS-WDL 1x 380 kV" }, "geometry": { "type": "LineString", "coordinates": [ [ 9.4034293, 48.6677022 ], [ 9.4067405, 48.6701079 ] ] } },
{ "type": "Feature", "properties": { "voltage_kv": "380 kV", "operator_show": "–", "name_show": "–" }, "geometry": { "type": "LineString", "coordinates": [ [ 9.4036332, 48.6674205 ], [ 9.4043299, 48.6677204 ] ] } },
{ "type": "Feature", "properties": { "voltage_kv": "380 kV", "operator_show": "TransnetBW GmbH", "name_show": "AL1-BZW 1x 380 kV" }, "geometry": { "type": "LineString", "coordinates": [ [ 9.4067405, 48.6701079 ], [ 9.4077778, 48.669471 ] ] } },
{ "type": "Feature", "properties": { "voltage_kv": "380 kV", "operator_show": "Amprion GmbH;TransnetBW GmbH", "name_show": "RWE-Donauleitung 380 kV, 220 kV" }, "geometry": { "type": "LineString", "coordinates": [ [ 9.4033277, 48.7104265 ], [ 9.3857719, 48.6931058 ] ] } },
{ "type": "Feature", "properties": { "voltage_kv": "380 kV", "operator_show": "TransnetBW GmbH", "name_show": "Laichingen - Wendlingen" }, "geometry": { "type": "LineString", "coordinates": [ [ 9.4229466, 48.6754578 ], [ 9.4201527, 48.6744466 ] ] } },
{ "type": "Feature", "properties": { "voltage_kv": "380 kV", "operator_show": "Amprion GmbH;TransnetBW GmbH", "name_show": "Hoheneck - Vöhringen" }, "geometry": { "type": "LineString", "coordinates": [ [ 9.4205359, 48.6763724 ], [ 9.4229466, 48.6754578 ] ] } },
{ "type": "Feature", "properties": { "voltage_kv": "380 kV", "operator_show": "TransnetBW GmbH", "name_show": "Mühlhausen - Wendlingen" }, "geometry": { "type": "LineString", "coordinates": [ [ 9.4201527, 48.6744466 ], [ 9.4205359, 48.6763724 ] ] } },
{ "type": "Feature", "properties": { "voltage_kv": "380 kV; 110 kV", "operator_show": "TransnetBW GmbH", "name_show": "AL1-BZW 380 kV, BZW-WDL/MEZ 380 kV, REI-WEN 110 kV, KIN-WEN 110 kV" }, "geometry": { "type": "LineString", "coordinates": [ [ 9.4077778, 48.669471 ], [ 9.4217797, 48.6745298 ] ] } },
{ "type": "Feature", "properties": { "voltage_kv": "380 kV; 110 kV", "operator_show": "TransnetBW GmbH", "name_show": "AL1-BZW 380 kV, BZW-WDL/MEZ 380 kV, REI-WEN 110 kV, BZW-KIN 110 kV" }, "geometry": { "type": "LineString", "coordinates": [ [ 9.4217797, 48.6745298 ], [ 9.483997, 48.690808 ] ] } },
{ "type": "Feature", "properties": { "voltage_kv": "380 kV", "operator_show": "TenneT TSO", "name_show": "–" }, "geometry": { "type": "LineString", "coordinates": [ [ 9.2566376, 51.059225800000014 ], [ 9.2554872, 51.05480450000001 ] ] } },
{ "type": "Feature", "properties": { "voltage_kv": "380 kV", "operator_show": "TenneT TSO", "name_show": "Ltg 432 Kriegenbrunn - Redwitz und 431 Raitersaich - Würgau" }, "geometry": { "type": "LineString", "coordinates": [ [ 11.1213407, 49.695722499999974 ], [ 11.1066021, 49.9773295 ] ] } },
{ "type": "Feature", "properties": { "voltage_kv": "380 kV; 380 kV; 110 kV; 110 kV", "operator_show": "TenneT TSO GmbH;E.ON Netz GmbH", "name_show": "Kriegenbrunn - Redwitz;Raitersaich - Würgau;Erlangen - Forchheim;Eggolsheim - Erlangen" }, "geometry": { "type": "LineString", "coordinates": [ [ 10.9487484, 49.5812513 ], [ 10.9397015, 49.5937899 ], [ 11.0249221, 49.693159699999988 ] ] } },
{ "type": "Feature", "properties": { "voltage_kv": "380 kV", "operator_show": "TenneT TSO", "name_show": "Isar - Ottenhofen" }, "geometry": { "type": "LineString", "coordinates": [ [ 11.8702567, 48.2075718 ], [ 12.1246924, 48.2983715 ], [ 12.155911, 48.3278806 ], [ 12.1545053, 48.3719025 ], [ 12.2326434, 48.464758499999988 ], [ 12.2427907, 48.5203252 ], [ 12.3026812, 48.573221099999984 ], [ 12.2983575, 48.6086235 ] ] } },
{ "type": "Feature", "properties": { "voltage_kv": "380 kV; 110 kV", "operator_show": "Amprion GmbH;TransnetBW GmbH", "name_show": "RWE-Donauleitung;Amstetten - Plochingen" }, "geometry": { "type": "LineString", "coordinates": [ [ 9.4033277, 48.7104265 ], [ 9.3940779, 48.7181752 ] ] } },
{ "type": "Feature", "properties": { "voltage_kv": "380 kV", "operator_show": "Amprion GmbH;TransnetBW GmbH", "name_show": "RWE-Donauleitung 380 kV, 220 kV" }, "geometry": { "type": "LineString", "coordinates": [ [ 9.3857719, 48.6931058 ], [ 9.4205359, 48.6763724 ] ] } },
{ "type": "Feature", "properties": { "voltage_kv": "380 kV", "operator_show": "Amprion", "name_show": "–" }, "geometry": { "type": "LineString", "coordinates": [ [ 10.8380153, 48.236997 ], [ 10.83853, 48.235660099999976 ] ] } },
{ "type": "Feature", "properties": { "voltage_kv": "380 kV", "operator_show": "50Hertz Transmission", "name_show": "Ltg 449 Mecklar - Vieselbach" }, "geometry": { "type": "LineString", "coordinates": [ [ 10.3876885, 51.008456599999988 ], [ 10.3907892, 51.0069799 ] ] } },
{ "type": "Feature", "properties": { "voltage_kv": "400 kV", "operator_show": "Energinet", "name_show": "–" }, "geometry": { "type": "LineString", "coordinates": [ [ 9.2693349, 55.0354115 ], [ 9.1747643, 54.9477948 ], [ 9.1954142, 54.8526639 ] ] } },
{ "type": "Feature", "properties": { "voltage_kv": "380 kV", "operator_show": "TenneT TSO", "name_show": "Ltg 441 Etzenricht (DE) - Hradec (CZ) und 442 Etzenricht (DE) - Přeštice (CZ)" }, "geometry": { "type": "LineString", "coordinates": [ [ 12.1154139, 49.631477 ], [ 12.1760786, 49.648844399999987 ] ] } },
{ "type": "Feature", "properties": { "voltage_kv": "380 kV", "operator_show": "TenneT TSO", "name_show": "Leitung 3026" }, "geometry": { "type": "LineString", "coordinates": [ [ 10.0819006, 52.3236379 ], [ 10.053864, 52.302576 ], [ 9.9181706, 52.2781516 ] ] } },
{ "type": "Feature", "properties": { "voltage_kv": "380 kV; 220 kV", "operator_show": "TenneT TSO", "name_show": "Leitung 2024,3026" }, "geometry": { "type": "LineString", "coordinates": [ [ 10.1846439, 52.3052655 ], [ 10.192738, 52.30246 ] ] } },
{ "type": "Feature", "properties": { "voltage_kv": "380 kV", "operator_show": "TenneT", "name_show": "–" }, "geometry": { "type": "LineString", "coordinates": [ [ 5.9181043, 51.1468876 ], [ 6.0399276, 51.0987664 ] ] } },
{ "type": "Feature", "properties": { "voltage_kv": "380 kV", "operator_show": "Amprion", "name_show": "Hamaland+Münsterland" }, "geometry": { "type": "LineString", "coordinates": [ [ 7.0422025, 51.6973818 ], [ 7.0550204, 51.693146799999987 ] ] } },
{ "type": "Feature", "properties": { "voltage_kv": "380 kV; 380 kV; 220 kV; 110 kV", "operator_show": "Amprion;Westnetz", "name_show": "–" }, "geometry": { "type": "LineString", "coordinates": [ [ 7.4814017, 51.956450399999973 ], [ 7.4156087, 52.0240275 ] ] } },
{ "type": "Feature", "properties": { "voltage_kv": "380 kV; 110 kV; 110 kV; 0 kV", "operator_show": "Westnetz", "name_show": "–" }, "geometry": { "type": "LineString", "coordinates": [ [ 7.7471419, 52.284171399999984 ], [ 7.7295212, 52.280556 ] ] } },
{ "type": "Feature", "properties": { "voltage_kv": "380 kV", "operator_show": "–", "name_show": "–" }, "geometry": { "type": "LineString", "coordinates": [ [ 8.6191669, 51.9106214 ], [ 8.6265647, 51.9061875 ] ] } },
{ "type": "Feature", "properties": { "voltage_kv": "380 kV; 110 kV", "operator_show": "Avacon Netz", "name_show": "–" }, "geometry": { "type": "LineString", "coordinates": [ [ 8.6642547, 51.8577994 ], [ 8.6925014, 51.8147274 ] ] } },
{ "type": "Feature", "properties": { "voltage_kv": "380 kV", "operator_show": "TenneT TSO", "name_show": "Irsching - Raitersaich" }, "geometry": { "type": "LineString", "coordinates": [ [ 11.5081272, 48.7621558 ], [ 11.508636, 48.7620094 ] ] } },
{ "type": "Feature", "properties": { "voltage_kv": "380 kV", "operator_show": "50Hertz Transmission", "name_show": "Ltg 498 Wustermark - Teufelsbruch" }, "geometry": { "type": "LineString", "coordinates": [ [ 12.9064616, 52.5948973 ], [ 12.9076739, 52.5969292 ] ] } },
{ "type": "Feature", "properties": { "voltage_kv": "380 kV; 220 kV", "operator_show": "50Hertz Transmission", "name_show": "Ltg 493 Wolmirstedt - Teufelsbruch und 494 Wolmirstedt - Wustermark" }, "geometry": { "type": "LineString", "coordinates": [ [ 11.6432896, 52.2679816 ], [ 11.883452, 52.329315 ], [ 12.102363, 52.475216 ], [ 12.1642579, 52.4698749 ], [ 12.3891319, 52.51358 ], [ 12.6459733, 52.5220562 ], [ 12.7687395, 52.5592843 ], [ 12.7866292, 52.5793998 ], [ 12.9041319, 52.5964637 ] ] } },
{ "type": "Feature", "properties": { "voltage_kv": "380 kV", "operator_show": "50Hertz Transmission", "name_show": "Ltg 518 und 520" }, "geometry": { "type": "LineString", "coordinates": [ [ 13.5164063, 52.61867909999998 ], [ 13.4973526, 52.5909091 ] ] } },
{ "type": "Feature", "properties": { "voltage_kv": "380 kV", "operator_show": "TenneT TSO", "name_show": "304" }, "geometry": { "type": "LineString", "coordinates": [ [ 7.3134826, 53.127494 ], [ 7.420221, 53.168879599999983 ], [ 7.502511, 53.2224076 ], [ 7.594125, 53.2412376 ], [ 7.6676717, 53.2323274 ], [ 7.899462, 53.315558599999989 ], [ 8.0317645, 53.3322525 ] ] } },
{ "type": "Feature", "properties": { "voltage_kv": "380 kV; 110 kV", "operator_show": "Netze BW GmbH;TransnetBW GmbH", "name_show": "BZW-WDL/MEZ 380 kV, TRS-WDL 220 kV, MEZ-WEN 110 kV, MEZ-NUR 110 kV" }, "geometry": { "type": "LineString", "coordinates": [ [ 9.2720205, 48.5831005 ], [ 9.3483974, 48.6077061 ] ] } },
{ "type": "Feature", "properties": { "voltage_kv": "380 kV; 110 kV", "operator_show": "–", "name_show": "BZW-WDL/MEZ 380 kV, TRS-WDL 220 kV" }, "geometry": { "type": "LineString", "coordinates": [ [ 9.254213, 48.5753784 ], [ 9.2720205, 48.5831005 ] ] } },
{ "type": "Feature", "properties": { "voltage_kv": "380 kV", "operator_show": "TenneT TSO", "name_show": "Ltg 3024-2 Hattorf" }, "geometry": { "type": "LineString", "coordinates": [ [ 10.9982747, 52.2006502 ], [ 10.997336, 52.202019 ] ] } },
{ "type": "Feature", "properties": { "voltage_kv": "380 kV", "operator_show": "TenneT TSO", "name_show": "Leitung 3025 Helmstedt - Wolmirstedt" }, "geometry": { "type": "LineString", "coordinates": [ [ 10.999986, 52.202131 ], [ 11.0121312, 52.1909122 ] ] } },
{ "type": "Feature", "properties": { "voltage_kv": "380 kV", "operator_show": "TenneT", "name_show": "Ltg 3845 (System 301)" }, "geometry": { "type": "LineString", "coordinates": [ [ 10.975674, 52.169086 ], [ 11.0024429, 52.1704439 ], [ 10.9979958, 52.199521799999985 ] ] } },
{ "type": "Feature", "properties": { "voltage_kv": "380 kV", "operator_show": "TenneT TSO", "name_show": "Ltg 3024 Hattorf - Helmstedt" }, "geometry": { "type": "LineString", "coordinates": [ [ 10.7617697, 52.3669791 ], [ 10.8751224, 52.332947699999984 ], [ 10.9276083, 52.25203350000001 ], [ 10.997336, 52.202019 ] ] } },
{ "type": "Feature", "properties": { "voltage_kv": "380 kV; 110 kV", "operator_show": "Amprion;Westnetz", "name_show": "380 kV Kirchberg Süd;Selfkant weiss;110 kV Berg Ost;Lindern Ost" }, "geometry": { "type": "LineString", "coordinates": [ [ 6.4507093, 50.8733219 ], [ 6.4035121, 50.896046199999986 ] ] } },
{ "type": "Feature", "properties": { "voltage_kv": "380 kV; 110 kV", "operator_show": "TenneT TSO GmbH", "name_show": "Ltg 449 Mecklar - Vieselbach und 450 Mecklar - Eisenach sowie Bahnstrom Eischleben - Bebra 1 und 2" }, "geometry": { "type": "LineString", "coordinates": [ [ 9.983463, 50.9836622 ], [ 9.9957924, 50.9772776 ] ] } },
{ "type": "Feature", "properties": { "voltage_kv": "380 kV", "operator_show": "TenneT TSO GmbH", "name_show": "Ltg 449 Mecklar - Vieselbach und 450 Mecklar - Eisenach" }, "geometry": { "type": "LineString", "coordinates": [ [ 9.8796327, 50.9900185 ], [ 9.983463, 50.9836622 ] ] } },
{ "type": "Feature", "properties": { "voltage_kv": "380 kV", "operator_show": "50Hertz Transmission", "name_show": "Ltg 449 Mecklar - Vieselbach und 450 Mecklar - Eisenach" }, "geometry": { "type": "LineString", "coordinates": [ [ 10.0891758, 50.9991224 ], [ 10.1145774, 51.0172069 ], [ 10.1587837, 51.0144157 ] ] } },
{ "type": "Feature", "properties": { "voltage_kv": "380 kV; 110 kV", "operator_show": "50Hertz Transmission", "name_show": "Ltg 449 Mecklar - Vieselbach und 450 Mecklar - Eisenach sowie Bahnstrom Eischleben - Bebra 1 und 2" }, "geometry": { "type": "LineString", "coordinates": [ [ 10.1587837, 51.0144157 ], [ 10.2025742, 51.007342099999988 ] ] } },
{ "type": "Feature", "properties": { "voltage_kv": "380 kV; 110 kV", "operator_show": "RWE", "name_show": "380 kV Weisweiler Nord|Süd; 110 kV Mariaweiler Ost|West" }, "geometry": { "type": "LineString", "coordinates": [ [ 6.4592162, 50.8651291 ], [ 6.4574237, 50.8694327 ] ] } },
{ "type": "Feature", "properties": { "voltage_kv": "380 kV", "operator_show": "50Hertz Transmission", "name_show": "Ltg 500 Jessen Nord - Marke" }, "geometry": { "type": "LineString", "coordinates": [ [ 12.122374, 51.5127726 ], [ 12.1188767, 51.5151506 ] ] } },
{ "type": "Feature", "properties": { "voltage_kv": "380 kV; 220 kV", "operator_show": "TenneT TSO", "name_show": "Westbayernring" }, "geometry": { "type": "LineString", "coordinates": [ [ 10.8383044, 49.3722488 ], [ 10.839112, 49.290373299999985 ], [ 10.9814438, 49.1662898 ], [ 11.0771871, 49.1438478 ], [ 11.1172199, 49.0113202 ], [ 11.1580058, 48.9886242 ], [ 11.2089616, 48.9164735 ], [ 11.2783888, 48.9025596 ], [ 11.4448204, 48.8026217 ], [ 11.4841137, 48.798834499999984 ], [ 11.5081272, 48.7621558 ] ] } },
{ "type": "Feature", "properties": { "voltage_kv": "380 kV", "operator_show": "50Hertz Transmission", "name_show": "Ltg 514 Güstrow - Putlitz Süd" }, "geometry": { "type": "LineString", "coordinates": [ [ 12.607927, 53.590965 ], [ 12.6115772, 53.5855513 ] ] } },
{ "type": "Feature", "properties": { "voltage_kv": "380 kV", "operator_show": "50Hertz Transmission", "name_show": "Ltg 512 Siedenbrünzow - Güstrow und 514 Güstrow - Putlitz Süd" }, "geometry": { "type": "LineString", "coordinates": [ [ 12.607927, 53.590965 ], [ 12.466403, 53.676853 ], [ 12.450525, 53.713493 ], [ 12.322068, 53.790348 ], [ 12.3079977, 53.8167192 ], [ 12.212913, 53.830492 ], [ 12.1894703, 53.8158618 ] ] } },
{ "type": "Feature", "properties": { "voltage_kv": "380 kV", "operator_show": "50Hertz Transmission", "name_show": "Ltg 512 Siedenbrünzow - Güstrow und 513 Siedenbrünzow - Putlitz Süd" }, "geometry": { "type": "LineString", "coordinates": [ [ 13.1343866, 53.9046219 ], [ 13.13187, 53.886005 ], [ 12.871503, 53.759014 ], [ 12.618699, 53.589086 ] ] } },
{ "type": "Feature", "properties": { "voltage_kv": "380 kV", "operator_show": "50Hertz Transmission", "name_show": "Ltg 513 Siedenbrünzow - Putlitz Süd" }, "geometry": { "type": "LineString", "coordinates": [ [ 12.618699, 53.589086 ], [ 12.6115772, 53.5855513 ] ] } },
{ "type": "Feature", "properties": { "voltage_kv": "380 kV", "operator_show": "50Hertz Transmission", "name_show": "Ltg 596 Putlitz Süd - Perleberg" }, "geometry": { "type": "LineString", "coordinates": [ [ 12.0140694, 53.0708754 ], [ 12.010374, 53.070451 ] ] } },
{ "type": "Feature", "properties": { "voltage_kv": "380 kV", "operator_show": "50Hertz Transmission", "name_show": "Ltg 516 Perleberg - Stendal West" }, "geometry": { "type": "LineString", "coordinates": [ [ 12.010374, 53.070451 ], [ 12.0122874, 53.0686678 ] ] } },
{ "type": "Feature", "properties": { "voltage_kv": "380 kV", "operator_show": "50Hertz Transmission", "name_show": "Ltg 515 Putlitz Süd - Stendal West" }, "geometry": { "type": "LineString", "coordinates": [ [ 12.0140694, 53.0708754 ], [ 12.0122874, 53.0686678 ] ] } },
{ "type": "Feature", "properties": { "voltage_kv": "380 kV", "operator_show": "50Hertz Transmission", "name_show": "Ltg 596 Putlitz Süd - Perleberg und 516 Perleberg - Stendal West" }, "geometry": { "type": "LineString", "coordinates": [ [ 12.010374, 53.070451 ], [ 11.8812418, 53.0833613 ] ] } },
{ "type": "Feature", "properties": { "voltage_kv": "380 kV; 110 kV", "operator_show": "Amprion;Westnetz", "name_show": "380 kV Siegtal Nord|Süd;110 kV Ittenbach Nord|Süd" }, "geometry": { "type": "LineString", "coordinates": [ [ 7.2402451, 50.772832 ], [ 7.303705, 50.7575381 ] ] } },
{ "type": "Feature", "properties": { "voltage_kv": "380 kV", "operator_show": "TenneT TSO", "name_show": "–" }, "geometry": { "type": "LineString", "coordinates": [ [ 8.4050255, 53.2373832 ], [ 8.4263508, 53.2926734 ], [ 8.382998, 53.385384 ], [ 8.42028, 53.4208 ], [ 8.471473, 53.429216 ] ] } },
{ "type": "Feature", "properties": { "voltage_kv": "380 kV", "operator_show": "Amprion GmbH;TransnetBW GmbH", "name_show": "Donauleitung" }, "geometry": { "type": "LineString", "coordinates": [ [ 9.7039601, 48.465995200000016 ], [ 9.6573536, 48.4823612 ], [ 9.5992693, 48.5904247 ], [ 9.5430311, 48.6365423 ], [ 9.4229466, 48.6754578 ] ] } },
{ "type": "Feature", "properties": { "voltage_kv": "380 kV", "operator_show": "TenneT TSO", "name_show": "Leitung 3023" }, "geometry": { "type": "LineString", "coordinates": [ [ 10.7026695, 52.3633674 ], [ 10.629618, 52.3766007 ], [ 10.4163373, 52.3652238 ], [ 10.3625301, 52.3445536 ], [ 10.3821081, 52.2987174 ], [ 10.3672702, 52.285529199999985 ] ] } },
{ "type": "Feature", "properties": { "voltage_kv": "380 kV; 110 kV", "operator_show": "TenneT;Avacon Netz GmbH", "name_show": "Leitung 3023 - Leitung 1818" }, "geometry": { "type": "LineString", "coordinates": [ [ 10.7568248, 52.3679346 ], [ 10.7026695, 52.3633674 ] ] } },
{ "type": "Feature", "properties": { "voltage_kv": "380 kV", "operator_show": "50Hertz Transmission", "name_show": "Ltg 543 Bentwisch" }, "geometry": { "type": "LineString", "coordinates": [ [ 12.1885616, 53.816076 ], [ 12.1892523, 53.8162073 ] ] } },
{ "type": "Feature", "properties": { "voltage_kv": "380 kV", "operator_show": "TenneT TSO GmbH", "name_show": "Leitung 3018" }, "geometry": { "type": "LineString", "coordinates": [ [ 8.5724412, 52.1070257 ], [ 8.6610451, 52.176925 ], [ 8.668644, 52.2244185 ], [ 8.7783541, 52.28448250000001 ], [ 8.8249994, 52.3428873 ], [ 8.8702101, 52.347938 ], [ 8.9370532, 52.402362 ] ] } },
{ "type": "Feature", "properties": { "voltage_kv": "380 kV", "operator_show": "TenneT TSO GmbH", "name_show": "–" }, "geometry": { "type": "LineString", "coordinates": [ [ 8.5734945, 52.105416 ], [ 8.57294, 52.105029 ] ] } },
{ "type": "Feature", "properties": { "voltage_kv": "380 kV; 110 kV", "operator_show": "EnBW", "name_show": "BZW-WDL/MEZ 400 kV, TRS-WDL 220 kV, NET-RTW 110 kV, MEZ-NET 110 kV" }, "geometry": { "type": "LineString", "coordinates": [ [ 9.2502802, 48.5679157 ], [ 9.254213, 48.5753784 ] ] } },
{ "type": "Feature", "properties": { "voltage_kv": "380 kV; 110 kV", "operator_show": "Netze BW GmbH;TransnetBW GmbH", "name_show": "BZW-WDL/MEZ 380 kV, MEZ-NET 110 kV" }, "geometry": { "type": "LineString", "coordinates": [ [ 9.2393613, 48.5436945 ], [ 9.2410306, 48.542606 ] ] } },
{ "type": "Feature", "properties": { "voltage_kv": "380 kV", "operator_show": "TransnetBW GmbH", "name_show": "BZW-WDL/MEZ 380 kV" }, "geometry": { "type": "LineString", "coordinates": [ [ 9.2717833, 48.551481900000013 ], [ 9.2747352, 48.5510075 ] ] } },
{ "type": "Feature", "properties": { "voltage_kv": "380 kV; 220 kV", "operator_show": "Austrian Power Grid AG", "name_show": "Leupolz - Westtirol" }, "geometry": { "type": "LineString", "coordinates": [ [ 10.6583142, 47.559233099999986 ], [ 10.7438238, 47.5006176 ], [ 10.762283, 47.4414046 ], [ 10.9016263, 47.3856041 ], [ 10.8891535, 47.331742799999986 ], [ 10.9098075, 47.293920699999987 ], [ 10.8725558, 47.2470484 ] ] } },
{ "type": "Feature", "properties": { "voltage_kv": "380 kV", "operator_show": "50Hertz Transmission", "name_show": "Ltg 454 Eisenach - Vieselbach" }, "geometry": { "type": "LineString", "coordinates": [ [ 10.3880384, 51.0062502 ], [ 10.3907892, 51.0069799 ] ] } },
{ "type": "Feature", "properties": { "voltage_kv": "380 kV", "operator_show": "RWE", "name_show": "Donau West" }, "geometry": { "type": "LineString", "coordinates": [ [ 9.8864256, 48.3032771 ], [ 9.8877922, 48.3023244 ] ] } },
{ "type": "Feature", "properties": { "voltage_kv": "380 kV", "operator_show": "TransnetBW GmbH", "name_show": "Dellmensingen - Niederstotzingen (-Rotensohl)" }, "geometry": { "type": "LineString", "coordinates": [ [ 9.8863906, 48.3020557 ], [ 9.943823, 48.297914099999986 ], [ 10.0672743, 48.3401412 ], [ 10.1117108, 48.372912799999987 ], [ 10.146134, 48.4630563 ], [ 10.2342169, 48.5288827 ] ] } },
{ "type": "Feature", "properties": { "voltage_kv": "380 kV; 110 kV", "operator_show": "Netze BW GmbH;TransnetBW GmbH", "name_show": "BZW-WDL/MEZ 380 kV, MEZ-NET 110 kV, (MEZ-OFE 110 kV)" }, "geometry": { "type": "LineString", "coordinates": [ [ 9.2410306, 48.542606 ], [ 9.2717833, 48.551481900000013 ] ] } },
{ "type": "Feature", "properties": { "voltage_kv": "380 kV", "operator_show": "TransnetBW GmbH", "name_show": "380 kV" }, "geometry": { "type": "LineString", "coordinates": [ [ 9.2410306, 48.542606 ], [ 9.2392288, 48.541351300000017 ] ] } },
{ "type": "Feature", "properties": { "voltage_kv": "380 kV; 220 kV", "operator_show": "EnBW;Amprion", "name_show": "–" }, "geometry": { "type": "LineString", "coordinates": [ [ 9.8102495, 47.6554385 ], [ 9.8061542, 47.6549016 ] ] } },
{ "type": "Feature", "properties": { "voltage_kv": "380 kV", "operator_show": "–", "name_show": "–" }, "geometry": { "type": "LineString", "coordinates": [ [ 9.8013412, 47.652725 ], [ 9.8006578, 47.652570199999978 ] ] } },
{ "type": "Feature", "properties": { "voltage_kv": "380 kV", "operator_show": "Amprion", "name_show": "–" }, "geometry": { "type": "LineString", "coordinates": [ [ 7.8259905, 51.7500676 ], [ 7.8314301, 51.753842300000017 ] ] } },
{ "type": "Feature", "properties": { "voltage_kv": "380 kV", "operator_show": "TenneT TSO", "name_show": "–" }, "geometry": { "type": "LineString", "coordinates": [ [ 10.9354552, 49.5636824 ], [ 10.8266937, 49.4828516 ], [ 10.8228549, 49.408880799999984 ], [ 10.845723, 49.3815204 ] ] } },
{ "type": "Feature", "properties": { "voltage_kv": "380 kV", "operator_show": "RWE", "name_show": "380 kV Siegtal Süd" }, "geometry": { "type": "LineString", "coordinates": [ [ 7.1781163, 50.797488 ], [ 7.1831215, 50.796095899999983 ] ] } },
{ "type": "Feature", "properties": { "voltage_kv": "380 kV; 220 kV", "operator_show": "RWE", "name_show": "380 kV Siegtal Nord|Süd; 220 kV Gremberghoven Ost|West" }, "geometry": { "type": "LineString", "coordinates": [ [ 7.1631801, 50.797482199999983 ], [ 7.1781163, 50.797488 ] ] } },
{ "type": "Feature", "properties": { "voltage_kv": "380 kV; 220 kV", "operator_show": "RWE", "name_show": "380 kV Siegtal Nord|Süd; 220 kV Gremberghoven Ost|West" }, "geometry": { "type": "LineString", "coordinates": [ [ 7.1434883, 50.7971278 ], [ 7.1479018, 50.7968289 ] ] } },
{ "type": "Feature", "properties": { "voltage_kv": "380 kV; 220 kV", "operator_show": "RWE", "name_show": "380 kV Siegtal Nord|Süd; 220 kV Gremberghoven Ost|West" }, "geometry": { "type": "LineString", "coordinates": [ [ 7.1479018, 50.7968289 ], [ 7.1631801, 50.797482199999983 ] ] } },
{ "type": "Feature", "properties": { "voltage_kv": "380 kV; 220 kV; 110 kV", "operator_show": "RWE", "name_show": "380 kV Siegtal Nord|Süd; 220 kV Gremberghoven Ost|West; 110 kV Siegburg Nord|Süd" }, "geometry": { "type": "LineString", "coordinates": [ [ 7.1361099, 50.8060508 ], [ 7.1434883, 50.7971278 ] ] } },
{ "type": "Feature", "properties": { "voltage_kv": "380 kV; 220 kV", "operator_show": "RWE", "name_show": "380 kV Siegtal Nord|Süd; 220 kV Gremberghoven Ost|West" }, "geometry": { "type": "LineString", "coordinates": [ [ 7.1329345, 50.808111099999984 ], [ 7.1361099, 50.8060508 ] ] } },
{ "type": "Feature", "properties": { "voltage_kv": "380 kV; 220 kV; 110 kV", "operator_show": "RWE", "name_show": "380 kV Siegtal Nord|Süd;220 kV Gremberghoven Ost|West;110 kV Siegburg Nord|Süd" }, "geometry": { "type": "LineString", "coordinates": [ [ 7.1101169, 50.8178521 ], [ 7.1329345, 50.808111099999984 ] ] } },
{ "type": "Feature", "properties": { "voltage_kv": "380 kV", "operator_show": "RWE", "name_show": "380 kV Siegtal Nord|Süd" }, "geometry": { "type": "LineString", "coordinates": [ [ 7.107351, 50.81781909999998 ], [ 7.1101169, 50.8178521 ] ] } },
{ "type": "Feature", "properties": { "voltage_kv": "380 kV; 110 kV", "operator_show": "RWE", "name_show": "380 kV Siegtal Nord|Süd;110 kV Stockem Ost|West" }, "geometry": { "type": "LineString", "coordinates": [ [ 7.0729996, 50.8175962 ], [ 7.107351, 50.81781909999998 ] ] } },
{ "type": "Feature", "properties": { "voltage_kv": "380 kV", "operator_show": "50Hertz Transmission", "name_show": "Ltg 475 Lubmin - Altentreptow Nord und 476 Lubmin - Altentreptow Süd" }, "geometry": { "type": "LineString", "coordinates": [ [ 13.6857623, 54.136754 ], [ 13.634173, 54.042578 ], [ 13.5277, 53.973002 ], [ 13.453832, 53.886461 ], [ 13.393482, 53.779825 ], [ 13.3177613, 53.7376018 ] ] } },
{ "type": "Feature", "properties": { "voltage_kv": "380 kV; 220 kV", "operator_show": "EnBW;Amprion", "name_show": "Dellmensingen - Obermooweiler;Dellmensingen Ost" }, "geometry": { "type": "LineString", "coordinates": [ [ 9.8102495, 47.6554385 ], [ 9.8046477, 47.7037933 ], [ 9.8297749, 47.748982499999983 ], [ 9.819413, 47.846303200000015 ], [ 9.8854039, 48.0139226 ], [ 9.8647509, 48.0986954 ], [ 9.882987, 48.1572604 ], [ 9.8608325, 48.2284055 ], [ 9.8870686, 48.302189499999976 ] ] } },
{ "type": "Feature", "properties": { "voltage_kv": "380 kV", "operator_show": "–", "name_show": "Herbertingen - Tiengen" }, "geometry": { "type": "LineString", "coordinates": [ [ 9.4261594, 48.0646602 ], [ 9.4262001, 48.065133799999984 ] ] } },
{ "type": "Feature", "properties": { "voltage_kv": "380 kV; 110 kV", "operator_show": "RWE", "name_show": "–" }, "geometry": { "type": "LineString", "coordinates": [ [ 6.1238064, 51.008828 ], [ 6.1004118, 51.0490092 ] ] } },
{ "type": "Feature", "properties": { "voltage_kv": "380 kV", "operator_show": "TransnetBW GmbH", "name_show": "RWE Herbertingen West 380 kV" }, "geometry": { "type": "LineString", "coordinates": [ [ 9.2208649, 48.533715099999988 ], [ 9.2182231, 48.5324603 ] ] } },
{ "type": "Feature", "properties": { "voltage_kv": "380 kV", "operator_show": "TenneT", "name_show": "–" }, "geometry": { "type": "LineString", "coordinates": [ [ 7.996835, 53.4883936 ], [ 7.9993337, 53.523102 ], [ 8.0613766, 53.554677400000017 ] ] } },
{ "type": "Feature", "properties": { "voltage_kv": "380 kV", "operator_show": "TenneT TSO", "name_show": "306" }, "geometry": { "type": "LineString", "coordinates": [ [ 7.310429, 53.127890500000014 ], [ 7.2714261, 53.1508877 ], [ 7.2373679, 53.1398626 ], [ 7.190535, 53.1500141 ] ] } },
{ "type": "Feature", "properties": { "voltage_kv": "380 kV", "operator_show": "TenneT TSO", "name_show": "–" }, "geometry": { "type": "LineString", "coordinates": [ [ 7.3096739, 53.1245676 ], [ 7.2400739, 53.0797201 ], [ 7.2550178, 53.0267137 ] ] } },
{ "type": "Feature", "properties": { "voltage_kv": "380 kV", "operator_show": "TenneT TSO", "name_show": "308 AKW Brokdorf - UW Wilster" }, "geometry": { "type": "LineString", "coordinates": [ [ 9.3446243, 53.8522767 ], [ 9.3557308, 53.878343299999983 ] ] } },
{ "type": "Feature", "properties": { "voltage_kv": "380 kV", "operator_show": "50Hertz Transmission", "name_show": "Ltg 491 und 492 Helmstedt - Wolmirstedt" }, "geometry": { "type": "LineString", "coordinates": [ [ 11.0121312, 52.1909122 ], [ 11.0594386, 52.176029299999989 ], [ 11.2617695, 52.2223274 ], [ 11.4728669, 52.2486335 ], [ 11.5290221, 52.2425208 ], [ 11.637418, 52.270169 ] ] } },
{ "type": "Feature", "properties": { "voltage_kv": "380 kV", "operator_show": "TenneT TSO", "name_show": "–" }, "geometry": { "type": "LineString", "coordinates": [ [ 9.2569079, 51.0602725 ], [ 9.1832097, 51.0697426 ], [ 9.1492514, 51.1243898 ], [ 9.0957174, 51.163896699999988 ] ] } },
{ "type": "Feature", "properties": { "voltage_kv": "380 kV", "operator_show": "RWE", "name_show": "380kV Mengede Nord+Süd" }, "geometry": { "type": "LineString", "coordinates": [ [ 7.3699008, 51.586949 ], [ 7.3687795, 51.589808899999987 ] ] } },
{ "type": "Feature", "properties": { "voltage_kv": "380 kV", "operator_show": "TenneT TSO", "name_show": "Ltg 3005 Aßlar" }, "geometry": { "type": "LineString", "coordinates": [ [ 8.6544482, 50.6060224 ], [ 8.6532457, 50.6074087 ] ] } },
{ "type": "Feature", "properties": { "voltage_kv": "380 kV", "operator_show": "50Hertz Transmission", "name_show": "Ltg 535 und 538 Lauchstädt - Klostermansfeld" }, "geometry": { "type": "LineString", "coordinates": [ [ 11.8894951, 51.4073815 ], [ 11.725299, 51.4019387 ], [ 11.6589512, 51.420720699999983 ], [ 11.6110923, 51.46788380000001 ], [ 11.5727468, 51.546811799999986 ], [ 11.5166463, 51.566346799999984 ], [ 11.5165477, 51.5820757 ] ] } },
{ "type": "Feature", "properties": { "voltage_kv": "380 kV", "operator_show": "TenneT TSO", "name_show": "Ltg 441 Etzenricht (DE) - Hradec (CZ) und 442 Etzenricht (DE) - Přeštice (CZ)" }, "geometry": { "type": "LineString", "coordinates": [ [ 12.461566, 49.6020086 ], [ 12.5189449, 49.6416998 ] ] } },
{ "type": "Feature", "properties": { "voltage_kv": "380 kV", "operator_show": "50Hertz Transmission", "name_show": "Ltg 432 Schkopau" }, "geometry": { "type": "LineString", "coordinates": [ [ 11.8916532, 51.4067204 ], [ 11.8901388, 51.40790530000001 ] ] } },
{ "type": "Feature", "properties": { "voltage_kv": "380 kV", "operator_show": "Stadtwerke München", "name_show": "Oberbachern - Menzing" }, "geometry": { "type": "LineString", "coordinates": [ [ 11.4394622, 48.172107299999979 ], [ 11.4389712, 48.1731217 ] ] } },
{ "type": "Feature", "properties": { "voltage_kv": "380 kV", "operator_show": "Stadtwerke München", "name_show": "Oberbachern - Menzing" }, "geometry": { "type": "LineString", "coordinates": [ [ 11.4389712, 48.1731217 ], [ 11.4344293, 48.1762502 ] ] } },
{ "type": "Feature", "properties": { "voltage_kv": "380 kV; 220 kV", "operator_show": "50Hertz Transmission", "name_show": "Ltg 293 und 294 sowie 517 und 518" }, "geometry": { "type": "LineString", "coordinates": [ [ 13.4764209, 52.6296306 ], [ 13.5119547, 52.6202568 ] ] } },
{ "type": "Feature", "properties": { "voltage_kv": "380 kV; 220 kV; 110 kV", "operator_show": "Tennet TSO;Bayernwerk Netz", "name_show": "Oberbachern - Ottenhofen;Oberbachern - Neufinsing" }, "geometry": { "type": "LineString", "coordinates": [ [ 11.3747929, 48.2935221 ], [ 11.4624492, 48.321455 ], [ 11.532752, 48.293095299999983 ], [ 11.5631313, 48.298125100000014 ] ] } },
{ "type": "Feature", "properties": { "voltage_kv": "380 kV", "operator_show": "TenneT TSO", "name_show": "–" }, "geometry": { "type": "LineString", "coordinates": [ [ 11.3709199, 48.2933266 ], [ 11.369612, 48.2915619 ] ] } },
{ "type": "Feature", "properties": { "voltage_kv": "380 kV", "operator_show": "TenneT TSO", "name_show": "–" }, "geometry": { "type": "LineString", "coordinates": [ [ 11.3691323, 48.291591 ], [ 11.3709199, 48.2933266 ] ] } },
{ "type": "Feature", "properties": { "voltage_kv": "380 kV", "operator_show": "–", "name_show": "–" }, "geometry": { "type": "LineString", "coordinates": [ [ 11.3714515, 48.290335 ], [ 11.3708131, 48.291502 ] ] } },
{ "type": "Feature", "properties": { "voltage_kv": "380 kV", "operator_show": "TenneT TSO GmbH", "name_show": "Oberbachern - Ottenhofen" }, "geometry": { "type": "LineString", "coordinates": [ [ 11.8224261, 48.2292076 ], [ 11.8270193, 48.226773899999976 ] ] } },
{ "type": "Feature", "properties": { "voltage_kv": "380 kV", "operator_show": "TenneT TSO GmbH", "name_show": "Oberbachern - Ottenhofen" }, "geometry": { "type": "LineString", "coordinates": [ [ 11.8224261, 48.2292076 ], [ 11.8270469, 48.2272296 ] ] } },
{ "type": "Feature", "properties": { "voltage_kv": "380 kV", "operator_show": "TenneT TSO GmbH", "name_show": "Irsching - Ottenhofen" }, "geometry": { "type": "LineString", "coordinates": [ [ 11.8270469, 48.2272296 ], [ 11.823394, 48.2294602 ] ] } },
{ "type": "Feature", "properties": { "voltage_kv": "380 kV", "operator_show": "TenneT TSO GmbH", "name_show": "Emsland Ost/West" }, "geometry": { "type": "LineString", "coordinates": [ [ 7.1915374, 52.872393 ], [ 7.1668559, 52.7870715 ], [ 7.2400322, 52.7606039 ] ] } },
{ "type": "Feature", "properties": { "voltage_kv": "380 kV", "operator_show": "Amprion", "name_show": "380kV Meppen,380kV Emsland West blau" }, "geometry": { "type": "LineString", "coordinates": [ [ 7.311394, 52.476027 ], [ 7.320956, 52.477580699999983 ] ] } },
{ "type": "Feature", "properties": { "voltage_kv": "380 kV", "operator_show": "RWE", "name_show": "380-kV Niedersachsen Süd;380-kV Bramgau" }, "geometry": { "type": "LineString", "coordinates": [ [ 7.3115896, 52.4756956 ], [ 7.3131479, 52.4762527 ] ] } },
{ "type": "Feature", "properties": { "voltage_kv": "380 kV", "operator_show": "–", "name_show": "–" }, "geometry": { "type": "LineString", "coordinates": [ [ 9.1490109, 49.1406398 ], [ 9.1420738, 49.135879500000016 ] ] } },
{ "type": "Feature", "properties": { "voltage_kv": "380 kV", "operator_show": "TenneT TSO GmbH", "name_show": "307" }, "geometry": { "type": "LineString", "coordinates": [ [ 9.3557308, 53.878343299999983 ], [ 9.3618889, 53.8731702 ] ] } },
{ "type": "Feature", "properties": { "voltage_kv": "380 kV", "operator_show": "Amprion", "name_show": "–" }, "geometry": { "type": "LineString", "coordinates": [ [ 8.3048724, 52.3469187 ], [ 8.3056098, 52.3455725 ] ] } },
{ "type": "Feature", "properties": { "voltage_kv": "380 kV", "operator_show": "RWE", "name_show": "380 kV Ville Ost" }, "geometry": { "type": "LineString", "coordinates": [ [ 6.806254, 50.9700535 ], [ 6.8101063, 50.9689675 ] ] } },
{ "type": "Feature", "properties": { "voltage_kv": "380 kV; 220 kV; 110 kV", "operator_show": "Amprion", "name_show": "110 kV Witterschlick West;110 kV Meckenheim Ost;380 kV Bergheim West;220 kV Nette Ost" }, "geometry": { "type": "LineString", "coordinates": [ [ 7.009107, 50.6891128 ], [ 7.0315108, 50.7499537 ] ] } },
{ "type": "Feature", "properties": { "voltage_kv": "380 kV; 380 kV; 110 kV; 10 kV", "operator_show": "TransnetBW GmbH", "name_show": "–" }, "geometry": { "type": "LineString", "coordinates": [ [ 8.6436467, 48.8910282 ], [ 8.6642917, 48.907038 ] ] } },
{ "type": "Feature", "properties": { "voltage_kv": "380 kV", "operator_show": "transpower", "name_show": "–" }, "geometry": { "type": "LineString", "coordinates": [ [ 8.4550733, 52.6501481 ], [ 8.4672313, 52.6526228 ] ] } },
{ "type": "Feature", "properties": { "voltage_kv": "380 kV", "operator_show": "Tennet", "name_show": "–" }, "geometry": { "type": "LineString", "coordinates": [ [ 8.5753226, 52.690951 ], [ 8.5531763, 52.675349799999985 ] ] } },
{ "type": "Feature", "properties": { "voltage_kv": "380 kV; 220 kV", "operator_show": "RWE", "name_show": "–" }, "geometry": { "type": "LineString", "coordinates": [ [ 7.1020982, 51.1482882 ], [ 7.1214455, 51.1700984 ] ] } },
{ "type": "Feature", "properties": { "voltage_kv": "380 kV", "operator_show": "Stadtwerke München", "name_show": "OH-FO" }, "geometry": { "type": "LineString", "coordinates": [ [ 11.6442665, 48.1774811 ], [ 11.6424133, 48.1780081 ] ] } },
{ "type": "Feature", "properties": { "voltage_kv": "380 kV", "operator_show": "TenneT TSO GmbH", "name_show": "Irsching - Ottenhofen;Oberbachern - Ottenhofen" }, "geometry": { "type": "LineString", "coordinates": [ [ 11.8270469, 48.2272296 ], [ 11.8601899, 48.223488799999984 ], [ 11.8668843, 48.208809399999986 ] ] } },
{ "type": "Feature", "properties": { "voltage_kv": "380 kV", "operator_show": "TenneT TSO GmbH", "name_show": "–" }, "geometry": { "type": "LineString", "coordinates": [ [ 11.8675785, 48.2076385 ], [ 11.8676239, 48.206898 ] ] } },
{ "type": "Feature", "properties": { "voltage_kv": "380 kV", "operator_show": "50Hertz Transmission", "name_show": "Ltg 449 Mecklar - Vieselbach und 454 Eisenach - Vieselbach" }, "geometry": { "type": "LineString", "coordinates": [ [ 10.3907892, 51.0069799 ], [ 10.4989502, 50.9708738 ], [ 10.5859442, 50.9838135 ], [ 10.7524145, 50.9796511 ], [ 10.9525619, 50.9290193 ], [ 10.967464, 50.8943984 ], [ 11.0096505, 50.869065 ], [ 11.1187248, 50.8880911 ], [ 11.142926, 50.9256 ], [ 11.1245945, 50.9962701 ] ] } },
{ "type": "Feature", "properties": { "voltage_kv": "380 kV", "operator_show": "50Hertz Transmission", "name_show": "Ltg 449 Mecklar - Vieselbach und 450 Mecklar - Eisenach" }, "geometry": { "type": "LineString", "coordinates": [ [ 10.2086231, 51.0093533 ], [ 10.325451, 51.033552899999989 ], [ 10.3876885, 51.008456599999988 ] ] } },
{ "type": "Feature", "properties": { "voltage_kv": "380 kV", "operator_show": "50Hertz Transmission", "name_show": "Ltg 450 Mecklar - Eisenach" }, "geometry": { "type": "LineString", "coordinates": [ [ 10.3880384, 51.0062502 ], [ 10.3876885, 51.008456599999988 ] ] } },
{ "type": "Feature", "properties": { "voltage_kv": "380 kV", "operator_show": "50Hertz Transmission", "name_show": "Ltg 467 und 468 Vieselbach - Altenfeld" }, "geometry": { "type": "LineString", "coordinates": [ [ 10.9873081, 50.577227699999987 ], [ 10.9924623, 50.5755499 ] ] } },
{ "type": "Feature", "properties": { "voltage_kv": "380 kV", "operator_show": "TenneT", "name_show": "–" }, "geometry": { "type": "LineString", "coordinates": [ [ 9.5513383, 53.56178220000001 ], [ 9.527403, 53.5469049 ] ] } },
{ "type": "Feature", "properties": { "voltage_kv": "380 kV", "operator_show": "TenneT", "name_show": "380 kV 307 UW Wilster - UW Dollern" }, "geometry": { "type": "LineString", "coordinates": [ [ 9.6354017, 53.635655499999977 ], [ 9.612654, 53.608268 ] ] } },
{ "type": "Feature", "properties": { "voltage_kv": "380 kV", "operator_show": "50Hertz Transmission", "name_show": "Ltg 536 Wolmirstedt" }, "geometry": { "type": "LineString", "coordinates": [ [ 11.516371, 51.5834037 ], [ 11.5155365, 51.5821826 ] ] } },
{ "type": "Feature", "properties": { "voltage_kv": "380 kV", "operator_show": "50Hertz Transmission", "name_show": "Ltg 538 Lauchstädt" }, "geometry": { "type": "LineString", "coordinates": [ [ 11.5180092, 51.5832482 ], [ 11.5165477, 51.5820757 ] ] } },
{ "type": "Feature", "properties": { "voltage_kv": "380 kV", "operator_show": "50Hertz Transmission", "name_show": "Ltg 471 und 472 Lauchstädt - Vieselbach" }, "geometry": { "type": "LineString", "coordinates": [ [ 11.8955644, 51.406848099999984 ], [ 11.8997132, 51.3997942 ] ] } },
{ "type": "Feature", "properties": { "voltage_kv": "380 kV; 220 kV", "operator_show": "RWE", "name_show": "380 kV Sechtem Nord Süd - Walberberg West - 220 kV Knapsack 2b" }, "geometry": { "type": "LineString", "coordinates": [ [ 6.8941865, 50.8479295 ], [ 6.9185929, 50.84541930000001 ], [ 6.9691455, 50.7964554 ] ] } },
{ "type": "Feature", "properties": { "voltage_kv": "380 kV", "operator_show": "–", "name_show": "Amprion Leitung Ried West und Biblis 1a / 3c" }, "geometry": { "type": "LineString", "coordinates": [ [ 8.4259659, 49.702199 ], [ 8.4274741, 49.7048786 ] ] } },
{ "type": "Feature", "properties": { "voltage_kv": "380 kV; 220 kV", "operator_show": "Amprion", "name_show": "380 kV Neurath 2b;220 kV Neurath 1a" }, "geometry": { "type": "LineString", "coordinates": [ [ 6.6181794, 51.0534575 ], [ 6.6250725, 51.0562861 ] ] } },
{ "type": "Feature", "properties": { "voltage_kv": "380 kV; 110 kV", "operator_show": "transpower (HEW!!!)", "name_show": "–" }, "geometry": { "type": "LineString", "coordinates": [ [ 9.9045577, 53.4884271 ], [ 9.8623663, 53.492169499999989 ] ] } },
{ "type": "Feature", "properties": { "voltage_kv": "380 kV; 380 kV; 110 kV; 20 kV", "operator_show": "EnBW Transportnetze AG", "name_show": "2x 380 kV;1x 110 kV;1x 20 kV" }, "geometry": { "type": "LineString", "coordinates": [ [ 8.9355374, 48.675139799999982 ], [ 8.9221631, 48.6643721 ] ] } },
{ "type": "Feature", "properties": { "voltage_kv": "380 kV; 110 kV", "operator_show": "–", "name_show": "380 kV Röhe Nord" }, "geometry": { "type": "LineString", "coordinates": [ [ 6.2690961, 50.8301987 ], [ 6.2227011, 50.8228859 ] ] } },
{ "type": "Feature", "properties": { "voltage_kv": "380 kV", "operator_show": "Westnetz", "name_show": "–" }, "geometry": { "type": "LineString", "coordinates": [ [ 7.0741578, 50.5936577 ], [ 7.1393459, 50.5744254 ], [ 7.2093478, 50.5145606 ], [ 7.3342688, 50.443718299999986 ], [ 7.4453526, 50.4020392 ] ] } },
{ "type": "Feature", "properties": { "voltage_kv": "380 kV", "operator_show": "–", "name_show": "–" }, "geometry": { "type": "LineString", "coordinates": [ [ 6.2151426, 50.913490799999984 ], [ 6.2142336, 50.914457399999989 ] ] } },
{ "type": "Feature", "properties": { "voltage_kv": "380 kV; 220 kV", "operator_show": "RWE", "name_show": "380 kV Leichlingen Ost|West;220 kV Bigge Ost|West" }, "geometry": { "type": "LineString", "coordinates": [ [ 6.9678763, 51.071731399999983 ], [ 7.0783323, 51.124908799999986 ] ] } },
{ "type": "Feature", "properties": { "voltage_kv": "380 kV; 220 kV", "operator_show": "RWE", "name_show": "220 kV Kasselberg Süd;Niederaußem 5e" }, "geometry": { "type": "LineString", "coordinates": [ [ 6.9629164, 51.0626909 ], [ 6.9591838, 51.0669845 ] ] } },
{ "type": "Feature", "properties": { "voltage_kv": "380 kV", "operator_show": "RWE", "name_show": "380 kV Leichlingen Ost|West" }, "geometry": { "type": "LineString", "coordinates": [ [ 6.9664918, 51.070918 ], [ 6.9678763, 51.071731399999983 ] ] } },
{ "type": "Feature", "properties": { "voltage_kv": "380 kV; 110 kV", "operator_show": "Netze BW GmbH;TransnetBW GmbH", "name_show": "RWE Herbertingen West 380 kV, NETEN-RTWST 110 kV" }, "geometry": { "type": "LineString", "coordinates": [ [ 9.2392288, 48.541351300000017 ], [ 9.2208649, 48.533715099999988 ] ] } },
{ "type": "Feature", "properties": { "voltage_kv": "380 kV; 0 kV", "operator_show": "RWE", "name_show": "–" }, "geometry": { "type": "LineString", "coordinates": [ [ 7.4628056, 50.4027529 ], [ 7.5904618, 50.3871094 ] ] } },
{ "type": "Feature", "properties": { "voltage_kv": "380 kV; 0 kV", "operator_show": "Amprion", "name_show": "–" }, "geometry": { "type": "LineString", "coordinates": [ [ 7.4577474, 50.4032692 ], [ 7.4533107, 50.4022226 ] ] } },
{ "type": "Feature", "properties": { "voltage_kv": "380 kV", "operator_show": "RWE", "name_show": "–" }, "geometry": { "type": "LineString", "coordinates": [ [ 7.4513117, 50.399569 ], [ 7.4526021, 50.398699 ] ] } },
{ "type": "Feature", "properties": { "voltage_kv": "380 kV; 220 kV", "operator_show": "RWE", "name_show": "–" }, "geometry": { "type": "LineString", "coordinates": [ [ 7.4526021, 50.398699 ], [ 7.4447607, 50.3851552 ], [ 7.4904763, 50.3531138 ] ] } },
{ "type": "Feature", "properties": { "voltage_kv": "380 kV; 0 kV", "operator_show": "RWE", "name_show": "–" }, "geometry": { "type": "LineString", "coordinates": [ [ 7.4628056, 50.4027529 ], [ 7.4577474, 50.4032692 ] ] } },
{ "type": "Feature", "properties": { "voltage_kv": "380 kV; 110 kV; 0 kV", "operator_show": "RWE", "name_show": "–" }, "geometry": { "type": "LineString", "coordinates": [ [ 7.5977456, 50.386003699999989 ], [ 7.6420633, 50.3853396 ] ] } },
{ "type": "Feature", "properties": { "voltage_kv": "380 kV; 220 kV", "operator_show": "TenneT TSO", "name_show": "380 kV Irsching - Ottenhofen 220 kV Zolling - Irsching" }, "geometry": { "type": "LineString", "coordinates": [ [ 11.8073061, 48.457117800000013 ], [ 11.7561786, 48.527825 ], [ 11.7285435, 48.539150500000012 ], [ 11.7165513, 48.6169187 ], [ 11.677106, 48.6474167 ], [ 11.6704049, 48.6812923 ], [ 11.586659, 48.7613862 ] ] } },
{ "type": "Feature", "properties": { "voltage_kv": "380 kV; 110 kV", "operator_show": "Amprion", "name_show": "Meppen-Hanekenfähr" }, "geometry": { "type": "LineString", "coordinates": [ [ 7.2675821, 52.657734 ], [ 7.2408633, 52.697404299999988 ], [ 7.2782478, 52.7278501 ], [ 7.2779442, 52.7511816 ] ] } },
{ "type": "Feature", "properties": { "voltage_kv": "380 kV", "operator_show": "Amprion", "name_show": "–" }, "geometry": { "type": "LineString", "coordinates": [ [ 7.3164498, 51.4510533 ], [ 7.4170982, 51.460716 ] ] } },
{ "type": "Feature", "properties": { "voltage_kv": "380 kV; 220 kV", "operator_show": "Amprion", "name_show": "220kV Westerkappeln Nord+Süd" }, "geometry": { "type": "LineString", "coordinates": [ [ 7.932346, 52.262755 ], [ 7.8826595, 52.2638063 ] ] } },
{ "type": "Feature", "properties": { "voltage_kv": "380 kV", "operator_show": "TenneT TSO GmbH", "name_show": "Kriegenbrunn - Redwitz;Raitersaich - Würgau" }, "geometry": { "type": "LineString", "coordinates": [ [ 10.9354552, 49.5636824 ], [ 10.9487484, 49.5812513 ] ] } },
{ "type": "Feature", "properties": { "voltage_kv": "380 kV", "operator_show": "TenneT TSO GmbH", "name_show": "Kriegenbrunn - Redwitz;Raitersaich - Würgau" }, "geometry": { "type": "LineString", "coordinates": [ [ 11.0382632, 49.7017279 ], [ 11.082743, 49.7019697 ] ] } },
{ "type": "Feature", "properties": { "voltage_kv": "380 kV; 0 kV", "operator_show": "TenneT TSO", "name_show": "Ltg 457 Schwandorf - Etzenricht und Etzenricht - Mechlenreuth" }, "geometry": { "type": "LineString", "coordinates": [ [ 12.1154372, 49.6286765 ], [ 12.1116542, 49.63028880000001 ] ] } },
{ "type": "Feature", "properties": { "voltage_kv": "380 kV; 110 kV", "operator_show": "TenneT TSO", "name_show": "Ltg 437 Etzenricht - Mechlenreuth sowie Windischeschenbach - Mitterteich;Arzberg - Waldsassen - Wiesau" }, "geometry": { "type": "LineString", "coordinates": [ [ 12.2188914, 49.8865018 ], [ 12.2286042, 49.9226989 ] ] } },
{ "type": "Feature", "properties": { "voltage_kv": "380 kV; 110 kV; 0 kV", "operator_show": "–", "name_show": "–" }, "geometry": { "type": "LineString", "coordinates": [ [ 7.6613329, 50.3862376 ], [ 7.6420633, 50.3853396 ] ] } },
{ "type": "Feature", "properties": { "voltage_kv": "380 kV", "operator_show": "50Hertz Transmission", "name_show": "Ltg 591Dresden Süd - Röhrsdorf und Ltg 592 Dresden Süd - Freiberg Nord" }, "geometry": { "type": "LineString", "coordinates": [ [ 13.850296, 50.98208 ], [ 13.7540563, 50.9371836 ], [ 13.5496709, 50.9428457 ], [ 13.5130022, 50.9180219 ], [ 13.4030352, 50.935163099999983 ], [ 13.2571403, 50.9286148 ] ] } },
{ "type": "Feature", "properties": { "voltage_kv": "380 kV", "operator_show": "TenneT TSO", "name_show": "303" }, "geometry": { "type": "LineString", "coordinates": [ [ 9.5386911, 54.0595439 ], [ 9.6852532, 54.173000499999986 ], [ 9.6874832, 54.2278517 ], [ 9.7237416, 54.286864499999986 ] ] } },
{ "type": "Feature", "properties": { "voltage_kv": "380 kV; 380 kV; 220 kV; 110 kV", "operator_show": "Amprion", "name_show": "–" }, "geometry": { "type": "LineString", "coordinates": [ [ 7.3719734, 52.1976958 ], [ 7.3583194, 52.2198223 ], [ 7.3075125, 52.2399069 ], [ 7.3062444, 52.2810506 ] ] } },
{ "type": "Feature", "properties": { "voltage_kv": "380 kV; 220 kV", "operator_show": "Amprion", "name_show": "RWE 4516 Eiberg - Opladen" }, "geometry": { "type": "LineString", "coordinates": [ [ 7.134848, 51.416085599999988 ], [ 7.1103197, 51.3822581 ], [ 7.0040769, 51.3518234 ], [ 7.0014455, 51.2501218 ] ] } },
{ "type": "Feature", "properties": { "voltage_kv": "380 kV", "operator_show": "RWE", "name_show": "Kaiserslautern Süd 380 kV; Weingarten Ltg. 220 kV; 6 x 380 kV, 3 x 220 kV (auch wenn's nicht zu den Leitungenbeschriftungen passt - tag cables stimmt auch nicht)" }, "geometry": { "type": "LineString", "coordinates": [ [ 8.3378777, 49.409592099999983 ], [ 8.3380307, 49.4166035 ] ] } },
{ "type": "Feature", "properties": { "voltage_kv": "380 kV; 220 kV", "operator_show": "RWE", "name_show": "Kaiserslautern Süd; Eisbach Süd; Weingarten Ltg.; Roxheim Süd" }, "geometry": { "type": "LineString", "coordinates": [ [ 8.3380307, 49.4166035 ], [ 8.2923428, 49.5227263 ] ] } },
{ "type": "Feature", "properties": { "voltage_kv": "380 kV", "operator_show": "RWE", "name_show": "380 kV Liessem Ost; Weißenthurm Ost" }, "geometry": { "type": "LineString", "coordinates": [ [ 7.0741578, 50.5936577 ], [ 7.1340893, 50.641871299999984 ] ] } },
{ "type": "Feature", "properties": { "voltage_kv": "380 kV", "operator_show": "Amprion", "name_show": "–" }, "geometry": { "type": "LineString", "coordinates": [ [ 8.344895, 51.9175455 ], [ 8.3637287, 51.92606030000001 ] ] } },
{ "type": "Feature", "properties": { "voltage_kv": "380 kV; 110 kV", "operator_show": "RWE", "name_show": "380 Neurath 2b;110 kV Hackenbroich West" }, "geometry": { "type": "LineString", "coordinates": [ [ 6.7131958, 51.0903272 ], [ 6.7154321, 51.0920765 ] ] } },
{ "type": "Feature", "properties": { "voltage_kv": "380 kV", "operator_show": "Amprion", "name_show": "380 kV St. Peter Süd" }, "geometry": { "type": "LineString", "coordinates": [ [ 6.7092057, 51.0901993 ], [ 6.7131126, 51.0906785 ] ] } },
{ "type": "Feature", "properties": { "voltage_kv": "400 kV", "operator_show": "50Hertz Transmission;PSE Operator", "name_show": "Ltg 507 und 508 Krajnik - Vierraden" }, "geometry": { "type": "LineString", "coordinates": [ [ 14.3642605, 53.1706453 ], [ 14.3147577, 53.169733399999984 ], [ 14.2677757, 53.1205325 ] ] } },
{ "type": "Feature", "properties": { "voltage_kv": "380 kV", "operator_show": "TenneT TSO GmbH", "name_show": "–" }, "geometry": { "type": "LineString", "coordinates": [ [ 10.283622, 53.288665 ], [ 10.3321961, 53.3224505 ], [ 10.3524569, 53.384711599999989 ], [ 10.4150462, 53.410445499999987 ] ] } },
{ "type": "Feature", "properties": { "voltage_kv": "380 kV", "operator_show": "50Hertz Transmission", "name_show": "Ltg 415 und 416 Vieselbach - Remptendorf" }, "geometry": { "type": "LineString", "coordinates": [ [ 11.12532, 50.9968749 ], [ 11.17615, 50.9844334 ], [ 11.2163061, 50.9480517 ], [ 11.4149983, 50.9312525 ], [ 11.4298432, 50.9117467 ] ] } },
{ "type": "Feature", "properties": { "voltage_kv": "380 kV", "operator_show": "50Hertz Transmission", "name_show": "Ltg 499 Jessen Nord - Lauchstädt" }, "geometry": { "type": "LineString", "coordinates": [ [ 12.122374, 51.5127726 ], [ 12.1170953, 51.5115702 ] ] } },
{ "type": "Feature", "properties": { "voltage_kv": "380 kV", "operator_show": "Amprion", "name_show": "–" }, "geometry": { "type": "LineString", "coordinates": [ [ 8.2582588, 47.6325141 ], [ 8.2570874, 47.633517200000014 ] ] } },
{ "type": "Feature", "properties": { "voltage_kv": "380 kV", "operator_show": "EnBW", "name_show": "Philippsburg - Pulverdingen" }, "geometry": { "type": "LineString", "coordinates": [ [ 8.8219795, 48.939372299999981 ], [ 8.8342098, 48.9281594 ] ] } },
{ "type": "Feature", "properties": { "voltage_kv": "380 kV", "operator_show": "TransnetBW", "name_show": "–" }, "geometry": { "type": "LineString", "coordinates": [ [ 8.8219795, 48.939372299999981 ], [ 8.8342098, 48.9281594 ] ] } },
{ "type": "Feature", "properties": { "voltage_kv": "380 kV", "operator_show": "50Hertz Transmission", "name_show": "Ltg 517 Gransee - Neuenhagen und Ltg 520 Malchow - Neuenhagen" }, "geometry": { "type": "LineString", "coordinates": [ [ 13.716024, 52.53946 ], [ 13.6952443, 52.5602142 ] ] } },
{ "type": "Feature", "properties": { "voltage_kv": "380 kV", "operator_show": "50Hertz Transmission", "name_show": "Ltg 517 Gransee" }, "geometry": { "type": "LineString", "coordinates": [ [ 13.7140739, 52.5396174 ], [ 13.716024, 52.53946 ] ] } },
{ "type": "Feature", "properties": { "voltage_kv": "380 kV", "operator_show": "50Hertz Transmission", "name_show": "Ltg 444 Heinersdorf" }, "geometry": { "type": "LineString", "coordinates": [ [ 13.7134241, 52.539018 ], [ 13.7147842, 52.5382688 ] ] } },
{ "type": "Feature", "properties": { "voltage_kv": "380 kV", "operator_show": "50Hertz Transmission", "name_show": "Ltg 547 Preilack" }, "geometry": { "type": "LineString", "coordinates": [ [ 13.7130981, 52.5387173 ], [ 13.7147842, 52.5382688 ] ] } },
{ "type": "Feature", "properties": { "voltage_kv": "380 kV", "operator_show": "50Hertz Transmission", "name_show": "Ltg 495 und 496 Neuenhagen - Marzahn" }, "geometry": { "type": "LineString", "coordinates": [ [ 13.7083799, 52.5366397 ], [ 13.6646154, 52.555669899999984 ], [ 13.5499997, 52.5651935 ], [ 13.5241268, 52.536733199999986 ] ] } },
{ "type": "Feature", "properties": { "voltage_kv": "380 kV", "operator_show": "50Hertz Transmission", "name_show": "Ltg 515 Putlitz Süd - Stendal West und 516 Perleberg - Stendal West" }, "geometry": { "type": "LineString", "coordinates": [ [ 12.0122874, 53.0686678 ], [ 11.873946, 52.939887 ], [ 11.764051, 52.883001 ], [ 11.7700765, 52.7037177 ], [ 11.7149698, 52.6752931 ], [ 11.723987, 52.570332 ] ] } },
{ "type": "Feature", "properties": { "voltage_kv": "380 kV", "operator_show": "TenneT TSO", "name_show": "–" }, "geometry": { "type": "LineString", "coordinates": [ [ 9.050449, 51.167026 ], [ 9.0522731, 51.1661687 ] ] } },
{ "type": "Feature", "properties": { "voltage_kv": "380 kV", "operator_show": "TenneT TSO", "name_show": "–" }, "geometry": { "type": "LineString", "coordinates": [ [ 9.0512193, 51.1675009 ], [ 9.0522731, 51.1661687 ] ] } },
{ "type": "Feature", "properties": { "voltage_kv": "380 kV", "operator_show": "TenneT TSO", "name_show": "–" }, "geometry": { "type": "LineString", "coordinates": [ [ 9.0522731, 51.1661687 ], [ 9.0572639, 51.1653019 ] ] } },
{ "type": "Feature", "properties": { "voltage_kv": "380 kV", "operator_show": "Amprion;Westnetz", "name_show": "Leitung 3014;Leitung 3016" }, "geometry": { "type": "LineString", "coordinates": [ [ 8.9915372, 51.3432902 ], [ 8.9136781, 51.352654799999989 ], [ 8.8930728, 51.368575799999988 ], [ 8.9079328, 51.39009810000001 ] ] } },
{ "type": "Feature", "properties": { "voltage_kv": "380 kV", "operator_show": "TenneT", "name_show": "–" }, "geometry": { "type": "LineString", "coordinates": [ [ 9.5929682, 50.941866 ], [ 9.5530206, 50.9358969 ], [ 9.3634371, 51.0042302 ] ] } },
{ "type": "Feature", "properties": { "voltage_kv": "380 kV; 110 kV", "operator_show": "Tennet TSO;Avacon Netz", "name_show": "–" }, "geometry": { "type": "LineString", "coordinates": [ [ 9.3634371, 51.0042302 ], [ 9.2952439, 51.062179499999978 ], [ 9.2669519, 51.0626619 ] ] } },
{ "type": "Feature", "properties": { "voltage_kv": "380 kV", "operator_show": "TenneT TSO", "name_show": "–" }, "geometry": { "type": "LineString", "coordinates": [ [ 9.2669519, 51.0626619 ], [ 9.2608413, 51.0626299 ] ] } },
{ "type": "Feature", "properties": { "voltage_kv": "380 kV", "operator_show": "–", "name_show": "–" }, "geometry": { "type": "LineString", "coordinates": [ [ 9.1772216, 49.0394378 ], [ 9.175773, 49.038512 ] ] } },
{ "type": "Feature", "properties": { "voltage_kv": "380 kV; 0 kV", "operator_show": "–", "name_show": "–" }, "geometry": { "type": "LineString", "coordinates": [ [ 9.2031151, 49.030595299999987 ], [ 9.2077275, 49.0310833 ] ] } },
{ "type": "Feature", "properties": { "voltage_kv": "380 kV", "operator_show": "–", "name_show": "–" }, "geometry": { "type": "LineString", "coordinates": [ [ 9.2079487, 49.0319382 ], [ 9.2077275, 49.0310833 ] ] } },
{ "type": "Feature", "properties": { "voltage_kv": "380 kV; 220 kV", "operator_show": "EnBW", "name_show": "Anlage 342" }, "geometry": { "type": "LineString", "coordinates": [ [ 9.2047674, 49.0404173 ], [ 9.2036354, 49.0431873 ] ] } },
{ "type": "Feature", "properties": { "voltage_kv": "380 kV", "operator_show": "–", "name_show": "–" }, "geometry": { "type": "LineString", "coordinates": [ [ 9.2036354, 49.0431873 ], [ 9.2032448, 49.0419791 ] ] } },
{ "type": "Feature", "properties": { "voltage_kv": "380 kV; 220 kV", "operator_show": "Amprion", "name_show": "380 kV Neurath 2b|3c;220 kV Neurath 1a" }, "geometry": { "type": "LineString", "coordinates": [ [ 6.6087923, 51.0346788 ], [ 6.6181794, 51.0534575 ] ] } },
{ "type": "Feature", "properties": { "voltage_kv": "380 kV", "operator_show": "Amprion", "name_show": "380 kV Neurath 3c|5e" }, "geometry": { "type": "LineString", "coordinates": [ [ 6.662, 51.037616 ], [ 6.7050498, 51.0108583 ] ] } },
{ "type": "Feature", "properties": { "voltage_kv": "380 kV; 110 kV", "operator_show": "Amprion", "name_show": "380 kV Neurath 4d" }, "geometry": { "type": "LineString", "coordinates": [ [ 6.6619848, 51.0370276 ], [ 6.7007011, 51.01154720000001 ] ] } },
{ "type": "Feature", "properties": { "voltage_kv": "380 kV; 220 kV; 0 kV", "operator_show": "Amprion", "name_show": "380 kV Neurath 2b;220 kV Frimmersdorf 5e;Neurath 1a" }, "geometry": { "type": "LineString", "coordinates": [ [ 6.6250725, 51.0562861 ], [ 6.703685, 51.0909761 ] ] } },
{ "type": "Feature", "properties": { "voltage_kv": "380 kV", "operator_show": "50Hertz Transmission", "name_show": "Ltg 500 Jessen Nord - Marke und Ltg 504 Marke - Lauchstädt" }, "geometry": { "type": "LineString", "coordinates": [ [ 12.1188767, 51.5151506 ], [ 12.1161217, 51.580513 ], [ 12.2611724, 51.7392816 ] ] } },
{ "type": "Feature", "properties": { "voltage_kv": "380 kV", "operator_show": "RWE", "name_show": "380 kV Neurath 2b; Oerkhaus Ost" }, "geometry": { "type": "LineString", "coordinates": [ [ 6.9568884, 51.0682672 ], [ 6.962558, 51.0709058 ] ] } },
{ "type": "Feature", "properties": { "voltage_kv": "380 kV; 110 kV", "operator_show": "TransnetBW;Netze BW", "name_show": "–" }, "geometry": { "type": "LineString", "coordinates": [ [ 8.3235227, 49.0435287 ], [ 8.345539, 49.0661265 ] ] } },
{ "type": "Feature", "properties": { "voltage_kv": "380 kV; 110 kV", "operator_show": "TransnetBW;Netze BW", "name_show": "–" }, "geometry": { "type": "LineString", "coordinates": [ [ 8.345539, 49.0661265 ], [ 8.3582787, 49.064247 ] ] } },
{ "type": "Feature", "properties": { "voltage_kv": "380 kV; 110 kV", "operator_show": "DB Energie GmbH;TransnetBW GmbH", "name_show": "–" }, "geometry": { "type": "LineString", "coordinates": [ [ 9.2936083, 48.8663492 ], [ 9.2166898, 48.853417399999984 ] ] } },
{ "type": "Feature", "properties": { "voltage_kv": "380 kV", "operator_show": "DB Energie GmbH;EnBW", "name_show": "–" }, "geometry": { "type": "LineString", "coordinates": [ [ 9.175773, 49.038512 ], [ 9.1768807, 49.035194899999986 ] ] } },
{ "type": "Feature", "properties": { "voltage_kv": "380 kV", "operator_show": "TransnetBW GmbH", "name_show": "Anlage 335;PULVE-OBJTT-ENGST 380 kV, OBJTT-ENGST 380 kV, TRSNG-WDLNG 220 kV" }, "geometry": { "type": "LineString", "coordinates": [ [ 8.8724539, 48.343500400000018 ], [ 8.8748127, 48.3199858 ] ] } },
{ "type": "Feature", "properties": { "voltage_kv": "380 kV", "operator_show": "Amprion", "name_show": "–" }, "geometry": { "type": "LineString", "coordinates": [ [ 7.4869771, 51.9576864 ], [ 7.4856142, 51.9542595 ] ] } },
{ "type": "Feature", "properties": { "voltage_kv": "380 kV", "operator_show": "Amprion", "name_show": "Amprion Leitung Biblis 3c und Ried Ost/West" }, "geometry": { "type": "LineString", "coordinates": [ [ 8.5834827, 49.8150292 ], [ 8.5595474, 49.7299354 ], [ 8.4777899, 49.7001953 ], [ 8.4311413, 49.7059125 ] ] } },
{ "type": "Feature", "properties": { "voltage_kv": "380 kV", "operator_show": "RWE", "name_show": "380 kV Ried Ost|West" }, "geometry": { "type": "LineString", "coordinates": [ [ 8.5832328, 49.8183468 ], [ 8.5834827, 49.8150292 ] ] } },
{ "type": "Feature", "properties": { "voltage_kv": "380 kV; 110 kV", "operator_show": "TransnetBW GmbH", "name_show": "–" }, "geometry": { "type": "LineString", "coordinates": [ [ 8.4653412, 48.040907 ], [ 8.4812735, 48.009872199999982 ] ] } },
{ "type": "Feature", "properties": { "voltage_kv": "380 kV", "operator_show": "TransnetBW GmbH", "name_show": "–" }, "geometry": { "type": "LineString", "coordinates": [ [ 8.4653412, 48.040907 ], [ 8.4653075, 48.0433905 ] ] } },
{ "type": "Feature", "properties": { "voltage_kv": "380 kV", "operator_show": "Amprion", "name_show": "–" }, "geometry": { "type": "LineString", "coordinates": [ [ 8.3348847, 52.0702658 ], [ 8.4085804, 51.978505 ], [ 8.3662581, 51.9278708 ] ] } },
{ "type": "Feature", "properties": { "voltage_kv": "380 kV", "operator_show": "50Hertz Transmission", "name_show": "Ltg 483 und 484 Vierraden - Neuenhagen" }, "geometry": { "type": "LineString", "coordinates": [ [ 14.2088338, 53.1191494 ], [ 14.1629858, 53.0762164 ], [ 13.9727341, 53.031386399999988 ], [ 13.9385554, 52.9578874 ], [ 13.8768209, 52.932333 ] ] } },
{ "type": "Feature", "properties": { "voltage_kv": "380 kV; 220 kV; 110 kV", "operator_show": "Amprion;Westnetz", "name_show": "380 kV Knechtsteden West;St. Peter Süd;220 kV Frixheim Nord|Süd;110 kV Gohr Ost|West" }, "geometry": { "type": "LineString", "coordinates": [ [ 6.7099505, 51.088107 ], [ 6.7210035, 51.0656495 ] ] } },
{ "type": "Feature", "properties": { "voltage_kv": "380 kV", "operator_show": "RWE", "name_show": "Untermain Süd;Karlstein Süd" }, "geometry": { "type": "LineString", "coordinates": [ [ 8.975633, 50.077961 ], [ 8.9793794, 50.061474699999984 ] ] } },
{ "type": "Feature", "properties": { "voltage_kv": "380 kV", "operator_show": "TenneT TSO GmbH", "name_show": "Aschaffenburg - Großkrotzenburg;Großkrotzenburg - Grafenrheinfeld" }, "geometry": { "type": "LineString", "coordinates": [ [ 9.0533042, 50.005094499999984 ], [ 9.0944741, 50.1187721 ] ] } },
{ "type": "Feature", "properties": { "voltage_kv": "380 kV", "operator_show": "TransnetBW GmbH", "name_show": "LFBSS-TRSNG 380 kV, ENGST-KUHMO-VILLI 380 kV" }, "geometry": { "type": "LineString", "coordinates": [ [ 8.5887872, 48.0453576 ], [ 8.6254456, 48.0557059 ] ] } },
{ "type": "Feature", "properties": { "voltage_kv": "380 kV", "operator_show": "EnBW", "name_show": "LFBSS-TRSNG 1x 380 kV" }, "geometry": { "type": "LineString", "coordinates": [ [ 8.6168828, 48.0646374 ], [ 8.618327, 48.064273100000015 ] ] } },
{ "type": "Feature", "properties": { "voltage_kv": "380 kV", "operator_show": "TransnetBW GmbH", "name_show": "ENGST-TRSNG 1x 380 kV" }, "geometry": { "type": "LineString", "coordinates": [ [ 8.6175133, 48.0649221 ], [ 8.6298068, 48.057655 ] ] } },
{ "type": "Feature", "properties": { "voltage_kv": "380 kV", "operator_show": "TransnetBW GmbH", "name_show": "LFBSS-TRSNG 380 kV" }, "geometry": { "type": "LineString", "coordinates": [ [ 8.6258009, 48.0565531 ], [ 8.6254456, 48.0557059 ] ] } },
{ "type": "Feature", "properties": { "voltage_kv": "380 kV", "operator_show": "TransnetBW GmbH", "name_show": "ENGST-KUHMO-VILLI 1x 380 kV" }, "geometry": { "type": "LineString", "coordinates": [ [ 8.6254456, 48.0557059 ], [ 8.6298068, 48.057655 ] ] } },
{ "type": "Feature", "properties": { "voltage_kv": "380 kV; 220 kV", "operator_show": "TenneT TSO", "name_show": "–" }, "geometry": { "type": "LineString", "coordinates": [ [ 8.9586491, 50.0842475 ], [ 8.9547985, 50.084881399999986 ] ] } },
{ "type": "Feature", "properties": { "voltage_kv": "380 kV; 220 kV", "operator_show": "TenneT TSO", "name_show": "–" }, "geometry": { "type": "LineString", "coordinates": [ [ 8.9578699, 50.0839925 ], [ 8.9542811, 50.084604699999986 ] ] } },
{ "type": "Feature", "properties": { "voltage_kv": "380 kV; 110 kV", "operator_show": "RWE", "name_show": "Untermain Nord;Karlstein Süd;Rödermark Nord" }, "geometry": { "type": "LineString", "coordinates": [ [ 8.9793794, 50.061474699999984 ], [ 8.9770012, 50.0591367 ] ] } },
{ "type": "Feature", "properties": { "voltage_kv": "380 kV; 220 kV; 110 kV", "operator_show": "Amprion", "name_show": "110 kV Meckenheim Ost;110 kV Meckenheim West;380 kV Bergheim West;220 kV Nette Ost" }, "geometry": { "type": "LineString", "coordinates": [ [ 7.0130376, 50.621063 ], [ 7.009107, 50.6891128 ] ] } },
{ "type": "Feature", "properties": { "voltage_kv": "380 kV", "operator_show": "TransnetBW GmbH", "name_show": "LFBSS 380 kV, ENGST-KUHMO-VILLI 380 kV" }, "geometry": { "type": "LineString", "coordinates": [ [ 8.5305556, 47.9148482 ], [ 8.4215353, 47.8773891 ] ] } },
{ "type": "Feature", "properties": { "voltage_kv": "380 kV", "operator_show": "Amprion", "name_show": "380kV Geithe West+Lippborg Tr412" }, "geometry": { "type": "LineString", "coordinates": [ [ 7.9902667, 51.68297110000001 ], [ 7.9823489, 51.6771796 ] ] } },
{ "type": "Feature", "properties": { "voltage_kv": "380 kV", "operator_show": "RWE", "name_show": "–" }, "geometry": { "type": "LineString", "coordinates": [ [ 7.9823489, 51.6771796 ], [ 7.972979, 51.6718081 ] ] } },
{ "type": "Feature", "properties": { "voltage_kv": "380 kV", "operator_show": "Amprion", "name_show": "–" }, "geometry": { "type": "LineString", "coordinates": [ [ 7.972979, 51.6718081 ], [ 7.9713727, 51.669769199999983 ] ] } },
{ "type": "Feature", "properties": { "voltage_kv": "380 kV; 380 kV; 110 kV; 110 kV", "operator_show": "Amprion;Westnetz", "name_show": "–" }, "geometry": { "type": "LineString", "coordinates": [ [ 7.9709579, 51.6699941 ], [ 7.9596712, 51.6707713 ] ] } },
{ "type": "Feature", "properties": { "voltage_kv": "380 kV; 110 kV; 110 kV", "operator_show": "Amprion;Westnetz", "name_show": "–" }, "geometry": { "type": "LineString", "coordinates": [ [ 7.9713727, 51.669769199999983 ], [ 7.9685483, 51.6671607 ] ] } },
{ "type": "Feature", "properties": { "voltage_kv": "380 kV", "operator_show": "Amprion", "name_show": "–" }, "geometry": { "type": "LineString", "coordinates": [ [ 7.9709579, 51.6699941 ], [ 7.9685483, 51.6671607 ] ] } },
{ "type": "Feature", "properties": { "voltage_kv": "380 kV; 380 kV; 110 kV; 110 kV", "operator_show": "Amprion", "name_show": "–" }, "geometry": { "type": "LineString", "coordinates": [ [ 7.9685483, 51.6671607 ], [ 7.8848744, 51.601911 ], [ 7.8588589, 51.5590545 ] ] } },
{ "type": "Feature", "properties": { "voltage_kv": "380 kV", "operator_show": "Amprion", "name_show": "380kV Gersteinwerk Ost+Uentrop Nord" }, "geometry": { "type": "LineString", "coordinates": [ [ 7.8259905, 51.7500676 ], [ 7.7040498, 51.6847671 ] ] } },
{ "type": "Feature", "properties": { "voltage_kv": "380 kV; 220 kV", "operator_show": "RWE", "name_show": "–" }, "geometry": { "type": "LineString", "coordinates": [ [ 7.6098655, 51.6888464 ], [ 7.7008697, 51.6903695 ] ] } },
{ "type": "Feature", "properties": { "voltage_kv": "380 kV; 220 kV", "operator_show": "Amprion", "name_show": "–" }, "geometry": { "type": "LineString", "coordinates": [ [ 7.6098655, 51.6888464 ], [ 7.4565823, 51.660245399999972 ] ] } },
{ "type": "Feature", "properties": { "voltage_kv": "380 kV; 110 kV", "operator_show": "TenneT;Avacon Netz GmbH", "name_show": "105;303;307" }, "geometry": { "type": "LineString", "coordinates": [ [ 8.5636151, 53.0342929 ], [ 8.566478, 53.064191 ], [ 8.5985415, 53.085914100000011 ] ] } },
{ "type": "Feature", "properties": { "voltage_kv": "380 kV", "operator_show": "TenneT", "name_show": "307" }, "geometry": { "type": "LineString", "coordinates": [ [ 8.5985415, 53.085914100000011 ], [ 8.5577737, 53.1247621 ], [ 8.4552632, 53.167413100000019 ], [ 8.4193267, 53.229867 ] ] } },
{ "type": "Feature", "properties": { "voltage_kv": "380 kV; 110 kV", "operator_show": "TenneT;Avacon Netz GmbH", "name_show": "105;303" }, "geometry": { "type": "LineString", "coordinates": [ [ 8.5985415, 53.085914100000011 ], [ 8.6189522, 53.0958089 ] ] } },
{ "type": "Feature", "properties": { "voltage_kv": "380 kV", "operator_show": "Amprion", "name_show": "380kV Gersteinwerk Ost" }, "geometry": { "type": "LineString", "coordinates": [ [ 7.9933517, 51.823221599999989 ], [ 7.9934194, 51.821540899999988 ] ] } },
{ "type": "Feature", "properties": { "voltage_kv": "380 kV; 110 kV", "operator_show": "Amprion;Westnetz", "name_show": "–" }, "geometry": { "type": "LineString", "coordinates": [ [ 7.9970246, 51.823312099999988 ], [ 8.0504364, 51.8329719 ] ] } },
{ "type": "Feature", "properties": { "voltage_kv": "380 kV", "operator_show": "Amprion", "name_show": "–" }, "geometry": { "type": "LineString", "coordinates": [ [ 7.9934194, 51.821540899999988 ], [ 7.9970246, 51.823312099999988 ] ] } },
{ "type": "Feature", "properties": { "voltage_kv": "380 kV", "operator_show": "TenneT TSO GmbH", "name_show": "–" }, "geometry": { "type": "LineString", "coordinates": [ [ 9.3860934, 51.639130799999982 ], [ 9.3805095, 51.6409657 ] ] } },
{ "type": "Feature", "properties": { "voltage_kv": "380 kV", "operator_show": "TenneT TSO GmbH", "name_show": "–" }, "geometry": { "type": "LineString", "coordinates": [ [ 9.3799086, 51.6425471 ], [ 9.3865133, 51.642698399999986 ] ] } },
{ "type": "Feature", "properties": { "voltage_kv": "380 kV", "operator_show": "TransnetBW GmbH", "name_show": "ENGST-TRSNG 380 kV, ENGST-KUHMO-VILLI 380 kV" }, "geometry": { "type": "LineString", "coordinates": [ [ 8.826317, 48.2507156 ], [ 8.8192864, 48.2798012 ], [ 8.861742, 48.3044376 ] ] } },
{ "type": "Feature", "properties": { "voltage_kv": "380 kV", "operator_show": "Amprion", "name_show": "380kV Sauerland Nord+Süd" }, "geometry": { "type": "LineString", "coordinates": [ [ 8.6195436, 51.4355063 ], [ 8.355514, 51.3551655 ] ] } },
{ "type": "Feature", "properties": { "voltage_kv": "380 kV", "operator_show": "RWE", "name_show": "380kV Sauerland Nord+Süd" }, "geometry": { "type": "LineString", "coordinates": [ [ 8.6245662, 51.4334547 ], [ 8.6235019, 51.4285731 ] ] } },
{ "type": "Feature", "properties": { "voltage_kv": "380 kV", "operator_show": "RWE", "name_show": "380kV Sauerland Nord" }, "geometry": { "type": "LineString", "coordinates": [ [ 8.1908013, 51.1882617 ], [ 8.1936569, 51.1889379 ] ] } },
{ "type": "Feature", "properties": { "voltage_kv": "380 kV", "operator_show": "Amprion", "name_show": "380kV Arpe West" }, "geometry": { "type": "LineString", "coordinates": [ [ 8.2096193, 51.1785288 ], [ 8.2104782, 51.1778746 ] ] } },
{ "type": "Feature", "properties": { "voltage_kv": "380 kV; 110 kV", "operator_show": "RWE", "name_show": "–" }, "geometry": { "type": "LineString", "coordinates": [ [ 8.1927803, 51.1862724 ], [ 8.1908013, 51.1882617 ] ] } },
{ "type": "Feature", "properties": { "voltage_kv": "380 kV", "operator_show": "RWE", "name_show": "380kV Sauerland Süd" }, "geometry": { "type": "LineString", "coordinates": [ [ 8.1936569, 51.1889379 ], [ 8.1927803, 51.1862724 ] ] } },
{ "type": "Feature", "properties": { "voltage_kv": "380 kV", "operator_show": "RWE", "name_show": "380kV Sauerland Nord+Süd" }, "geometry": { "type": "LineString", "coordinates": [ [ 8.1936569, 51.1889379 ], [ 8.2842276, 51.2234754 ] ] } },
{ "type": "Feature", "properties": { "voltage_kv": "380 kV; 110 kV", "operator_show": "Amprion", "name_show": "–" }, "geometry": { "type": "LineString", "coordinates": [ [ 7.7402453, 51.5170276 ], [ 7.7353156, 51.518142 ] ] } },
{ "type": "Feature", "properties": { "voltage_kv": "380 kV", "operator_show": "Amprion", "name_show": "–" }, "geometry": { "type": "LineString", "coordinates": [ [ 7.7402453, 51.5170276 ], [ 7.7376966, 51.5156347 ] ] } },
{ "type": "Feature", "properties": { "voltage_kv": "380 kV", "operator_show": "Amprion", "name_show": "–" }, "geometry": { "type": "LineString", "coordinates": [ [ 7.7353156, 51.518142 ], [ 7.7376966, 51.5156347 ] ] } },
{ "type": "Feature", "properties": { "voltage_kv": "380 kV; 110 kV", "operator_show": "RWE", "name_show": "–" }, "geometry": { "type": "LineString", "coordinates": [ [ 7.7353156, 51.518142 ], [ 7.7227614, 51.530584199999986 ] ] } },
{ "type": "Feature", "properties": { "voltage_kv": "380 kV", "operator_show": "Amprion", "name_show": "–" }, "geometry": { "type": "LineString", "coordinates": [ [ 7.972979, 51.6718081 ], [ 7.9709579, 51.6699941 ] ] } },
{ "type": "Feature", "properties": { "voltage_kv": "380 kV", "operator_show": "Amprion", "name_show": "–" }, "geometry": { "type": "LineString", "coordinates": [ [ 7.6122893, 51.8968203 ], [ 7.6041812, 51.8971441 ] ] } },
{ "type": "Feature", "properties": { "voltage_kv": "380 kV; 220 kV", "operator_show": "Amprion", "name_show": "–" }, "geometry": { "type": "LineString", "coordinates": [ [ 7.6372691, 51.8886873 ], [ 7.6122893, 51.8968203 ] ] } },
{ "type": "Feature", "properties": { "voltage_kv": "380 kV; 220 kV", "operator_show": "Amprion", "name_show": "–" }, "geometry": { "type": "LineString", "coordinates": [ [ 7.4856142, 51.9542595 ], [ 7.4814017, 51.956450399999973 ] ] } },
{ "type": "Feature", "properties": { "voltage_kv": "380 kV; 110 kV; 110 kV", "operator_show": "Amprion;Westnetz", "name_show": "–" }, "geometry": { "type": "LineString", "coordinates": [ [ 7.4869771, 51.9576864 ], [ 7.4814017, 51.956450399999973 ] ] } },
{ "type": "Feature", "properties": { "voltage_kv": "380 kV", "operator_show": "Amprion", "name_show": "–" }, "geometry": { "type": "LineString", "coordinates": [ [ 7.039146, 52.1994036 ], [ 7.0325027, 52.2015901 ] ] } },
{ "type": "Feature", "properties": { "voltage_kv": "380 kV", "operator_show": "RWE", "name_show": "–" }, "geometry": { "type": "LineString", "coordinates": [ [ 7.0285393, 52.2023766 ], [ 7.0330081, 52.2018992 ] ] } },
{ "type": "Feature", "properties": { "voltage_kv": "380 kV", "operator_show": "RWE", "name_show": "–" }, "geometry": { "type": "LineString", "coordinates": [ [ 7.056481, 51.6935955 ], [ 7.0575749, 51.6912196 ] ] } },
{ "type": "Feature", "properties": { "voltage_kv": "380 kV", "operator_show": "Amprion", "name_show": "–" }, "geometry": { "type": "LineString", "coordinates": [ [ 7.056961, 51.6937114 ], [ 7.0575749, 51.6912196 ] ] } },
{ "type": "Feature", "properties": { "voltage_kv": "380 kV; 220 kV; 0 kV", "operator_show": "RWE", "name_show": "220kV Herne 1A+2B" }, "geometry": { "type": "LineString", "coordinates": [ [ 7.1351176, 51.552580599999978 ], [ 7.1497647, 51.552058099999989 ] ] } },
{ "type": "Feature", "properties": { "voltage_kv": "380 kV; 220 kV", "operator_show": "RWE", "name_show": "–" }, "geometry": { "type": "LineString", "coordinates": [ [ 7.1315819, 51.5499439 ], [ 7.1346174, 51.5520474 ] ] } },
{ "type": "Feature", "properties": { "voltage_kv": "380 kV; 220 kV", "operator_show": "RWE", "name_show": "Scholven B+D+E" }, "geometry": { "type": "LineString", "coordinates": [ [ 7.0003162, 51.6005738 ], [ 7.0112641, 51.6259384 ] ] } },
{ "type": "Feature", "properties": { "voltage_kv": "380 kV", "operator_show": "RWE", "name_show": "380kV Scholven B" }, "geometry": { "type": "LineString", "coordinates": [ [ 7.0071109, 51.599744199999989 ], [ 7.0003162, 51.6005738 ] ] } },
{ "type": "Feature", "properties": { "voltage_kv": "380 kV; 220 kV", "operator_show": "Amprion", "name_show": "–" }, "geometry": { "type": "LineString", "coordinates": [ [ 7.0159058, 51.6276393 ], [ 6.9496333, 51.6340179 ] ] } },
{ "type": "Feature", "properties": { "voltage_kv": "380 kV; 110 kV", "operator_show": "RWE", "name_show": "–" }, "geometry": { "type": "LineString", "coordinates": [ [ 7.1375237, 51.5219863 ], [ 7.1344475, 51.5237388 ] ] } },
{ "type": "Feature", "properties": { "voltage_kv": "380 kV; 220 kV; 110 kV", "operator_show": "RWE", "name_show": "–" }, "geometry": { "type": "LineString", "coordinates": [ [ 7.1463635, 51.5048944 ], [ 7.1418557, 51.5131477 ] ] } },
{ "type": "Feature", "properties": { "voltage_kv": "380 kV; 220 kV", "operator_show": "RWE", "name_show": "–" }, "geometry": { "type": "LineString", "coordinates": [ [ 7.1493209, 51.5045259 ], [ 7.1463635, 51.5048944 ] ] } },
{ "type": "Feature", "properties": { "voltage_kv": "380 kV; 220 kV; 110 kV", "operator_show": "Amprion;Westnetz", "name_show": "–" }, "geometry": { "type": "LineString", "coordinates": [ [ 7.1416501, 51.5134774 ], [ 7.1375237, 51.5219863 ] ] } },
{ "type": "Feature", "properties": { "voltage_kv": "380 kV", "operator_show": "50Hertz Transmission", "name_show": "Ltg 419 Krümmel - Görries und 420 Krümmel - Wessin" }, "geometry": { "type": "LineString", "coordinates": [ [ 10.5483403, 53.5505636 ], [ 10.57863, 53.5599291 ], [ 10.6998922, 53.546340300000011 ], [ 10.8251912, 53.5131298 ] ] } },
{ "type": "Feature", "properties": { "voltage_kv": "380 kV", "operator_show": "TenneT TSO GmbH", "name_show": "–" }, "geometry": { "type": "LineString", "coordinates": [ [ 10.2353196, 52.2929669 ], [ 10.2359111, 52.2930354 ] ] } },
{ "type": "Feature", "properties": { "voltage_kv": "380 kV", "operator_show": "50Hertz Transmission", "name_show": "–" }, "geometry": { "type": "LineString", "coordinates": [ [ 13.2414183, 52.5351705 ], [ 13.2404473, 52.5357518 ] ] } },
{ "type": "Feature", "properties": { "voltage_kv": "380 kV", "operator_show": "50Hertz Transmission", "name_show": "380-kV-Transversale Berlin" }, "geometry": { "type": "LineString", "coordinates": [ [ 13.2486699, 52.5307845 ], [ 13.2809956, 52.526584 ] ] } },
{ "type": "Feature", "properties": { "voltage_kv": "380 kV", "operator_show": "TransnetBW", "name_show": "–" }, "geometry": { "type": "LineString", "coordinates": [ [ 8.8219795, 48.939372299999981 ], [ 8.7365954, 48.9869096 ], [ 8.7304456, 49.0750814 ], [ 8.6886718, 49.1248136 ], [ 8.605843, 49.1616908 ] ] } },
{ "type": "Feature", "properties": { "voltage_kv": "380 kV; 220 kV", "operator_show": "Amprion GmbH;TransnetBW GmbH", "name_show": "Anlage 332" }, "geometry": { "type": "LineString", "coordinates": [ [ 9.2057419, 48.9239207 ], [ 9.1950729, 48.9215584 ] ] } },
{ "type": "Feature", "properties": { "voltage_kv": "380 kV; 220 kV", "operator_show": "TransnetBW GmbH", "name_show": "Anlage 332" }, "geometry": { "type": "LineString", "coordinates": [ [ 9.1950729, 48.9215584 ], [ 9.1847588, 48.9216783 ] ] } },
{ "type": "Feature", "properties": { "voltage_kv": "380 kV", "operator_show": "TransnetBW GmbH", "name_show": "–" }, "geometry": { "type": "LineString", "coordinates": [ [ 9.0433998, 48.9039929 ], [ 9.0442268, 48.9045513 ] ] } },
{ "type": "Feature", "properties": { "voltage_kv": "380 kV", "operator_show": "TransnetBW GmbH", "name_show": "–" }, "geometry": { "type": "LineString", "coordinates": [ [ 9.3025725, 48.883181199999989 ], [ 9.2936083, 48.8663492 ] ] } },
{ "type": "Feature", "properties": { "voltage_kv": "380 kV; 110 kV", "operator_show": "TransnetBW GmbH", "name_show": "–" }, "geometry": { "type": "LineString", "coordinates": [ [ 9.2410995, 48.922082899999985 ], [ 9.2692195, 48.917123 ] ] } },
{ "type": "Feature", "properties": { "voltage_kv": "380 kV", "operator_show": "Amprion GmbH;TransnetBW GmbH", "name_show": "Anlage 315" }, "geometry": { "type": "LineString", "coordinates": [ [ 9.2367906, 48.9227403 ], [ 9.2096976, 48.9233795 ] ] } },
{ "type": "Feature", "properties": { "voltage_kv": "380 kV; 0 kV", "operator_show": "Amprion", "name_show": "Anlage 332" }, "geometry": { "type": "LineString", "coordinates": [ [ 9.2057419, 48.9239207 ], [ 9.2075576, 48.9231934 ] ] } },
{ "type": "Feature", "properties": { "voltage_kv": "380 kV", "operator_show": "–", "name_show": "–" }, "geometry": { "type": "LineString", "coordinates": [ [ 9.2098683, 48.9227737 ], [ 9.2055102, 48.9234551 ] ] } },
{ "type": "Feature", "properties": { "voltage_kv": "380 kV", "operator_show": "TransnetBW GmbH", "name_show": "ENGST-KUHMO-VILLI 380 kV, ENGST-TRSNG 380 kV" }, "geometry": { "type": "LineString", "coordinates": [ [ 8.6298068, 48.057655 ], [ 8.7036131, 48.1039961 ], [ 8.7376453, 48.1830863 ], [ 8.826317, 48.2507156 ] ] } },
{ "type": "Feature", "properties": { "voltage_kv": "380 kV; 110 kV", "operator_show": "TenneT TSO GmbH;Avacon Netz GmbH", "name_show": "3103 Dollern-(Niedervieland/Unterweser)-Alfstedt und 1163 Farge-Surheide-Uthlede" }, "geometry": { "type": "LineString", "coordinates": [ [ 8.5217641, 53.2071983 ], [ 8.5389401, 53.228106699999984 ] ] } },
{ "type": "Feature", "properties": { "voltage_kv": "380 kV; 220 kV", "operator_show": "TenneT", "name_show": "–" }, "geometry": { "type": "LineString", "coordinates": [ [ 8.5177835, 53.2033638 ], [ 8.4961199, 53.199316 ] ] } },
{ "type": "Feature", "properties": { "voltage_kv": "380 kV", "operator_show": "TransnetBW GmbH", "name_show": "Anlage 317" }, "geometry": { "type": "LineString", "coordinates": [ [ 9.0430964, 48.905072 ], [ 9.0757491, 48.9457539 ] ] } },
{ "type": "Feature", "properties": { "voltage_kv": "380 kV", "operator_show": "–", "name_show": "–" }, "geometry": { "type": "LineString", "coordinates": [ [ 9.0757491, 48.9457539 ], [ 9.0844334, 48.953202 ] ] } },
{ "type": "Feature", "properties": { "voltage_kv": "380 kV", "operator_show": "–", "name_show": "–" }, "geometry": { "type": "LineString", "coordinates": [ [ 9.0757491, 48.9457539 ], [ 9.0844334, 48.953202 ] ] } },
{ "type": "Feature", "properties": { "voltage_kv": "380 kV", "operator_show": "TenneT TSO GmbH", "name_show": "3103 Dollern-(Niedervieland/Unterweser)-Alfstedt" }, "geometry": { "type": "LineString", "coordinates": [ [ 8.5389401, 53.228106699999984 ], [ 8.6250633, 53.331171 ], [ 8.6378071, 53.3912175 ] ] } },
{ "type": "Feature", "properties": { "voltage_kv": "380 kV", "operator_show": "Amprion GmbH", "name_show": "–" }, "geometry": { "type": "LineString", "coordinates": [ [ 9.1900225, 48.916324300000014 ], [ 9.1899175, 48.915324 ] ] } },
{ "type": "Feature", "properties": { "voltage_kv": "380 kV", "operator_show": "TransnetBW GmbH", "name_show": "Anlage 332" }, "geometry": { "type": "LineString", "coordinates": [ [ 9.0442268, 48.9045513 ], [ 9.0479259, 48.9061637 ] ] } },
{ "type": "Feature", "properties": { "voltage_kv": "380 kV", "operator_show": "TransnetBW GmbH", "name_show": "–" }, "geometry": { "type": "LineString", "coordinates": [ [ 9.0442268, 48.9045513 ], [ 9.0438591, 48.9038724 ] ] } },
{ "type": "Feature", "properties": { "voltage_kv": "400 kV; 225 kV", "operator_show": "RTE", "name_show": "Liaison 225 kV n°1 Fessenheim (centrale hydraulique) - Vogelgrün;Liaison 400 kV n°1 Eichstetten - Muhlbach" }, "geometry": { "type": "LineString", "coordinates": [ [ 7.5660044, 47.925627399999989 ], [ 7.6112127, 47.974769 ], [ 7.5840187, 48.0110898 ] ] } },
{ "type": "Feature", "properties": { "voltage_kv": "380 kV", "operator_show": "TenneT TSO GmbH", "name_show": "303" }, "geometry": { "type": "LineString", "coordinates": [ [ 8.6941972, 53.0921841 ], [ 8.6642451, 53.108741199999983 ], [ 8.6189522, 53.0958089 ] ] } },
{ "type": "Feature", "properties": { "voltage_kv": "380 kV; 110 kV", "operator_show": "RWE", "name_show": "RWE 4313 Mengede - Pöppinghausen" }, "geometry": { "type": "LineString", "coordinates": [ [ 7.2716245, 51.579619 ], [ 7.3424517, 51.5682738 ] ] } },
{ "type": "Feature", "properties": { "voltage_kv": "380 kV", "operator_show": "Amprion GmbH;TransnetBW GmbH", "name_show": "–" }, "geometry": { "type": "LineString", "coordinates": [ [ 7.7522233, 48.1040774 ], [ 7.7558144, 48.0987176 ] ] } },
{ "type": "Feature", "properties": { "voltage_kv": "380 kV", "operator_show": "TransnetBW", "name_show": "–" }, "geometry": { "type": "LineString", "coordinates": [ [ 7.7522233, 48.1040774 ], [ 7.7532972, 48.1009093 ] ] } },
{ "type": "Feature", "properties": { "voltage_kv": "380 kV; 110 kV", "operator_show": "Amprion;Westnetz", "name_show": "–" }, "geometry": { "type": "LineString", "coordinates": [ [ 6.7924513, 51.3260617 ], [ 6.811993, 51.3292502 ] ] } },
{ "type": "Feature", "properties": { "voltage_kv": "380 kV", "operator_show": "RWE", "name_show": "380kV Trebur Nord" }, "geometry": { "type": "LineString", "coordinates": [ [ 8.5182763, 50.0495275 ], [ 8.519711, 50.0492916 ] ] } },
{ "type": "Feature", "properties": { "voltage_kv": "380 kV", "operator_show": "TenneT", "name_show": "307" }, "geometry": { "type": "LineString", "coordinates": [ [ 9.5039074, 53.8454447 ], [ 9.5761334, 53.8197267 ], [ 9.6379897, 53.6426478 ] ] } },
{ "type": "Feature", "properties": { "voltage_kv": "380 kV; 220 kV", "operator_show": "TenneT TSO GmbH", "name_show": "307;202A" }, "geometry": { "type": "LineString", "coordinates": [ [ 9.3618889, 53.8731702 ], [ 9.4253434, 53.870108899999984 ] ] } },
{ "type": "Feature", "properties": { "voltage_kv": "380 kV; 220 kV", "operator_show": "EnBW", "name_show": "Anlage 350" }, "geometry": { "type": "LineString", "coordinates": [ [ 9.2019521, 49.045679499999984 ], [ 9.2036354, 49.0431873 ] ] } },
{ "type": "Feature", "properties": { "voltage_kv": "380 kV", "operator_show": "TenneT TSO GmbH", "name_show": "303" }, "geometry": { "type": "LineString", "coordinates": [ [ 9.5386911, 54.0595439 ], [ 9.4834864, 54.03101539999998 ], [ 9.482578, 53.9910527 ], [ 9.4171762, 53.9536271 ] ] } },
{ "type": "Feature", "properties": { "voltage_kv": "380 kV", "operator_show": "TenneT TSO GmbH", "name_show": "Irsching - Raitersaich" }, "geometry": { "type": "LineString", "coordinates": [ [ 10.8399805, 49.3772726 ], [ 10.8383044, 49.3722488 ] ] } },
{ "type": "Feature", "properties": { "voltage_kv": "380 kV; 110 kV", "operator_show": "Amprion", "name_show": "380 kV Siegtal Nord|Süd;110 kV Bahnstrom Orscheid - Köln 1|2" }, "geometry": { "type": "LineString", "coordinates": [ [ 7.4594932, 50.7588761 ], [ 7.3156824, 50.7553178 ] ] } },
{ "type": "Feature", "properties": { "voltage_kv": "380 kV", "operator_show": "Amprion", "name_show": "380 kV Siegtal Nord|Süd" }, "geometry": { "type": "LineString", "coordinates": [ [ 7.3156824, 50.7553178 ], [ 7.3096868, 50.7564263 ] ] } },
{ "type": "Feature", "properties": { "voltage_kv": "380 kV; 110 kV", "operator_show": "Amprion;Westnetz", "name_show": "380 kV Siegtal Nord|Süd;110 kV Ittenbach Nord|Süd" }, "geometry": { "type": "LineString", "coordinates": [ [ 7.303705, 50.7575381 ], [ 7.3096868, 50.7564263 ] ] } },
{ "type": "Feature", "properties": { "voltage_kv": "380 kV; 110 kV", "operator_show": "Amprion;Westnetz", "name_show": "–" }, "geometry": { "type": "LineString", "coordinates": [ [ 7.5532883, 50.9692794 ], [ 7.5759856, 50.9528697 ] ] } },
{ "type": "Feature", "properties": { "voltage_kv": "380 kV; 110 kV", "operator_show": "RWE", "name_show": "380 kV Weisweiler Süd" }, "geometry": { "type": "LineString", "coordinates": [ [ 6.36159, 50.83595 ], [ 6.4266302, 50.832326700000017 ] ] } },
{ "type": "Feature", "properties": { "voltage_kv": "380 kV; 110 kV; 110 kV", "operator_show": "Lechwerke", "name_show": "–" }, "geometry": { "type": "LineString", "coordinates": [ [ 10.8355603, 48.2382916 ], [ 10.7949833, 48.1998952 ], [ 10.7602764, 48.1042217 ] ] } },
{ "type": "Feature", "properties": { "voltage_kv": "380 kV; 380 kV; 110 kV", "operator_show": "–", "name_show": "Kriegenbrunn - Redwitz;Raitersaich - Würgau;Erlangen - Forchheim" }, "geometry": { "type": "LineString", "coordinates": [ [ 11.0249221, 49.693159699999988 ], [ 11.0382632, 49.7017279 ] ] } },
{ "type": "Feature", "properties": { "voltage_kv": "380 kV", "operator_show": "TenneT TSO GmbH", "name_show": "Grafenrheinfeld - Oberhaid;Eltmann - Redwitz" }, "geometry": { "type": "LineString", "coordinates": [ [ 10.8324666, 49.927571 ], [ 10.7450879, 49.9406809 ], [ 10.7192563, 49.9659439 ], [ 10.6657834, 49.9764618 ] ] } },
{ "type": "Feature", "properties": { "voltage_kv": "380 kV", "operator_show": "–", "name_show": "Eltmann - Redwitz" }, "geometry": { "type": "LineString", "coordinates": [ [ 10.8324666, 49.927571 ], [ 10.8381475, 49.9278164 ] ] } },
{ "type": "Feature", "properties": { "voltage_kv": "380 kV", "operator_show": "–", "name_show": "Oberhaid - Redwitz" }, "geometry": { "type": "LineString", "coordinates": [ [ 10.8381475, 49.9278164 ], [ 10.8362823, 49.9284803 ] ] } },
{ "type": "Feature", "properties": { "voltage_kv": "380 kV; 220 kV", "operator_show": "–", "name_show": "–" }, "geometry": { "type": "LineString", "coordinates": [ [ 10.1856515, 49.9797597 ], [ 10.1818184, 49.9818993 ] ] } },
{ "type": "Feature", "properties": { "voltage_kv": "380 kV", "operator_show": "TenneT TSO", "name_show": "3100 Dollern - Sottrum" }, "geometry": { "type": "LineString", "coordinates": [ [ 9.4980831, 53.5430822 ], [ 9.4387569, 53.5074523 ], [ 9.3921306, 53.4271229 ], [ 9.3886907, 53.338420499999977 ] ] } },
{ "type": "Feature", "properties": { "voltage_kv": "380 kV", "operator_show": "TenneT", "name_show": "3100 Dollern - Sottrum - Landsbergen" }, "geometry": { "type": "LineString", "coordinates": [ [ 9.4980831, 53.5430822 ], [ 9.5005669, 53.5431731 ] ] } },
{ "type": "Feature", "properties": { "voltage_kv": "380 kV; 110 kV", "operator_show": "Netze BW GmbH;TransnetBW GmbH", "name_show": "ALD-EDS 110 kV, EDS-KON 110 kV" }, "geometry": { "type": "LineString", "coordinates": [ [ 9.3746009, 48.8194679 ], [ 9.3397477, 48.8435457 ] ] } },
{ "type": "Feature", "properties": { "voltage_kv": "380 kV", "operator_show": "TransnetBW GmbH", "name_show": "AL1-EDS 380 kV, EDS-WDL 380 kV" }, "geometry": { "type": "LineString", "coordinates": [ [ 9.3787149, 48.809531399999976 ], [ 9.3789076, 48.8127382 ] ] } },
{ "type": "Feature", "properties": { "voltage_kv": "380 kV; 110 kV", "operator_show": "Netze BW GmbH;TransnetBW GmbH", "name_show": "EDS-WDL 380 kV, ALD-EDS 110 kV, EDS-KON 110 kV" }, "geometry": { "type": "LineString", "coordinates": [ [ 9.3789076, 48.8127382 ], [ 9.3746009, 48.8194679 ] ] } },
{ "type": "Feature", "properties": { "voltage_kv": "380 kV", "operator_show": "TransnetBW GmbH", "name_show": "AL1-EDS 380 kV" }, "geometry": { "type": "LineString", "coordinates": [ [ 9.3789076, 48.8127382 ], [ 9.3770844, 48.8125051 ] ] } },
{ "type": "Feature", "properties": { "voltage_kv": "380 kV", "operator_show": "TransnetBW GmbH", "name_show": "EDS-WDL 380 kV" }, "geometry": { "type": "LineString", "coordinates": [ [ 9.3789076, 48.8127382 ], [ 9.3771604, 48.812673200000013 ] ] } },
{ "type": "Feature", "properties": { "voltage_kv": "380 kV", "operator_show": "–", "name_show": "Bürs - Obermooweiler weiß;Bürs - Obermooweiler blau" }, "geometry": { "type": "LineString", "coordinates": [ [ 9.8138546, 47.1444672 ], [ 9.7551288, 47.195563 ], [ 9.6917457, 47.198424099999983 ], [ 9.642169, 47.2279329 ], [ 9.6539896, 47.2545299 ], [ 9.6205019, 47.2724744 ], [ 9.6168309, 47.2991975 ], [ 9.6290963, 47.3452359 ], [ 9.7034692, 47.395623 ], [ 9.7188947, 47.4326933 ], [ 9.808367, 47.4695775 ], [ 9.8710369, 47.533528 ], [ 9.861691, 47.5924623 ], [ 9.8102495, 47.6554385 ] ] } },
{ "type": "Feature", "properties": { "voltage_kv": "380 kV; 110 kV", "operator_show": "TenneT TSO", "name_show": "Ltg 437 Etzenricht - Mechlenreuth sowie Arzberg - Waldsassen - Wiesau und Arzberg - Mitterteich" }, "geometry": { "type": "LineString", "coordinates": [ [ 12.2286042, 49.9226989 ], [ 12.2153997, 49.9525054 ], [ 12.2421754, 49.9704617 ], [ 12.2089065, 50.007530399999986 ] ] } },
{ "type": "Feature", "properties": { "voltage_kv": "400 kV", "operator_show": "ČEPS", "name_show": "V441 Etzenricht (DE) - Hradec (CZ), V442 Etzenricht (DE) - Přeštice (CZ)" }, "geometry": { "type": "LineString", "coordinates": [ [ 12.7845575, 49.680124 ], [ 12.7102329, 49.6584148 ], [ 12.71259, 49.624849099999985 ], [ 12.6947511, 49.6160805 ], [ 12.6086304, 49.6368045 ], [ 12.5859358, 49.676084 ], [ 12.5600497, 49.6771178 ], [ 12.5189449, 49.6416998 ] ] } },
{ "type": "Feature", "properties": { "voltage_kv": "380 kV; 110 kV", "operator_show": "Amprion", "name_show": "–" }, "geometry": { "type": "LineString", "coordinates": [ [ 8.6336502, 51.9998937 ], [ 8.6317117, 51.996544499999985 ] ] } },
{ "type": "Feature", "properties": { "voltage_kv": "380 kV", "operator_show": "50Hertz Transmission", "name_show": "Ltg 961 (A) und 962 (B) Hamburg Nord - Hamburg Ost" }, "geometry": { "type": "LineString", "coordinates": [ [ 9.9875808, 53.741106599999981 ], [ 9.9926556, 53.7420073 ] ] } },
{ "type": "Feature", "properties": { "voltage_kv": "380 kV", "operator_show": "Amprion", "name_show": "380kV Twistetal Ost+West" }, "geometry": { "type": "LineString", "coordinates": [ [ 8.6328338, 51.4300951 ], [ 8.6259694, 51.4269278 ] ] } },
{ "type": "Feature", "properties": { "voltage_kv": "380 kV; 110 kV", "operator_show": "Amprion;Westnetz", "name_show": "–" }, "geometry": { "type": "LineString", "coordinates": [ [ 8.2050965, 51.179482700000015 ], [ 8.1927803, 51.1862724 ] ] } },
{ "type": "Feature", "properties": { "voltage_kv": "380 kV", "operator_show": "–", "name_show": "Ltg Ma S Lippendorf" }, "geometry": { "type": "LineString", "coordinates": [ [ 12.3376191, 51.1961176 ], [ 12.3387762, 51.1955196 ] ] } },
{ "type": "Feature", "properties": { "voltage_kv": "380 kV", "operator_show": "50Hertz Transmission", "name_show": "Ltg 588 Witznitz / Eula" }, "geometry": { "type": "LineString", "coordinates": [ [ 12.3380168, 51.1976563 ], [ 12.3370413, 51.1990735 ] ] } },
{ "type": "Feature", "properties": { "voltage_kv": "380 kV", "operator_show": "TenneT TSO GmbH", "name_show": "305A" }, "geometry": { "type": "LineString", "coordinates": [ [ 7.1915374, 52.872393 ], [ 7.1937078, 52.8699991 ] ] } },
{ "type": "Feature", "properties": { "voltage_kv": "380 kV", "operator_show": "Amprion", "name_show": "Meppen-Hanekenfähr" }, "geometry": { "type": "LineString", "coordinates": [ [ 7.2694884, 52.6538053 ], [ 7.2400711, 52.697356899999981 ], [ 7.2773766, 52.727981 ], [ 7.2772544, 52.7510666 ] ] } },
{ "type": "Feature", "properties": { "voltage_kv": "380 kV", "operator_show": "50Hertz Transmission", "name_show": "Ltg 521 Ragow - (Thyrow) - Wustermark und Ltg 522 Ragow - Thyrow" }, "geometry": { "type": "LineString", "coordinates": [ [ 13.4101059, 52.1102087 ], [ 13.406489, 52.1404232 ], [ 13.3500689, 52.1592562 ], [ 13.312674, 52.2248458 ] ] } },
{ "type": "Feature", "properties": { "voltage_kv": "380 kV", "operator_show": "TenneT", "name_show": "–" }, "geometry": { "type": "LineString", "coordinates": [ [ 8.004494, 53.4042714 ], [ 7.9961021, 53.46731639999998 ] ] } },
{ "type": "Feature", "properties": { "voltage_kv": "380 kV", "operator_show": "Lechwerke", "name_show": "Leupolz - Oberottmarshausen" }, "geometry": { "type": "LineString", "coordinates": [ [ 10.783373, 48.025463 ], [ 10.7870261, 47.9771716 ], [ 10.7350855, 47.9174532 ], [ 10.737825, 47.8684355 ], [ 10.7037423, 47.826416 ] ] } },
{ "type": "Feature", "properties": { "voltage_kv": "380 kV", "operator_show": "50Hertz Transmission", "name_show": "Ltg 461 und 462 Goldisthal - Altenfeld" }, "geometry": { "type": "LineString", "coordinates": [ [ 10.9884959, 50.5699241 ], [ 10.9895822, 50.5721988 ] ] } },
{ "type": "Feature", "properties": { "voltage_kv": "380 kV; 220 kV", "operator_show": "Amprion", "name_show": "–" }, "geometry": { "type": "LineString", "coordinates": [ [ 7.9666633, 47.5950182 ], [ 8.0354149, 47.561071 ] ] } },
{ "type": "Feature", "properties": { "voltage_kv": "380 kV", "operator_show": "TransnetBW", "name_show": "–" }, "geometry": { "type": "LineString", "coordinates": [ [ 8.0396091, 47.5609839 ], [ 8.0350968, 47.5606405 ] ] } },
{ "type": "Feature", "properties": { "voltage_kv": "380 kV", "operator_show": "TenneT TSO", "name_show": "Rhede" }, "geometry": { "type": "LineString", "coordinates": [ [ 7.2541478, 53.026581799999981 ], [ 7.2550178, 53.0267137 ] ] } },
{ "type": "Feature", "properties": { "voltage_kv": "380 kV", "operator_show": "TenneT TSO GmbH", "name_show": "Pleinting - Plattling - Schwandorf" }, "geometry": { "type": "LineString", "coordinates": [ [ 12.0810506, 49.295366500000014 ], [ 12.079483, 49.2945101 ] ] } },
{ "type": "Feature", "properties": { "voltage_kv": "380 kV; 110 kV", "operator_show": "Amprion", "name_show": "–" }, "geometry": { "type": "LineString", "coordinates": [ [ 6.7154321, 51.0920765 ], [ 6.7991996, 51.121952 ] ] } },
{ "type": "Feature", "properties": { "voltage_kv": "380 kV", "operator_show": "50Hertz Transmission", "name_show": "Ltg 991 und 992 Krümmel - Hamburg Ost" }, "geometry": { "type": "LineString", "coordinates": [ [ 10.1592769, 53.5511302 ], [ 10.1605989, 53.5527675 ] ] } },
{ "type": "Feature", "properties": { "voltage_kv": "380 kV", "operator_show": "RWE", "name_show": "380 kV Opladen Nord|Süd" }, "geometry": { "type": "LineString", "coordinates": [ [ 6.9613032, 51.0687055 ], [ 6.9632142, 51.0704216 ] ] } },
{ "type": "Feature", "properties": { "voltage_kv": "380 kV", "operator_show": "RWE", "name_show": "380 kV Opladen Nord|Süd" }, "geometry": { "type": "LineString", "coordinates": [ [ 6.9585199, 51.0670801 ], [ 6.9613032, 51.0687055 ] ] } },
{ "type": "Feature", "properties": { "voltage_kv": "380 kV", "operator_show": "Amprion", "name_show": "–" }, "geometry": { "type": "LineString", "coordinates": [ [ 7.4170982, 51.460716 ], [ 7.4202966, 51.4602659 ] ] } },
{ "type": "Feature", "properties": { "voltage_kv": "380 kV; 110 kV", "operator_show": "Amprion;Westnetz", "name_show": "–" }, "geometry": { "type": "LineString", "coordinates": [ [ 7.4286135, 51.4573525 ], [ 7.4785569, 51.4691703 ] ] } },
{ "type": "Feature", "properties": { "voltage_kv": "380 kV", "operator_show": "RWE", "name_show": "380kV Datteln West+Mengede Nord" }, "geometry": { "type": "LineString", "coordinates": [ [ 7.3576951, 51.5749392 ], [ 7.3544362, 51.5761227 ] ] } },
{ "type": "Feature", "properties": { "voltage_kv": "380 kV", "operator_show": "RWE", "name_show": "380kV Datteln Ost+Mengede Süd" }, "geometry": { "type": "LineString", "coordinates": [ [ 7.3576951, 51.5749392 ], [ 7.3543075, 51.5758894 ] ] } },
{ "type": "Feature", "properties": { "voltage_kv": "380 kV", "operator_show": "Amprion", "name_show": "380kV Kirchlinde Ost,Witten West" }, "geometry": { "type": "LineString", "coordinates": [ [ 7.3538412, 51.5751042 ], [ 7.3583911, 51.572485 ] ] } },
{ "type": "Feature", "properties": { "voltage_kv": "380 kV", "operator_show": "Amprion", "name_show": "–" }, "geometry": { "type": "LineString", "coordinates": [ [ 7.3910963, 51.5097333 ], [ 7.3925166, 51.4698924 ], [ 7.4202966, 51.4602659 ] ] } },
{ "type": "Feature", "properties": { "voltage_kv": "380 kV", "operator_show": "Lechwerke", "name_show": "–" }, "geometry": { "type": "LineString", "coordinates": [ [ 11.0316812, 48.3952092 ], [ 10.9387949, 48.402167 ] ] } },
{ "type": "Feature", "properties": { "voltage_kv": "380 kV", "operator_show": "Amprion", "name_show": "380kV Recklinghausen" }, "geometry": { "type": "LineString", "coordinates": [ [ 7.3424517, 51.5682738 ], [ 7.3473602, 51.5721012 ] ] } },
{ "type": "Feature", "properties": { "voltage_kv": "380 kV; 110 kV", "operator_show": "Amprion;Westnetz", "name_show": "–" }, "geometry": { "type": "LineString", "coordinates": [ [ 7.3717898, 51.5306056 ], [ 7.3911392, 51.512905 ] ] } },
{ "type": "Feature", "properties": { "voltage_kv": "380 kV; 110 kV", "operator_show": "RWE", "name_show": "–" }, "geometry": { "type": "LineString", "coordinates": [ [ 7.3911392, 51.512905 ], [ 7.3910963, 51.5097333 ] ] } },
{ "type": "Feature", "properties": { "voltage_kv": "380 kV", "operator_show": "RWE", "name_show": "–" }, "geometry": { "type": "LineString", "coordinates": [ [ 6.9648871, 51.0704522 ], [ 6.9642742, 51.0704235 ] ] } },
{ "type": "Feature", "properties": { "voltage_kv": "380 kV", "operator_show": "Amprion", "name_show": "380kV Bliestal Süd, 380kV Bürstadt Ltg." }, "geometry": { "type": "LineString", "coordinates": [ [ 6.991451, 49.3772301 ], [ 6.9919999, 49.3755644 ] ] } },
{ "type": "Feature", "properties": { "voltage_kv": "380 kV; 220 kV", "operator_show": "Amprion", "name_show": "Ensdorf - Uchtelfangen Nord |Süd _ Uchtelfangen Taubental Nord|Süd" }, "geometry": { "type": "LineString", "coordinates": [ [ 6.7897011, 49.2940201 ], [ 6.7970342, 49.333398699999989 ] ] } },
{ "type": "Feature", "properties": { "voltage_kv": "380 kV; 220 kV", "operator_show": "TenneT TSO GmbH", "name_show": "Grafenrheinfeld - Raitersaich;Bergrheinfeld - Raitersaich" }, "geometry": { "type": "LineString", "coordinates": [ [ 10.8444895, 49.3817123 ], [ 10.7758776, 49.3981745 ], [ 10.6398339, 49.5311806 ], [ 10.5560016, 49.563051 ], [ 10.5173659, 49.5866332 ], [ 10.4993961, 49.625320699999989 ], [ 10.4517574, 49.6441697 ], [ 10.4103229, 49.7185143 ], [ 10.3251851, 49.7631331 ], [ 10.3247499, 49.82695970000001 ], [ 10.2819567, 49.9012265 ] ] } },
{ "type": "Feature", "properties": { "voltage_kv": "380 kV", "operator_show": "EnBW", "name_show": "GOHFE-ROLSO" }, "geometry": { "type": "LineString", "coordinates": [ [ 10.2231446, 48.7372015 ], [ 10.2227069, 48.7369318 ] ] } },
{ "type": "Feature", "properties": { "voltage_kv": "380 kV", "operator_show": "EnBW", "name_show": "–" }, "geometry": { "type": "LineString", "coordinates": [ [ 10.2231446, 48.7372015 ], [ 10.2440224, 48.728423600000013 ], [ 10.2463758, 48.6761889 ], [ 10.2878457, 48.6284647 ], [ 10.2350871, 48.5299358 ] ] } },
{ "type": "Feature", "properties": { "voltage_kv": "380 kV; 110 kV", "operator_show": "50Hertz Transmission", "name_show": "Ltg 419 Krümmel - Görries und 420 Krümmel - Wessin" }, "geometry": { "type": "LineString", "coordinates": [ [ 10.4540906, 53.417482099999987 ], [ 10.4999855, 53.4251989 ] ] } },
{ "type": "Feature", "properties": { "voltage_kv": "380 kV", "operator_show": "50Hertz Transmission", "name_show": "Ltg 547 Preilack / Neuenhagen" }, "geometry": { "type": "LineString", "coordinates": [ [ 14.6035342, 52.175234899999985 ], [ 14.6016519, 52.175330699999989 ] ] } },
{ "type": "Feature", "properties": { "voltage_kv": "380 kV", "operator_show": "50Hertz Transmission", "name_show": "Ltg 548 Preilack / Heinersdorf" }, "geometry": { "type": "LineString", "coordinates": [ [ 14.6032433, 52.1749535 ], [ 14.6016519, 52.175330699999989 ] ] } },
{ "type": "Feature", "properties": { "voltage_kv": "380 kV", "operator_show": "Amprion", "name_show": "Amprion Leitung Biblis 1a" }, "geometry": { "type": "LineString", "coordinates": [ [ 8.4159075, 49.7108732 ], [ 8.4189651, 49.710882 ] ] } },
{ "type": "Feature", "properties": { "voltage_kv": "380 kV; 220 kV", "operator_show": "Amprion GmbH", "name_show": "380 kV Bürstadt Ltg.; 220 kV Roxheim Nord" }, "geometry": { "type": "LineString", "coordinates": [ [ 8.4165653, 49.6290452 ], [ 8.420044, 49.6305964 ] ] } },
{ "type": "Feature", "properties": { "voltage_kv": "380 kV", "operator_show": "Amprion GmbH", "name_show": "Amprion Leitung Wonnegau Ost / West" }, "geometry": { "type": "LineString", "coordinates": [ [ 8.4269436, 49.634196099999983 ], [ 8.379033, 49.6730992 ], [ 8.3046868, 49.6845954 ], [ 8.1314005, 49.777657 ], [ 7.8568508, 49.8674728 ] ] } },
{ "type": "Feature", "properties": { "voltage_kv": "380 kV", "operator_show": "RWE", "name_show": "Amprion Leitung Ried West" }, "geometry": { "type": "LineString", "coordinates": [ [ 8.4274741, 49.7048786 ], [ 8.4311413, 49.7059125 ] ] } },
{ "type": "Feature", "properties": { "voltage_kv": "380 kV", "operator_show": "RWE", "name_show": "Amprion Leitung Ried Ost" }, "geometry": { "type": "LineString", "coordinates": [ [ 8.4311413, 49.7059125 ], [ 8.4259659, 49.702199 ] ] } },
{ "type": "Feature", "properties": { "voltage_kv": "380 kV", "operator_show": "Amprion", "name_show": "Amprion Leitung Biblis 2b" }, "geometry": { "type": "LineString", "coordinates": [ [ 8.4311413, 49.7059125 ], [ 8.4269631, 49.7076124 ] ] } },
{ "type": "Feature", "properties": { "voltage_kv": "220 kV; 380 kV; 380 kV; 380 kV", "operator_show": "Amprion", "name_show": "Amprion Leitung Biblis 1a, 2b und 3c" }, "geometry": { "type": "LineString", "coordinates": [ [ 8.4269631, 49.7076124 ], [ 8.4189651, 49.710882 ] ] } },
{ "type": "Feature", "properties": { "voltage_kv": "220 kV; 380 kV", "operator_show": "Amprion", "name_show": "Amprion Leitung Biblis 1a und 3c" }, "geometry": { "type": "LineString", "coordinates": [ [ 8.4274741, 49.7048786 ], [ 8.4269631, 49.7076124 ] ] } },
{ "type": "Feature", "properties": { "voltage_kv": "380 kV; 220 kV", "operator_show": "Amprion", "name_show": "Amprion Leitung Biblis 2b und 3c" }, "geometry": { "type": "LineString", "coordinates": [ [ 8.4189651, 49.710882 ], [ 8.4149529, 49.7112265 ] ] } },
{ "type": "Feature", "properties": { "voltage_kv": "220 kV; 380 kV; 380 kV; 380 kV", "operator_show": "RWE", "name_show": "Amprion Leitung Ried Ost / West und Biblis 1a / 3c" }, "geometry": { "type": "LineString", "coordinates": [ [ 8.4259659, 49.702199 ], [ 8.4302541, 49.635453299999988 ] ] } },
{ "type": "Feature", "properties": { "voltage_kv": "380 kV", "operator_show": "Amprion GmbH", "name_show": "Amprion Leitung Wonnegau Ost / West" }, "geometry": { "type": "LineString", "coordinates": [ [ 8.4240321, 49.6323474 ], [ 8.4269436, 49.634196099999983 ] ] } },
{ "type": "Feature", "properties": { "voltage_kv": "380 kV", "operator_show": "Amprion", "name_show": "Amprion Leitung Kurpfalz Ost / West" }, "geometry": { "type": "LineString", "coordinates": [ [ 8.4236183, 49.6314253 ], [ 8.5550171, 49.5448066 ], [ 8.5717748, 49.4988579 ], [ 8.5491795, 49.4790483 ], [ 8.5479596, 49.441508 ] ] } },
{ "type": "Feature", "properties": { "voltage_kv": "380 kV; 220 kV", "operator_show": "Amprion", "name_show": "Vöhringen Ost;Füssen West" }, "geometry": { "type": "LineString", "coordinates": [ [ 10.3660106, 47.7396701 ], [ 10.3523505, 47.7825352 ], [ 10.2695681, 47.8440683 ], [ 10.2529435, 47.9059021 ], [ 10.2117546, 47.9357168 ] ] } },
{ "type": "Feature", "properties": { "voltage_kv": "380 kV; 110 kV", "operator_show": "–", "name_show": "–" }, "geometry": { "type": "LineString", "coordinates": [ [ 6.9562096, 51.0212378 ], [ 6.9368226, 51.0339474 ] ] } },
{ "type": "Feature", "properties": { "voltage_kv": "380 kV; 110 kV", "operator_show": "–", "name_show": "–" }, "geometry": { "type": "LineString", "coordinates": [ [ 6.9581692, 51.0203374 ], [ 6.9562096, 51.0212378 ] ] } },
{ "type": "Feature", "properties": { "voltage_kv": "380 kV", "operator_show": "RWE", "name_show": "380kV Westfalen West" }, "geometry": { "type": "LineString", "coordinates": [ [ 7.124883, 51.5258077 ], [ 7.125393, 51.5247574 ] ] } },
{ "type": "Feature", "properties": { "voltage_kv": "380 kV", "operator_show": "–", "name_show": "Ltg B Graustein" }, "geometry": { "type": "LineString", "coordinates": [ [ 14.3553331, 51.5337967 ], [ 14.3574505, 51.533726799999975 ] ] } },
{ "type": "Feature", "properties": { "voltage_kv": "380 kV", "operator_show": "TenneT TSO GmbH", "name_show": "303 UW Wilster - UW Audorf" }, "geometry": { "type": "LineString", "coordinates": [ [ 9.4171762, 53.9536271 ], [ 9.341612, 53.9248346 ] ] } },
{ "type": "Feature", "properties": { "voltage_kv": "380 kV", "operator_show": "50Hertz Transmission", "name_show": "Ltg 419 Krümmel - Görries und 420 Krümmel - Wessin" }, "geometry": { "type": "LineString", "coordinates": [ [ 10.4166525, 53.41407 ], [ 10.4540906, 53.417482099999987 ] ] } },
{ "type": "Feature", "properties": { "voltage_kv": "380 kV", "operator_show": "50Hertz Transmission", "name_show": "Ltg 577 und 578 Röhrsdorf - Markersbach / Zwönitz" }, "geometry": { "type": "LineString", "coordinates": [ [ 12.8149292, 50.857289699999981 ], [ 12.749105, 50.8166099 ], [ 12.792954, 50.7739635 ], [ 12.7993608, 50.6933687 ], [ 12.8259721, 50.6568444 ] ] } },
{ "type": "Feature", "properties": { "voltage_kv": "380 kV; 110 kV", "operator_show": "TenneT TSO", "name_show": "Ltg 237 Etzenricht - Mechlenreuth sowie 112 Etzenricht - Windischeschenbach und 117Latsch - Wiesau" }, "geometry": { "type": "LineString", "coordinates": [ [ 12.0811909, 49.6668019 ], [ 12.0582904, 49.6994574 ], [ 12.1027728, 49.7388459 ], [ 12.1084301, 49.7752383 ], [ 12.1525026, 49.8072061 ] ] } },
{ "type": "Feature", "properties": { "voltage_kv": "380 kV; 110 kV", "operator_show": "TenneT TSO", "name_show": "Ltg 437 Etzenricht - Mechlenreuth und Schwandorf - Mechlenreuth sowie 117 Latsch - Wiesau" }, "geometry": { "type": "LineString", "coordinates": [ [ 12.1525026, 49.8072061 ], [ 12.1564404, 49.8075877 ] ] } },
{ "type": "Feature", "properties": { "voltage_kv": "380 kV", "operator_show": "–", "name_show": "Ltg MN und MP sowie MQ und MR Boxberg - Bärwalde" }, "geometry": { "type": "LineString", "coordinates": [ [ 14.567854, 51.4106186 ], [ 14.5571358, 51.4094675 ] ] } },
{ "type": "Feature", "properties": { "voltage_kv": "380 kV", "operator_show": "–", "name_show": "Ltg MN und MP Boxberg - Bärwalde" }, "geometry": { "type": "LineString", "coordinates": [ [ 14.567854, 51.4106186 ], [ 14.5687425, 51.4179927 ] ] } },
{ "type": "Feature", "properties": { "voltage_kv": "380 kV", "operator_show": "–", "name_show": "Ltg MP Bärwalde" }, "geometry": { "type": "LineString", "coordinates": [ [ 14.5687425, 51.4179927 ], [ 14.5717241, 51.4187505 ] ] } },
{ "type": "Feature", "properties": { "voltage_kv": "380 kV", "operator_show": "–", "name_show": "Ltg MN Bärwalde" }, "geometry": { "type": "LineString", "coordinates": [ [ 14.5687425, 51.4179927 ], [ 14.5704409, 51.4185723 ] ] } },
{ "type": "Feature", "properties": { "voltage_kv": "380 kV", "operator_show": "–", "name_show": "Ltg MQ und MR Boxberg - Bärwalde" }, "geometry": { "type": "LineString", "coordinates": [ [ 14.5571358, 51.4094675 ], [ 14.5538332, 51.4099529 ] ] } },
{ "type": "Feature", "properties": { "voltage_kv": "380 kV", "operator_show": "50Hertz Transmission", "name_show": "Ltg 551 Schmölln" }, "geometry": { "type": "LineString", "coordinates": [ [ 14.5101247, 51.4131217 ], [ 14.5100305, 51.4111184 ] ] } },
{ "type": "Feature", "properties": { "voltage_kv": "380 kV", "operator_show": "50Hertz Transmission", "name_show": "Ltg 558 Streumen" }, "geometry": { "type": "LineString", "coordinates": [ [ 14.5082068, 51.413116699999989 ], [ 14.5069863, 51.4117238 ] ] } },
{ "type": "Feature", "properties": { "voltage_kv": "380 kV", "operator_show": "–", "name_show": "Ltg MQ Boxberg" }, "geometry": { "type": "LineString", "coordinates": [ [ 14.5085131, 51.414318199999983 ], [ 14.5089768, 51.4157372 ] ] } },
{ "type": "Feature", "properties": { "voltage_kv": "380 kV", "operator_show": "–", "name_show": "Ltg MN Boxberg" }, "geometry": { "type": "LineString", "coordinates": [ [ 14.5065967, 51.414312399999986 ], [ 14.5083161, 51.4160108 ] ] } },
{ "type": "Feature", "properties": { "voltage_kv": "380 kV", "operator_show": "50Hertz Transmission", "name_show": "Ltg 565 Graustein" }, "geometry": { "type": "LineString", "coordinates": [ [ 14.5063285, 51.4143116 ], [ 14.5074524, 51.4158933 ] ] } },
{ "type": "Feature", "properties": { "voltage_kv": "380 kV", "operator_show": "50Hertz Transmission", "name_show": "Ltg 553 und 554 Schmölln - Hagenwerder" }, "geometry": { "type": "LineString", "coordinates": [ [ 14.220377, 51.119477 ], [ 14.2445713, 51.1027574 ], [ 14.4183027, 51.105257499999986 ], [ 14.5597359, 51.089978299999984 ], [ 14.6884699, 51.0363858 ], [ 14.8355254, 51.0314237 ], [ 14.9085492, 51.047939500000012 ] ] } },
{ "type": "Feature", "properties": { "voltage_kv": "380 kV", "operator_show": "50Hertz Transmission", "name_show": "Ltg 567 und 568 Hagenwerder (DE) - Mikułowa (PL)" }, "geometry": { "type": "LineString", "coordinates": [ [ 14.9464611, 51.0613024 ], [ 14.9624026, 51.0525502 ] ] } },
{ "type": "Feature", "properties": { "voltage_kv": "400 kV", "operator_show": "Polskie Sieci Elektroenergetyczne", "name_show": "LNN 400kV Hagenwerder–Mikułowa II" }, "geometry": { "type": "LineString", "coordinates": [ [ 14.9655276, 51.05294580000001 ], [ 15.0715261, 51.093311299999989 ] ] } },
{ "type": "Feature", "properties": { "voltage_kv": "380 kV", "operator_show": "50Hertz Transmission", "name_show": "Ltg 509 und 510 Lubmin - Siedenbrünzow" }, "geometry": { "type": "LineString", "coordinates": [ [ 13.6836405, 54.1369589 ], [ 13.4892158, 54.0561448 ], [ 13.4028359, 54.05779 ], [ 13.1106508, 54.0227716 ], [ 13.089263, 54.0086627 ], [ 13.1413329, 53.906315699999986 ] ] } },
{ "type": "Feature", "properties": { "voltage_kv": "380 kV; 380 kV; 220 kV; 220 kV", "operator_show": "50Hertz Transmission", "name_show": "Ltg 315, 316, 512, 513" }, "geometry": { "type": "LineString", "coordinates": [ [ 13.1429219, 53.905909199999989 ], [ 13.1343866, 53.9046219 ] ] } },
{ "type": "Feature", "properties": { "voltage_kv": "380 kV", "operator_show": "50Hertz Transmission", "name_show": "Ltg 423 Görries" }, "geometry": { "type": "LineString", "coordinates": [ [ 12.1884458, 53.8169369 ], [ 12.189009, 53.817054 ] ] } },
{ "type": "Feature", "properties": { "voltage_kv": "380 kV", "operator_show": "50Hertz Transmission", "name_show": "Ltg 514 Putlitz Süd" }, "geometry": { "type": "LineString", "coordinates": [ [ 12.1886078, 53.8157417 ], [ 12.1894703, 53.8158618 ] ] } },
{ "type": "Feature", "properties": { "voltage_kv": "380 kV", "operator_show": "50Hertz Transmission", "name_show": "Ltg 543 und 544 Bentwisch - Güstrow" }, "geometry": { "type": "LineString", "coordinates": [ [ 12.211595, 54.0978593 ], [ 12.1744504, 53.922443 ], [ 12.195489, 53.883564 ], [ 12.16783, 53.864215 ], [ 12.1607358, 53.8238642 ], [ 12.1892523, 53.8162073 ] ] } },
{ "type": "Feature", "properties": { "voltage_kv": "380 kV", "operator_show": "50Hertz Transmission", "name_show": "Ltg 544 Bentwisch" }, "geometry": { "type": "LineString", "coordinates": [ [ 12.1885232, 53.816286 ], [ 12.1892523, 53.8162073 ] ] } },
{ "type": "Feature", "properties": { "voltage_kv": "380 kV", "operator_show": "50Hertz Transmission", "name_show": "–" }, "geometry": { "type": "LineString", "coordinates": [ [ 13.2490385, 52.532001 ], [ 13.2493979, 52.531706300000018 ] ] } },
{ "type": "Feature", "properties": { "voltage_kv": "380 kV", "operator_show": "50Hertz Transmission", "name_show": "380-kV-Transversale Berlin" }, "geometry": { "type": "LineString", "coordinates": [ [ 13.2486699, 52.5307845 ], [ 13.2487539, 52.5317975 ] ] } },
{ "type": "Feature", "properties": { "voltage_kv": "380 kV", "operator_show": "50Hertz Transmission", "name_show": "–" }, "geometry": { "type": "LineString", "coordinates": [ [ 13.2404473, 52.5357518 ], [ 13.2417954, 52.5358209 ] ] } },
{ "type": "Feature", "properties": { "voltage_kv": "380 kV", "operator_show": "–", "name_show": "Ltg Schwarze Pumpe - Graustein" }, "geometry": { "type": "LineString", "coordinates": [ [ 14.3574505, 51.533726799999975 ], [ 14.447279, 51.536121899999976 ], [ 14.4729112, 51.5517974 ] ] } },
{ "type": "Feature", "properties": { "voltage_kv": "380 kV; 0 kV", "operator_show": "50Hertz Transmission", "name_show": "546" }, "geometry": { "type": "LineString", "coordinates": [ [ 12.1306581, 54.1386099 ], [ 12.2107726, 54.099390799999988 ] ] } },
{ "type": "Feature", "properties": { "voltage_kv": "380 kV", "operator_show": "50Hertz Transmission", "name_show": "543" }, "geometry": { "type": "LineString", "coordinates": [ [ 12.211595, 54.0978593 ], [ 12.2132134, 54.098766 ] ] } },
{ "type": "Feature", "properties": { "voltage_kv": "380 kV", "operator_show": "50Hertz Transmission", "name_show": "546" }, "geometry": { "type": "LineString", "coordinates": [ [ 12.2107726, 54.099390799999988 ], [ 12.212466, 54.0996701 ] ] } },
{ "type": "Feature", "properties": { "voltage_kv": "380 kV", "operator_show": "50Hertz Transmission", "name_show": "546" }, "geometry": { "type": "LineString", "coordinates": [ [ 12.1306581, 54.1386099 ], [ 12.1304799, 54.1408596 ] ] } },
{ "type": "Feature", "properties": { "voltage_kv": "380 kV; 220 kV", "operator_show": "RWE", "name_show": "380 kV Opladen Nord|Süd; 220 kV Frixheim Süd; Niederaußem 5e" }, "geometry": { "type": "LineString", "coordinates": [ [ 6.71951, 51.0050474 ], [ 6.8536983, 51.0241549 ] ] } },
{ "type": "Feature", "properties": { "voltage_kv": "380 kV", "operator_show": "RWE", "name_show": "380 kV Brauweiler West;Ville Ost" }, "geometry": { "type": "LineString", "coordinates": [ [ 6.7143596, 51.0054239 ], [ 6.7603009, 51.0059816 ], [ 6.806254, 50.9700535 ] ] } },
{ "type": "Feature", "properties": { "voltage_kv": "380 kV; 220 kV", "operator_show": "RWE", "name_show": "–" }, "geometry": { "type": "LineString", "coordinates": [ [ 6.7260848, 51.3575674 ], [ 6.7255944, 51.3548689 ] ] } },
{ "type": "Feature", "properties": { "voltage_kv": "380 kV; 380 kV; 220 kV", "operator_show": "Amprion", "name_show": "–" }, "geometry": { "type": "LineString", "coordinates": [ [ 7.3098914, 52.4647346 ], [ 7.2486178, 52.408400600000022 ], [ 7.305632, 52.2809865 ], [ 7.2506364, 52.2544114 ], [ 7.1576276, 52.2398255 ], [ 7.0890766, 52.1944297 ], [ 7.039146, 52.1994036 ] ] } },
{ "type": "Feature", "properties": { "voltage_kv": "380 kV", "operator_show": "Amprion", "name_show": "380kV Bramgau + Niedersachsen Süd" }, "geometry": { "type": "LineString", "coordinates": [ [ 7.4179299, 52.469584 ], [ 7.6965623, 52.4707954 ] ] } },
{ "type": "Feature", "properties": { "voltage_kv": "380 kV", "operator_show": "Amprion", "name_show": "Roxel Ost" }, "geometry": { "type": "LineString", "coordinates": [ [ 7.3111219, 52.4750126 ], [ 7.3119012, 52.474842 ] ] } },
{ "type": "Feature", "properties": { "voltage_kv": "380 kV", "operator_show": "Amprion", "name_show": "–" }, "geometry": { "type": "LineString", "coordinates": [ [ 10.8383795, 48.238128099999983 ], [ 10.8355603, 48.2382916 ] ] } },
{ "type": "Feature", "properties": { "voltage_kv": "380 kV; 220 kV", "operator_show": "Amprion", "name_show": "–" }, "geometry": { "type": "LineString", "coordinates": [ [ 7.0422025, 51.6973818 ], [ 6.9743302, 51.7235733 ], [ 6.9373138, 51.789179099999984 ], [ 6.9726915, 51.9049103 ], [ 6.9670047, 52.007602199999987 ] ] } },
{ "type": "Feature", "properties": { "voltage_kv": "380 kV; 220 kV; 110 kV", "operator_show": "Amprion", "name_show": "–" }, "geometry": { "type": "LineString", "coordinates": [ [ 6.6688187, 51.6794746 ], [ 6.5837127, 51.7111326 ] ] } },
{ "type": "Feature", "properties": { "voltage_kv": "380 kV; 220 kV; 110 kV", "operator_show": "Amprion;Westnetz", "name_show": "–" }, "geometry": { "type": "LineString", "coordinates": [ [ 6.7651462, 51.6691294 ], [ 6.856059, 51.679734599999989 ] ] } },
{ "type": "Feature", "properties": { "voltage_kv": "380 kV; 220 kV; 110 kV", "operator_show": "RWE", "name_show": "–" }, "geometry": { "type": "LineString", "coordinates": [ [ 6.6776118, 51.6539159 ], [ 6.6763992, 51.6565925 ] ] } },
{ "type": "Feature", "properties": { "voltage_kv": "380 kV; 220 kV; 110 kV", "operator_show": "RWE", "name_show": "–" }, "geometry": { "type": "LineString", "coordinates": [ [ 6.6787174, 51.6541685 ], [ 6.6787747, 51.6558071 ] ] } },
{ "type": "Feature", "properties": { "voltage_kv": "380 kV", "operator_show": "RWE", "name_show": "380kV Eiberg Nord" }, "geometry": { "type": "LineString", "coordinates": [ [ 7.1207365, 51.4485127 ], [ 7.1234873, 51.447687 ] ] } },
{ "type": "Feature", "properties": { "voltage_kv": "380 kV; 220 kV", "operator_show": "Amprion", "name_show": "–" }, "geometry": { "type": "LineString", "coordinates": [ [ 7.1220893, 51.4462694 ], [ 7.1350992, 51.418531199999975 ] ] } },
{ "type": "Feature", "properties": { "voltage_kv": "380 kV", "operator_show": "RWE", "name_show": "–" }, "geometry": { "type": "LineString", "coordinates": [ [ 8.4397332, 50.0585772 ], [ 8.4362906, 50.0596157 ] ] } },
{ "type": "Feature", "properties": { "voltage_kv": "380 kV", "operator_show": "–", "name_show": "–" }, "geometry": { "type": "LineString", "coordinates": [ [ 8.5289402, 49.8563415 ], [ 8.5259055, 49.855720099999978 ] ] } },
{ "type": "Feature", "properties": { "voltage_kv": "380 kV; 220 kV", "operator_show": "RWE", "name_show": "380 kV Oerkhaus Ost; St. Peter Nord; 220 kV Itterbach Ost|West" }, "geometry": { "type": "LineString", "coordinates": [ [ 6.9571794, 51.1612781 ], [ 6.9357514, 51.14209109999998 ] ] } },
{ "type": "Feature", "properties": { "voltage_kv": "380 kV", "operator_show": "TenneT TSO", "name_show": "380 kV Irsching - Ottenhofen" }, "geometry": { "type": "LineString", "coordinates": [ [ 11.5850631, 48.7641104 ], [ 11.586659, 48.7613862 ] ] } },
{ "type": "Feature", "properties": { "voltage_kv": "380 kV; 220 kV", "operator_show": "RWE", "name_show": "–" }, "geometry": { "type": "LineString", "coordinates": [ [ 7.1050791, 51.4801036 ], [ 7.104841, 51.4780839 ] ] } },
{ "type": "Feature", "properties": { "voltage_kv": "380 kV; 110 kV; 0 kV", "operator_show": "RWE", "name_show": "–" }, "geometry": { "type": "LineString", "coordinates": [ [ 7.0991351, 51.4826499 ], [ 7.096938, 51.499917599999989 ], [ 7.070787, 51.5068921 ] ] } },
{ "type": "Feature", "properties": { "voltage_kv": "380 kV", "operator_show": "RWE", "name_show": "380 kV Sechtem Nord|Süd" }, "geometry": { "type": "LineString", "coordinates": [ [ 6.7515723, 50.8491845 ], [ 6.78134, 50.834421099999986 ] ] } },
{ "type": "Feature", "properties": { "voltage_kv": "380 kV", "operator_show": "TenneT TSO", "name_show": "305 Emsland Ost/West" }, "geometry": { "type": "LineString", "coordinates": [ [ 7.2550178, 53.0267137 ], [ 7.2587922, 52.9831445 ] ] } },
{ "type": "Feature", "properties": { "voltage_kv": "380 kV; 110 kV", "operator_show": "Amprion;Westnetz", "name_show": "–" }, "geometry": { "type": "LineString", "coordinates": [ [ 6.968645, 51.46807 ], [ 6.948005, 51.446092499999985 ] ] } },
{ "type": "Feature", "properties": { "voltage_kv": "380 kV", "operator_show": "RWE", "name_show": "380kV Eiberg Nord" }, "geometry": { "type": "LineString", "coordinates": [ [ 7.0176345, 51.5179384 ], [ 7.0446316, 51.515468899999988 ] ] } },
{ "type": "Feature", "properties": { "voltage_kv": "380 kV; 220 kV; 110 kV", "operator_show": "RWE", "name_show": "Büscherhof West+Kusenhorst" }, "geometry": { "type": "LineString", "coordinates": [ [ 6.9914807, 51.5188434 ], [ 6.9913502, 51.516633400000018 ] ] } },
{ "type": "Feature", "properties": { "voltage_kv": "380 kV; 110 kV", "operator_show": "RWE", "name_show": "–" }, "geometry": { "type": "LineString", "coordinates": [ [ 6.9947071, 51.4701591 ], [ 6.9924631, 51.511705299999981 ] ] } },
{ "type": "Feature", "properties": { "voltage_kv": "380 kV", "operator_show": "Amprion", "name_show": "–" }, "geometry": { "type": "LineString", "coordinates": [ [ 7.3126525, 52.466810399999979 ], [ 7.3102113, 52.464367 ] ] } },
{ "type": "Feature", "properties": { "voltage_kv": "380 kV", "operator_show": "Amprion", "name_show": "–" }, "geometry": { "type": "LineString", "coordinates": [ [ 7.3126525, 52.466810399999979 ], [ 7.3098914, 52.4647346 ] ] } },
{ "type": "Feature", "properties": { "voltage_kv": "380 kV", "operator_show": "Amprion", "name_show": "380-kV Kernkraftwerk Emsland" }, "geometry": { "type": "LineString", "coordinates": [ [ 7.3109775, 52.4751582 ], [ 7.3191331, 52.4725426 ] ] } },
{ "type": "Feature", "properties": { "voltage_kv": "380 kV", "operator_show": "Amprion", "name_show": "380-kV Gronau-West" }, "geometry": { "type": "LineString", "coordinates": [ [ 7.3120652, 52.4743563 ], [ 7.3145397, 52.4737229 ] ] } },
{ "type": "Feature", "properties": { "voltage_kv": "380 kV", "operator_show": "Amprion", "name_show": "Gronau-West" }, "geometry": { "type": "LineString", "coordinates": [ [ 7.3120652, 52.4743563 ], [ 7.3115452, 52.4742413 ] ] } },
{ "type": "Feature", "properties": { "voltage_kv": "380 kV", "operator_show": "Amprion", "name_show": "–" }, "geometry": { "type": "LineString", "coordinates": [ [ 7.3102164, 52.4768809 ], [ 7.3113901, 52.477047100000014 ] ] } },
{ "type": "Feature", "properties": { "voltage_kv": "380 kV", "operator_show": "Amprion", "name_show": "–" }, "geometry": { "type": "LineString", "coordinates": [ [ 7.3131479, 52.4762527 ], [ 7.4179299, 52.469584 ] ] } },
{ "type": "Feature", "properties": { "voltage_kv": "380 kV", "operator_show": "Amprion", "name_show": "–" }, "geometry": { "type": "LineString", "coordinates": [ [ 7.3149109, 52.4699125 ], [ 7.3121813, 52.4739425 ] ] } },
{ "type": "Feature", "properties": { "voltage_kv": "380 kV", "operator_show": "Amprion", "name_show": "380-kV Münsterland" }, "geometry": { "type": "LineString", "coordinates": [ [ 7.3119012, 52.474842 ], [ 7.3145397, 52.4737229 ] ] } },
{ "type": "Feature", "properties": { "voltage_kv": "380 kV; 110 kV", "operator_show": "Amprion;Westnetz", "name_show": "–" }, "geometry": { "type": "LineString", "coordinates": [ [ 7.320956, 52.477580699999983 ], [ 7.3543274, 52.465645099999989 ], [ 7.4129489, 52.4701048 ] ] } },
{ "type": "Feature", "properties": { "voltage_kv": "380 kV", "operator_show": "Amprion", "name_show": "–" }, "geometry": { "type": "LineString", "coordinates": [ [ 7.4129489, 52.4701048 ], [ 7.4169731, 52.4731253 ] ] } },
{ "type": "Feature", "properties": { "voltage_kv": "380 kV", "operator_show": "Amprion", "name_show": "Münsterland" }, "geometry": { "type": "LineString", "coordinates": [ [ 7.3119012, 52.474842 ], [ 7.3113669, 52.474559 ] ] } },
{ "type": "Feature", "properties": { "voltage_kv": "380 kV; 110 kV", "operator_show": "Amprion", "name_show": "–" }, "geometry": { "type": "LineString", "coordinates": [ [ 7.3508238, 52.5849796 ], [ 7.3985732, 52.564782100000016 ], [ 7.3933697, 52.508046 ], [ 7.4148884, 52.5002094 ], [ 7.4169731, 52.4731253 ] ] } },
{ "type": "Feature", "properties": { "voltage_kv": "380 kV", "operator_show": "Amprion", "name_show": "Emsland-D1|D2|D0" }, "geometry": { "type": "LineString", "coordinates": [ [ 7.3113901, 52.477047100000014 ], [ 7.305597, 52.4825158 ] ] } },
{ "type": "Feature", "properties": { "voltage_kv": "380 kV", "operator_show": "Amprion", "name_show": "–" }, "geometry": { "type": "LineString", "coordinates": [ [ 7.3113901, 52.477047100000014 ], [ 7.3103078, 52.476729799999987 ] ] } },
{ "type": "Feature", "properties": { "voltage_kv": "380 kV", "operator_show": "Amprion", "name_show": "Emsland-D0" }, "geometry": { "type": "LineString", "coordinates": [ [ 7.3113901, 52.477047100000014 ], [ 7.3103992, 52.4765787 ] ] } },
{ "type": "Feature", "properties": { "voltage_kv": "380 kV", "operator_show": "Amprion", "name_show": "Meppen" }, "geometry": { "type": "LineString", "coordinates": [ [ 7.311394, 52.476027 ], [ 7.3106267, 52.475760399999984 ] ] } },
{ "type": "Feature", "properties": { "voltage_kv": "380 kV", "operator_show": "Amprion", "name_show": "Niedersachsen Süd" }, "geometry": { "type": "LineString", "coordinates": [ [ 7.3108008, 52.4754585 ], [ 7.3115896, 52.4756956 ] ] } },
{ "type": "Feature", "properties": { "voltage_kv": "380 kV", "operator_show": "Amprion", "name_show": "Bramgau" }, "geometry": { "type": "LineString", "coordinates": [ [ 7.3115896, 52.4756956 ], [ 7.3107144, 52.475608299999969 ] ] } },
{ "type": "Feature", "properties": { "voltage_kv": "380 kV", "operator_show": "Amprion", "name_show": "Emsland West blau" }, "geometry": { "type": "LineString", "coordinates": [ [ 7.3104444, 52.4760762 ], [ 7.311394, 52.476027 ] ] } },
{ "type": "Feature", "properties": { "voltage_kv": "380 kV", "operator_show": "TenneT TSO", "name_show": "–" }, "geometry": { "type": "LineString", "coordinates": [ [ 8.6193153, 50.0922374 ], [ 8.6178568, 50.0925855 ] ] } },
{ "type": "Feature", "properties": { "voltage_kv": "380 kV", "operator_show": "TenneT TSO GmbH", "name_show": "–" }, "geometry": { "type": "LineString", "coordinates": [ [ 8.5734945, 52.105416 ], [ 8.5726121, 52.1055212 ] ] } },
{ "type": "Feature", "properties": { "voltage_kv": "380 kV", "operator_show": "TenneT TSO GmbH", "name_show": "–" }, "geometry": { "type": "LineString", "coordinates": [ [ 8.5724412, 52.1070257 ], [ 8.5719297, 52.1062084 ] ] } },
{ "type": "Feature", "properties": { "voltage_kv": "380 kV", "operator_show": "TransnetBW GmbH", "name_show": "LFBSS 380 kV, ENGST-KUHMO-VILLI 380 kV" }, "geometry": { "type": "LineString", "coordinates": [ [ 8.4170289, 47.8754014 ], [ 8.4147817, 47.8045581 ], [ 8.3900375, 47.75903910000001 ], [ 8.3495756, 47.74292470000001 ], [ 8.2853594, 47.6775498 ], [ 8.1721544, 47.6509634 ] ] } },
{ "type": "Feature", "properties": { "voltage_kv": "380 kV", "operator_show": "Amprion", "name_show": "Weitmar West" }, "geometry": { "type": "LineString", "coordinates": [ [ 7.165083, 51.390001099999971 ], [ 7.1640237, 51.3946252 ] ] } },
{ "type": "Feature", "properties": { "voltage_kv": "380 kV; 220 kV", "operator_show": "Amprion", "name_show": "–" }, "geometry": { "type": "LineString", "coordinates": [ [ 7.1350992, 51.418531199999975 ], [ 7.134848, 51.416085599999988 ] ] } },
{ "type": "Feature", "properties": { "voltage_kv": "380 kV; 110 kV", "operator_show": "Amprion;Westnetz", "name_show": "–" }, "geometry": { "type": "LineString", "coordinates": [ [ 7.8589297, 50.7712313 ], [ 7.742095, 50.8745992 ] ] } },
{ "type": "Feature", "properties": { "voltage_kv": "380 kV", "operator_show": "Amprion", "name_show": "380kV Recklinghausen+Westfalen West" }, "geometry": { "type": "LineString", "coordinates": [ [ 7.0530482, 51.6465253 ], [ 7.057495, 51.6938419 ] ] } },
{ "type": "Feature", "properties": { "voltage_kv": "380 kV", "operator_show": "Amprion", "name_show": "–" }, "geometry": { "type": "LineString", "coordinates": [ [ 7.1651302, 51.388211499999983 ], [ 7.1667834, 51.3862135 ] ] } },
{ "type": "Feature", "properties": { "voltage_kv": "380 kV", "operator_show": "RWE", "name_show": "380kV Recklinghausen" }, "geometry": { "type": "LineString", "coordinates": [ [ 7.2716245, 51.579619 ], [ 7.2675144, 51.5810356 ] ] } },
{ "type": "Feature", "properties": { "voltage_kv": "380 kV", "operator_show": "RWE", "name_show": "380kV Recklinghausen + ANK" }, "geometry": { "type": "LineString", "coordinates": [ [ 7.2675144, 51.5810356 ], [ 7.2552679, 51.5824117 ] ] } },
{ "type": "Feature", "properties": { "voltage_kv": "380 kV", "operator_show": "Amprion", "name_show": "380kV Recklinghausen + 220kV Herne 4" }, "geometry": { "type": "LineString", "coordinates": [ [ 7.1687934, 51.5543581 ], [ 7.1401651, 51.5525899 ] ] } },
{ "type": "Feature", "properties": { "voltage_kv": "380 kV; 220 kV", "operator_show": "Amprion", "name_show": "–" }, "geometry": { "type": "LineString", "coordinates": [ [ 8.3060417, 52.3504217 ], [ 8.2968538, 52.3718444 ], [ 8.2099551, 52.409773899999983 ], [ 7.9831016, 52.457552299999982 ] ] } },
{ "type": "Feature", "properties": { "voltage_kv": "380 kV; 110 kV", "operator_show": "RWE", "name_show": "–" }, "geometry": { "type": "LineString", "coordinates": [ [ 7.3003841, 51.4546656 ], [ 7.3081727, 51.451847 ] ] } },
{ "type": "Feature", "properties": { "voltage_kv": "380 kV", "operator_show": "Amprion", "name_show": "380kV Persebeck+Witten West" }, "geometry": { "type": "LineString", "coordinates": [ [ 7.3123403, 51.4477879 ], [ 7.3145386, 51.4494367 ] ] } },
{ "type": "Feature", "properties": { "voltage_kv": "380 kV; 0 kV", "operator_show": "RWE", "name_show": "380kV Kemnade Süd+ANK" }, "geometry": { "type": "LineString", "coordinates": [ [ 7.3081727, 51.451847 ], [ 7.3107282, 51.4477302 ] ] } },
{ "type": "Feature", "properties": { "voltage_kv": "380 kV; 0 kV", "operator_show": "RWE", "name_show": "380kV Kemnade Süd+ANK" }, "geometry": { "type": "LineString", "coordinates": [ [ 7.3003841, 51.4546656 ], [ 7.2976842, 51.4541817 ] ] } },
{ "type": "Feature", "properties": { "voltage_kv": "380 kV", "operator_show": "Amprion", "name_show": "380kV Kemnade Süd" }, "geometry": { "type": "LineString", "coordinates": [ [ 7.3107282, 51.4477302 ], [ 7.3117884, 51.4466853 ] ] } },
{ "type": "Feature", "properties": { "voltage_kv": "380 kV", "operator_show": "–", "name_show": "–" }, "geometry": { "type": "LineString", "coordinates": [ [ 12.2961259, 48.6072203 ], [ 12.2971237, 48.6088945 ] ] } },
{ "type": "Feature", "properties": { "voltage_kv": "380 kV", "operator_show": "–", "name_show": "–" }, "geometry": { "type": "LineString", "coordinates": [ [ 12.2971237, 48.6088945 ], [ 12.2968125, 48.607390599999988 ] ] } },
{ "type": "Feature", "properties": { "voltage_kv": "380 kV", "operator_show": "TenneT TSO", "name_show": "Isar - Pleinting" }, "geometry": { "type": "LineString", "coordinates": [ [ 12.2971237, 48.6088945 ], [ 12.347517, 48.591291600000012 ], [ 12.8164096, 48.6461319 ], [ 12.9151474, 48.63708089999998 ], [ 12.983218, 48.6688581 ], [ 13.0602516, 48.65175 ], [ 13.1003192, 48.6661239 ] ] } },
{ "type": "Feature", "properties": { "voltage_kv": "380 kV", "operator_show": "–", "name_show": "–" }, "geometry": { "type": "LineString", "coordinates": [ [ 12.2981805, 48.607724 ], [ 12.2983575, 48.6086235 ] ] } },
{ "type": "Feature", "properties": { "voltage_kv": "380 kV", "operator_show": "–", "name_show": "–" }, "geometry": { "type": "LineString", "coordinates": [ [ 12.2983575, 48.6086235 ], [ 12.2979605, 48.607674299999985 ] ] } },
{ "type": "Feature", "properties": { "voltage_kv": "380 kV", "operator_show": "–", "name_show": "KKI 2-Is" }, "geometry": { "type": "LineString", "coordinates": [ [ 12.2954339, 48.6070394 ], [ 12.2942327, 48.607715900000024 ] ] } },
{ "type": "Feature", "properties": { "voltage_kv": "380 kV", "operator_show": "–", "name_show": "KKI 2-Is" }, "geometry": { "type": "LineString", "coordinates": [ [ 12.2942327, 48.607715900000024 ], [ 12.2906435, 48.6053085 ] ] } },
{ "type": "Feature", "properties": { "voltage_kv": "380 kV; 220 kV; 110 kV", "operator_show": "RWE", "name_show": "–" }, "geometry": { "type": "LineString", "coordinates": [ [ 7.179217, 51.4218287 ], [ 7.1785706, 51.4235913 ] ] } },
{ "type": "Feature", "properties": { "voltage_kv": "380 kV; 220 kV; 110 kV", "operator_show": "RWE", "name_show": "–" }, "geometry": { "type": "LineString", "coordinates": [ [ 7.1796692, 51.4532729 ], [ 7.1737605, 51.4680845 ] ] } },
{ "type": "Feature", "properties": { "voltage_kv": "380 kV; 220 kV", "operator_show": "RWE", "name_show": "380kV Weitmar West 220kV Welper Ost" }, "geometry": { "type": "LineString", "coordinates": [ [ 7.1737605, 51.4680845 ], [ 7.1743922, 51.4688633 ] ] } },
{ "type": "Feature", "properties": { "voltage_kv": "380 kV; 220 kV; 110 kV", "operator_show": "RWE", "name_show": "–" }, "geometry": { "type": "LineString", "coordinates": [ [ 7.1790934, 51.475171899999985 ], [ 7.1750704, 51.4823266 ] ] } },
{ "type": "Feature", "properties": { "voltage_kv": "380 kV; 220 kV", "operator_show": "RWE", "name_show": "–" }, "geometry": { "type": "LineString", "coordinates": [ [ 7.1750704, 51.4823266 ], [ 7.1493209, 51.5045259 ] ] } },
{ "type": "Feature", "properties": { "voltage_kv": "380 kV", "operator_show": "Amprion", "name_show": "380kV Weitmar West" }, "geometry": { "type": "LineString", "coordinates": [ [ 7.1743922, 51.4688633 ], [ 7.1773134, 51.4725352 ] ] } },
{ "type": "Feature", "properties": { "voltage_kv": "380 kV; 220 kV; 110 kV", "operator_show": "Amprion", "name_show": "–" }, "geometry": { "type": "LineString", "coordinates": [ [ 7.2978044, 51.4443931 ], [ 7.2529097, 51.4047104 ] ] } },
{ "type": "Feature", "properties": { "voltage_kv": "380 kV; 220 kV; 110 kV", "operator_show": "RWE", "name_show": "–" }, "geometry": { "type": "LineString", "coordinates": [ [ 8.2551206, 47.63081 ], [ 8.2488211, 47.614065299999986 ] ] } },
{ "type": "Feature", "properties": { "voltage_kv": "380 kV; 220 kV; 110 kV", "operator_show": "Axpo AG", "name_show": "Aare-West" }, "geometry": { "type": "LineString", "coordinates": [ [ 8.2488211, 47.614065299999986 ], [ 8.2259032, 47.5976912 ] ] } },
{ "type": "Feature", "properties": { "voltage_kv": "380 kV", "operator_show": "RWE", "name_show": "–" }, "geometry": { "type": "LineString", "coordinates": [ [ 6.638171, 51.296500099999989 ], [ 6.6701425, 51.3160898 ] ] } },
{ "type": "Feature", "properties": { "voltage_kv": "380 kV", "operator_show": "RWE", "name_show": "–" }, "geometry": { "type": "LineString", "coordinates": [ [ 7.070787, 51.5068921 ], [ 7.069284, 51.507566099999984 ] ] } },
{ "type": "Feature", "properties": { "voltage_kv": "380 kV; 220 kV; 110 kV", "operator_show": "Amprion;Westnetz", "name_show": "–" }, "geometry": { "type": "LineString", "coordinates": [ [ 6.9954799, 51.538814099999989 ], [ 6.9939649, 51.5289326 ] ] } },
{ "type": "Feature", "properties": { "voltage_kv": "380 kV; 220 kV; 110 kV", "operator_show": "Amprion;Westnetz", "name_show": "–" }, "geometry": { "type": "LineString", "coordinates": [ [ 6.9939649, 51.5289326 ], [ 6.9938116, 51.5247791 ] ] } },
{ "type": "Feature", "properties": { "voltage_kv": "380 kV", "operator_show": "–", "name_show": "–" }, "geometry": { "type": "LineString", "coordinates": [ [ 6.9920614, 51.518602199999982 ], [ 6.997574, 51.516273 ] ] } },
{ "type": "Feature", "properties": { "voltage_kv": "380 kV; 220 kV; 110 kV", "operator_show": "RWE", "name_show": "–" }, "geometry": { "type": "LineString", "coordinates": [ [ 6.9920198, 51.521069500000017 ], [ 6.9914807, 51.5188434 ] ] } },
{ "type": "Feature", "properties": { "voltage_kv": "380 kV; 220 kV; 110 kV", "operator_show": "RWE", "name_show": "–" }, "geometry": { "type": "LineString", "coordinates": [ [ 6.9854036, 51.5204731 ], [ 6.9914807, 51.5188434 ] ] } },
{ "type": "Feature", "properties": { "voltage_kv": "380 kV; 220 kV; 110 kV", "operator_show": "RWE", "name_show": "–" }, "geometry": { "type": "LineString", "coordinates": [ [ 6.9920198, 51.521069500000017 ], [ 6.9854036, 51.5204731 ] ] } },
{ "type": "Feature", "properties": { "voltage_kv": "380 kV", "operator_show": "RWE", "name_show": "380kV Essen West" }, "geometry": { "type": "LineString", "coordinates": [ [ 6.9258811, 51.4997352 ], [ 6.9263168, 51.501675 ] ] } },
{ "type": "Feature", "properties": { "voltage_kv": "380 kV; 110 kV", "operator_show": "Amprion", "name_show": "–" }, "geometry": { "type": "LineString", "coordinates": [ [ 6.9270052, 51.5640885 ], [ 6.9089743, 51.565182 ] ] } },
{ "type": "Feature", "properties": { "voltage_kv": "380 kV", "operator_show": "Amprion", "name_show": "380kV Essen West" }, "geometry": { "type": "LineString", "coordinates": [ [ 6.9322429, 51.563509499999981 ], [ 6.9270052, 51.5640885 ] ] } },
{ "type": "Feature", "properties": { "voltage_kv": "380 kV; 110 kV", "operator_show": "–", "name_show": "–" }, "geometry": { "type": "LineString", "coordinates": [ [ 6.930468, 51.5668438 ], [ 6.9270052, 51.5640885 ] ] } },
{ "type": "Feature", "properties": { "voltage_kv": "380 kV; 110 kV", "operator_show": "Amprion;Westnetz", "name_show": "–" }, "geometry": { "type": "LineString", "coordinates": [ [ 6.9427856, 51.600077899999988 ], [ 6.930468, 51.5668438 ] ] } },
{ "type": "Feature", "properties": { "voltage_kv": "380 kV", "operator_show": "RWE", "name_show": "380kV Büscherhof West+Kusenhorst" }, "geometry": { "type": "LineString", "coordinates": [ [ 6.948005, 51.446092499999985 ], [ 6.9486974, 51.4437344 ] ] } },
{ "type": "Feature", "properties": { "voltage_kv": "380 kV", "operator_show": "50Hertz Transmission", "name_show": "Ltg 481 und 482 Bertikow - Vierraden sowie Ltg 483 und 484 Vierraden - Neuenhagen" }, "geometry": { "type": "LineString", "coordinates": [ [ 14.2088338, 53.1191494 ], [ 14.2672274, 53.102027 ] ] } },
{ "type": "Feature", "properties": { "voltage_kv": "380 kV; 110 kV", "operator_show": "Amprion;Westnetz", "name_show": "–" }, "geometry": { "type": "LineString", "coordinates": [ [ 6.811993, 51.3292502 ], [ 6.8197942, 51.3397385 ] ] } },
{ "type": "Feature", "properties": { "voltage_kv": "380 kV", "operator_show": "Amprion", "name_show": "–" }, "geometry": { "type": "LineString", "coordinates": [ [ 6.8053097, 51.283659 ], [ 6.7945122, 51.3123013 ] ] } },
{ "type": "Feature", "properties": { "voltage_kv": "380 kV; 110 kV", "operator_show": "Amprion;Westnetz", "name_show": "–" }, "geometry": { "type": "LineString", "coordinates": [ [ 6.8222829, 51.343065099999983 ], [ 6.8614419, 51.3731566 ] ] } },
{ "type": "Feature", "properties": { "voltage_kv": "380 kV", "operator_show": "50Hertz Transmission", "name_show": "Ltg 483 und 484 sowie 517 und 520" }, "geometry": { "type": "LineString", "coordinates": [ [ 13.6798066, 52.584688399999983 ], [ 13.6952443, 52.5602142 ] ] } },
{ "type": "Feature", "properties": { "voltage_kv": "380 kV; 110 kV", "operator_show": "50Hertz Transmission", "name_show": "Ltg 483 und 484 Vierraden - Neuenhagen sowie Finow-Angermünde1, Britz-Angermünde4" }, "geometry": { "type": "LineString", "coordinates": [ [ 13.8768209, 52.932333 ], [ 13.844039, 52.927139 ] ] } },
{ "type": "Feature", "properties": { "voltage_kv": "380 kV", "operator_show": "50Hertz Transmission", "name_show": "Ltg 483 und 484 Vierraden - Neuenhagen" }, "geometry": { "type": "LineString", "coordinates": [ [ 13.844039, 52.927139 ], [ 13.7943389, 52.918348 ], [ 13.7936183, 52.87367 ], [ 13.7506903, 52.8399655 ], [ 13.7547966, 52.7663843 ], [ 13.6621193, 52.6871682 ], [ 13.6496442, 52.6406116 ], [ 13.6798066, 52.584688399999983 ] ] } },
{ "type": "Feature", "properties": { "voltage_kv": "380 kV", "operator_show": "50Hertz Transmission", "name_show": "Ltg 483 und 484" }, "geometry": { "type": "LineString", "coordinates": [ [ 13.6921032, 52.5572629 ], [ 13.7049644, 52.5388703 ] ] } },
{ "type": "Feature", "properties": { "voltage_kv": "380 kV", "operator_show": "TransnetBW", "name_show": "–" }, "geometry": { "type": "LineString", "coordinates": [ [ 9.7078202, 49.2309036 ], [ 9.6996612, 49.2328109 ] ] } },
{ "type": "Feature", "properties": { "voltage_kv": "380 kV", "operator_show": "TransnetBW", "name_show": "–" }, "geometry": { "type": "LineString", "coordinates": [ [ 9.6996612, 49.2328109 ], [ 9.6953158, 49.23334 ] ] } },
{ "type": "Feature", "properties": { "voltage_kv": "380 kV", "operator_show": "Transnet BW", "name_show": "Goldshöfe - Rotensohl" }, "geometry": { "type": "LineString", "coordinates": [ [ 10.1176299, 48.8955925 ], [ 10.1734641, 48.847033699999976 ], [ 10.2231446, 48.7372015 ] ] } },
{ "type": "Feature", "properties": { "voltage_kv": "380 kV", "operator_show": "EnBW", "name_show": "GOHFE-ROLSO" }, "geometry": { "type": "LineString", "coordinates": [ [ 10.1176299, 48.8955925 ], [ 10.1182857, 48.897178599999982 ] ] } },
{ "type": "Feature", "properties": { "voltage_kv": "380 kV; 110 kV", "operator_show": "Amprion;Westnetz", "name_show": "–" }, "geometry": { "type": "LineString", "coordinates": [ [ 7.2501882, 51.4009199 ], [ 7.2440191, 51.4004247 ] ] } },
{ "type": "Feature", "properties": { "voltage_kv": "380 kV; 110 kV", "operator_show": "Amprion;AVU", "name_show": "–" }, "geometry": { "type": "LineString", "coordinates": [ [ 7.3145386, 51.4494367 ], [ 7.3164498, 51.4510533 ] ] } },
{ "type": "Feature", "properties": { "voltage_kv": "380 kV; 220 kV", "operator_show": "Amprion", "name_show": "–" }, "geometry": { "type": "LineString", "coordinates": [ [ 7.2976842, 51.4541817 ], [ 7.2978044, 51.4443931 ] ] } },
{ "type": "Feature", "properties": { "voltage_kv": "380 kV", "operator_show": "–", "name_show": "–" }, "geometry": { "type": "LineString", "coordinates": [ [ 10.8074045, 53.8989167 ], [ 10.802365, 53.8989653 ] ] } },
{ "type": "Feature", "properties": { "voltage_kv": "380 kV", "operator_show": "50Hertz Transmission", "name_show": "Ltg 521 (Thyrow) Wustermark" }, "geometry": { "type": "LineString", "coordinates": [ [ 13.9024353, 51.876952399999979 ], [ 13.9005857, 51.878185099999989 ] ] } },
{ "type": "Feature", "properties": { "voltage_kv": "380 kV", "operator_show": "TenneT TSO", "name_show": "Meitingen - Oberbachern" }, "geometry": { "type": "LineString", "coordinates": [ [ 10.8701005, 48.539849399999973 ], [ 11.0303129, 48.514069 ], [ 11.1008419, 48.4809568 ], [ 11.1264313, 48.436404899999985 ], [ 11.25892, 48.3598763 ], [ 11.3145227, 48.3076058 ], [ 11.3667283, 48.2904774 ] ] } },
{ "type": "Feature", "properties": { "voltage_kv": "380 kV", "operator_show": "transpower", "name_show": "MEI-OBA" }, "geometry": { "type": "LineString", "coordinates": [ [ 10.8701005, 48.539849399999973 ], [ 10.8686278, 48.5400005 ] ] } },
{ "type": "Feature", "properties": { "voltage_kv": "380 kV", "operator_show": "–", "name_show": "–" }, "geometry": { "type": "LineString", "coordinates": [ [ 10.8648095, 48.5406828 ], [ 10.8649223, 48.5462242 ] ] } },
{ "type": "Feature", "properties": { "voltage_kv": "380 kV", "operator_show": "Lechwerke", "name_show": "–" }, "geometry": { "type": "LineString", "coordinates": [ [ 11.0317064, 48.3970927 ], [ 11.0316812, 48.3952092 ] ] } },
{ "type": "Feature", "properties": { "voltage_kv": "380 kV; 380 kV; 0 kV; 0 kV", "operator_show": "TransnetBW GmbH", "name_show": "LFBSS-TRSNG 380 kV, ENGST-KUHMO-VILLI 380 kV" }, "geometry": { "type": "LineString", "coordinates": [ [ 8.5305556, 47.9148482 ], [ 8.5673583, 47.9312191 ], [ 8.5887872, 48.0453576 ] ] } },
{ "type": "Feature", "properties": { "voltage_kv": "380 kV", "operator_show": "RWE", "name_show": "380kV Knechtsteden West" }, "geometry": { "type": "LineString", "coordinates": [ [ 6.6268669, 51.2566204 ], [ 6.6233896, 51.25797690000001 ] ] } },
{ "type": "Feature", "properties": { "voltage_kv": "380 kV", "operator_show": "Amprion", "name_show": "–" }, "geometry": { "type": "LineString", "coordinates": [ [ 6.5881942, 51.2842253 ], [ 6.638171, 51.296500099999989 ] ] } },
{ "type": "Feature", "properties": { "voltage_kv": "380 kV; 220 kV; 110 kV", "operator_show": "RWE", "name_show": "–" }, "geometry": { "type": "LineString", "coordinates": [ [ 6.6267239, 51.2542738 ], [ 6.6380923, 51.2232812 ] ] } },
{ "type": "Feature", "properties": { "voltage_kv": "380 kV", "operator_show": "RWE", "name_show": "380kV Meerbusch West+ANK" }, "geometry": { "type": "LineString", "coordinates": [ [ 6.6190159, 51.259057 ], [ 6.5881942, 51.2842253 ] ] } },
{ "type": "Feature", "properties": { "voltage_kv": "380 kV", "operator_show": "–", "name_show": "–" }, "geometry": { "type": "LineString", "coordinates": [ [ 12.2983575, 48.6086235 ], [ 12.2977375, 48.607616199999988 ] ] } },
{ "type": "Feature", "properties": { "voltage_kv": "380 kV", "operator_show": "–", "name_show": "KKI 2-Is" }, "geometry": { "type": "LineString", "coordinates": [ [ 12.2942327, 48.607715900000024 ], [ 12.2952086, 48.606989799999987 ] ] } },
{ "type": "Feature", "properties": { "voltage_kv": "380 kV", "operator_show": "TenneT TSO GmbH", "name_show": "Pleinting - Plattling - Schwandorf" }, "geometry": { "type": "LineString", "coordinates": [ [ 12.8517615, 48.763261 ], [ 12.8535354, 48.7624378 ] ] } },
{ "type": "Feature", "properties": { "voltage_kv": "380 kV", "operator_show": "50Hertz Transmission", "name_show": "Ltg 481 und 482 Bertikow - Vierraden" }, "geometry": { "type": "LineString", "coordinates": [ [ 13.9543333, 53.2512774 ], [ 13.9710603, 53.1731993 ], [ 14.0820451, 53.1605412 ], [ 14.0966491, 53.135452799999989 ], [ 14.1794041, 53.1333055 ], [ 14.2088338, 53.1191494 ] ] } },
{ "type": "Feature", "properties": { "voltage_kv": "380 kV", "operator_show": "50Hertz Transmission", "name_show": "Ltg 482 Vierraden" }, "geometry": { "type": "LineString", "coordinates": [ [ 13.9557958, 53.252566 ], [ 13.9543333, 53.2512774 ] ] } },
{ "type": "Feature", "properties": { "voltage_kv": "380 kV", "operator_show": "50Hertz Transmission", "name_show": "C,D" }, "geometry": { "type": "LineString", "coordinates": [ [ 9.9126428, 53.484745599999975 ], [ 9.9104467, 53.4862974 ] ] } },
{ "type": "Feature", "properties": { "voltage_kv": "380 kV", "operator_show": "–", "name_show": "F" }, "geometry": { "type": "LineString", "coordinates": [ [ 9.9068111, 53.4870448 ], [ 9.9075929, 53.486587799999988 ] ] } },
{ "type": "Feature", "properties": { "voltage_kv": "380 kV; 110 kV", "operator_show": "TenneT", "name_show": "–" }, "geometry": { "type": "LineString", "coordinates": [ [ 9.9112072, 53.487583 ], [ 9.9102991, 53.4877619 ] ] } },
{ "type": "Feature", "properties": { "voltage_kv": "380 kV", "operator_show": "50Hertz Transmission", "name_show": "D" }, "geometry": { "type": "LineString", "coordinates": [ [ 9.9104467, 53.4862974 ], [ 9.9095484, 53.4863894 ] ] } },
{ "type": "Feature", "properties": { "voltage_kv": "450 kV", "operator_show": "–", "name_show": "Baltic Cable" }, "geometry": { "type": "LineString", "coordinates": [ [ 10.8023481, 53.895958 ], [ 10.802197, 53.8958378 ] ] } },
{ "type": "Feature", "properties": { "voltage_kv": "380 kV; 110 kV", "operator_show": "RWE", "name_show": "380 kV Paffendorf Süd; Selfkant weiß; 110 kV Auenheim Nord; Glesch Nord" }, "geometry": { "type": "LineString", "coordinates": [ [ 6.6636126, 50.9763337 ], [ 6.6217572, 50.9635666 ] ] } },
{ "type": "Feature", "properties": { "voltage_kv": "380 kV", "operator_show": "RWE", "name_show": "–" }, "geometry": { "type": "LineString", "coordinates": [ [ 6.6701425, 51.3160898 ], [ 6.7191942, 51.341299400000011 ] ] } },
{ "type": "Feature", "properties": { "voltage_kv": "380 kV; 220 kV; 110 kV", "operator_show": "RWE", "name_show": "–" }, "geometry": { "type": "LineString", "coordinates": [ [ 6.6380923, 51.2232812 ], [ 6.6511202, 51.2014068 ] ] } },
{ "type": "Feature", "properties": { "voltage_kv": "380 kV; 220 kV; 110 kV", "operator_show": "RWE", "name_show": "–" }, "geometry": { "type": "LineString", "coordinates": [ [ 6.6110927, 51.4709956 ], [ 6.5839531, 51.4395796 ] ] } },
{ "type": "Feature", "properties": { "voltage_kv": "380 kV; 110 kV", "operator_show": "Amprion;Westnetz", "name_show": "–" }, "geometry": { "type": "LineString", "coordinates": [ [ 6.3594776, 50.9057675 ], [ 6.3026688, 50.9376009 ], [ 6.2193727, 50.943371499999984 ] ] } },
{ "type": "Feature", "properties": { "voltage_kv": "380 kV; 110 kV; 110 kV", "operator_show": "Lechwerke", "name_show": "–" }, "geometry": { "type": "LineString", "coordinates": [ [ 10.7602764, 48.1042217 ], [ 10.783373, 48.025463 ] ] } },
{ "type": "Feature", "properties": { "voltage_kv": "380 kV", "operator_show": "Amprion", "name_show": "–" }, "geometry": { "type": "LineString", "coordinates": [ [ 6.7191942, 51.341299400000011 ], [ 6.7250828, 51.3432243 ] ] } },
{ "type": "Feature", "properties": { "voltage_kv": "380 kV", "operator_show": "Amprion", "name_show": "–" }, "geometry": { "type": "LineString", "coordinates": [ [ 10.83853, 48.235660099999976 ], [ 10.8402932, 48.2335591 ] ] } },
{ "type": "Feature", "properties": { "voltage_kv": "380 kV", "operator_show": "Lechwerke", "name_show": "–" }, "geometry": { "type": "LineString", "coordinates": [ [ 10.9286874, 48.239501300000015 ], [ 10.95392, 48.28029 ], [ 10.99693, 48.29017 ], [ 11.03999, 48.37057 ], [ 11.0327624, 48.3937138 ] ] } },
{ "type": "Feature", "properties": { "voltage_kv": "380 kV", "operator_show": "Amprion", "name_show": "–" }, "geometry": { "type": "LineString", "coordinates": [ [ 10.83853, 48.235660099999976 ], [ 10.8387789, 48.236814099999989 ] ] } },
{ "type": "Feature", "properties": { "voltage_kv": "380 kV; 110 kV", "operator_show": "Lechwerke", "name_show": "–" }, "geometry": { "type": "LineString", "coordinates": [ [ 10.8402932, 48.2335591 ], [ 10.9286874, 48.239501300000015 ] ] } },
{ "type": "Feature", "properties": { "voltage_kv": "380 kV; 220 kV; 110 kV", "operator_show": "Amprion", "name_show": "–" }, "geometry": { "type": "LineString", "coordinates": [ [ 6.7253519, 51.3600976 ], [ 6.7260848, 51.3575674 ] ] } },
{ "type": "Feature", "properties": { "voltage_kv": "380 kV; 0 kV", "operator_show": "RWE", "name_show": "Meerbusch West" }, "geometry": { "type": "LineString", "coordinates": [ [ 6.7191942, 51.341299400000011 ], [ 6.7203317, 51.3441236 ] ] } },
{ "type": "Feature", "properties": { "voltage_kv": "380 kV; 110 kV", "operator_show": "RWE", "name_show": "–" }, "geometry": { "type": "LineString", "coordinates": [ [ 6.7203317, 51.3441236 ], [ 6.7250828, 51.3432243 ] ] } },
{ "type": "Feature", "properties": { "voltage_kv": "380 kV; 110 kV", "operator_show": "Amprion GmbH;Westnetz GmbH", "name_show": "–" }, "geometry": { "type": "LineString", "coordinates": [ [ 6.7250828, 51.3432243 ], [ 6.7608444, 51.3199717 ], [ 6.7924513, 51.3260617 ] ] } },
{ "type": "Feature", "properties": { "voltage_kv": "380 kV; 0 kV", "operator_show": "Amprion", "name_show": "Meerbusch West+ANK" }, "geometry": { "type": "LineString", "coordinates": [ [ 6.7239155, 51.362652499999982 ], [ 6.7253519, 51.3600976 ] ] } },
{ "type": "Feature", "properties": { "voltage_kv": "380 kV; 110 kV", "operator_show": "RWE", "name_show": "–" }, "geometry": { "type": "LineString", "coordinates": [ [ 6.7238498, 51.352641099999985 ], [ 6.7203317, 51.3441236 ] ] } },
{ "type": "Feature", "properties": { "voltage_kv": "380 kV; 220 kV", "operator_show": "RWE", "name_show": "–" }, "geometry": { "type": "LineString", "coordinates": [ [ 6.7255944, 51.3548689 ], [ 6.7238498, 51.352641099999985 ] ] } },
{ "type": "Feature", "properties": { "voltage_kv": "380 kV; 220 kV", "operator_show": "RWE", "name_show": "–" }, "geometry": { "type": "LineString", "coordinates": [ [ 6.9263168, 51.501675 ], [ 6.9290783, 51.503478 ] ] } },
{ "type": "Feature", "properties": { "voltage_kv": "380 kV; 220 kV; 110 kV", "operator_show": "RWE", "name_show": "–" }, "geometry": { "type": "LineString", "coordinates": [ [ 6.9290783, 51.503478 ], [ 6.9854036, 51.5204731 ] ] } },
{ "type": "Feature", "properties": { "voltage_kv": "380 kV", "operator_show": "Amprion", "name_show": "380kV Kemnade Süd" }, "geometry": { "type": "LineString", "coordinates": [ [ 7.1663309, 51.38365 ], [ 7.1688598, 51.3793034 ] ] } },
{ "type": "Feature", "properties": { "voltage_kv": "380 kV; 110 kV", "operator_show": "Amprion;Westnetz", "name_show": "–" }, "geometry": { "type": "LineString", "coordinates": [ [ 7.5430412, 51.453188099999984 ], [ 7.6779236, 51.476679099999984 ], [ 7.7003377, 51.4994824 ] ] } },
{ "type": "Feature", "properties": { "voltage_kv": "380 kV; 220 kV", "operator_show": "TenneT TSO", "name_show": "Pleinting - Plattling - Schwandorf" }, "geometry": { "type": "LineString", "coordinates": [ [ 13.0973059, 48.6633339 ], [ 13.0309246, 48.6591907 ], [ 12.7728513, 48.7962849 ], [ 12.7645789, 48.8205338 ], [ 12.6501169, 48.8899122 ], [ 12.6378571, 48.9147714 ], [ 12.4794908, 48.9652524 ], [ 12.3809341, 49.0746884 ], [ 12.2787588, 49.1222564 ], [ 12.2369286, 49.2334928 ], [ 12.0876494, 49.259292 ], [ 12.0796507, 49.2931674 ] ] } },
{ "type": "Feature", "properties": { "voltage_kv": "380 kV", "operator_show": "TenneT", "name_show": "–" }, "geometry": { "type": "LineString", "coordinates": [ [ 6.94889, 52.19701 ], [ 6.96256, 52.19451320000001 ] ] } },
{ "type": "Feature", "properties": { "voltage_kv": "380 kV", "operator_show": "Lechwerke", "name_show": "–" }, "geometry": { "type": "LineString", "coordinates": [ [ 11.0317064, 48.3970927 ], [ 11.0253202, 48.450268899999983 ], [ 10.9736981, 48.4891134 ], [ 10.8622887, 48.5199471 ], [ 10.864679, 48.5385314 ] ] } },
{ "type": "Feature", "properties": { "voltage_kv": "380 kV", "operator_show": "RWE", "name_show": "380 kV Weisweiler Süd" }, "geometry": { "type": "LineString", "coordinates": [ [ 6.4266302, 50.832326700000017 ], [ 6.431578, 50.832316 ] ] } },
{ "type": "Feature", "properties": { "voltage_kv": "380 kV", "operator_show": "Amprion", "name_show": "–" }, "geometry": { "type": "LineString", "coordinates": [ [ 7.7003377, 51.4994824 ], [ 7.7376966, 51.5156347 ] ] } },
{ "type": "Feature", "properties": { "voltage_kv": "380 kV", "operator_show": "TenneT TSO GmbH", "name_show": "Aschaffenburg - Großkrotzenburg;Aschaffenburg - Grafenrheinfeld" }, "geometry": { "type": "LineString", "coordinates": [ [ 9.0887114, 49.97223240000001 ], [ 9.0892661, 49.9703332 ] ] } },
{ "type": "Feature", "properties": { "voltage_kv": "380 kV; 110 kV", "operator_show": "50Hertz Transmission", "name_show": "Ltg 961 (A) und 962 (B) Hamburg Nord - Hamburg Ost sowie MA 1 und MA 2" }, "geometry": { "type": "LineString", "coordinates": [ [ 9.9926556, 53.7420073 ], [ 10.0608302, 53.6876822 ] ] } },
{ "type": "Feature", "properties": { "voltage_kv": "380 kV", "operator_show": "EN_BW", "name_show": "APHSS-SIEFF;EGL-Wiesental Nord" }, "geometry": { "type": "LineString", "coordinates": [ [ 7.5151369, 47.6553439 ], [ 7.6206034, 47.6392188 ] ] } },
{ "type": "Feature", "properties": { "voltage_kv": "380 kV", "operator_show": "TransnetBW GmbH", "name_show": "–" }, "geometry": { "type": "LineString", "coordinates": [ [ 8.4812735, 48.009872199999982 ], [ 8.5305556, 47.9148482 ] ] } },
{ "type": "Feature", "properties": { "voltage_kv": "380 kV; 220 kV", "operator_show": "RWE", "name_show": "RWE 4516 Eiberg - Opladen" }, "geometry": { "type": "LineString", "coordinates": [ [ 7.0010618, 51.247487 ], [ 7.0298773, 51.206149799999977 ], [ 7.0039303, 51.1767074 ] ] } },
{ "type": "Feature", "properties": { "voltage_kv": "380 kV", "operator_show": "TransnetBW GmbH", "name_show": "LFBSS 380 kV, ENGST-KUHMO-VILLI 380 kV" }, "geometry": { "type": "LineString", "coordinates": [ [ 8.4215353, 47.8773891 ], [ 8.4170289, 47.8754014 ] ] } },
{ "type": "Feature", "properties": { "voltage_kv": "380 kV", "operator_show": "TransnetBW GmbH", "name_show": "Anlage 335 ; PULVE-OBJTT-ENGST 380 kV, OBJTT-ENGST 380 kV" }, "geometry": { "type": "LineString", "coordinates": [ [ 8.7874419, 48.581290699999975 ], [ 8.8357245, 48.4852073 ], [ 8.8894321, 48.4542765 ], [ 8.8631365, 48.3789316 ], [ 8.8724539, 48.343500400000018 ] ] } },
{ "type": "Feature", "properties": { "voltage_kv": "380 kV", "operator_show": "–", "name_show": "–" }, "geometry": { "type": "LineString", "coordinates": [ [ 7.7532972, 48.1009093 ], [ 7.7531678, 48.1002344 ] ] } },
{ "type": "Feature", "properties": { "voltage_kv": "380 kV; 220 kV", "operator_show": "TransnetBW GmbH", "name_show": "–" }, "geometry": { "type": "LineString", "coordinates": [ [ 7.7318042, 48.0637739 ], [ 7.7540321, 48.0930345 ] ] } },
{ "type": "Feature", "properties": { "voltage_kv": "380 kV", "operator_show": "RWE", "name_show": "380 kV Gilzem Ost;380kV Uchtelfangen West" }, "geometry": { "type": "LineString", "coordinates": [ [ 6.4788432, 49.9203123 ], [ 6.4782298, 49.9185773 ] ] } },
{ "type": "Feature", "properties": { "voltage_kv": "380 kV", "operator_show": "Amprion", "name_show": "–" }, "geometry": { "type": "LineString", "coordinates": [ [ 6.5327526, 50.392329599999989 ], [ 6.5312957, 50.3904057 ] ] } },
{ "type": "Feature", "properties": { "voltage_kv": "380 kV", "operator_show": "RWE", "name_show": "380 kV Weissweiler Nord|Süd" }, "geometry": { "type": "LineString", "coordinates": [ [ 6.4559022, 50.8711499 ], [ 6.4574237, 50.8694327 ] ] } },
{ "type": "Feature", "properties": { "voltage_kv": "380 kV", "operator_show": "Amprion", "name_show": "–" }, "geometry": { "type": "LineString", "coordinates": [ [ 6.5330299, 50.392446699999986 ], [ 6.5318015, 50.3900382 ] ] } },
{ "type": "Feature", "properties": { "voltage_kv": "380 kV", "operator_show": "–", "name_show": "380 kV Leichlingen West" }, "geometry": { "type": "LineString", "coordinates": [ [ 7.1214957, 51.1715234 ], [ 7.1214455, 51.1700984 ] ] } },
{ "type": "Feature", "properties": { "voltage_kv": "380 kV; 110 kV", "operator_show": "Amprion;Westnetz", "name_show": "RWE 4562 Ronsdorf - Bomig" }, "geometry": { "type": "LineString", "coordinates": [ [ 7.2188283, 51.2222353 ], [ 7.2329055, 51.2260386 ] ] } },
{ "type": "Feature", "properties": { "voltage_kv": "380 kV", "operator_show": "–", "name_show": "380 kV Dauersberg West" }, "geometry": { "type": "LineString", "coordinates": [ [ 7.1225053, 51.1724411 ], [ 7.1245226, 51.1735549 ] ] } },
{ "type": "Feature", "properties": { "voltage_kv": "380 kV; 110 kV", "operator_show": "Amprion", "name_show": "380 kV Siegtal Nord|Süd" }, "geometry": { "type": "LineString", "coordinates": [ [ 7.6809856, 50.7552327 ], [ 7.6002321, 50.7717609 ], [ 7.5557448, 50.7645869 ] ] } },
{ "type": "Feature", "properties": { "voltage_kv": "380 kV", "operator_show": "Amprion", "name_show": "Meitingen Nord;Süd" }, "geometry": { "type": "LineString", "coordinates": [ [ 10.41028, 48.5111658 ], [ 10.429424, 48.482232900000014 ], [ 10.6343104, 48.5352927 ], [ 10.8112005, 48.5278269 ], [ 10.8647468, 48.539321199999982 ] ] } },
{ "type": "Feature", "properties": { "voltage_kv": "380 kV", "operator_show": "Amprion", "name_show": "–" }, "geometry": { "type": "LineString", "coordinates": [ [ 7.8613227, 50.7685134 ], [ 7.8589297, 50.7712313 ] ] } },
{ "type": "Feature", "properties": { "voltage_kv": "380 kV; 110 kV", "operator_show": "RWE", "name_show": "–" }, "geometry": { "type": "LineString", "coordinates": [ [ 7.8592735, 50.7699966 ], [ 7.724434, 50.7586503 ] ] } },
{ "type": "Feature", "properties": { "voltage_kv": "380 kV", "operator_show": "RWE", "name_show": "380 kV Siegtal Nord+Süd" }, "geometry": { "type": "LineString", "coordinates": [ [ 7.860857, 50.7681967 ], [ 7.8592735, 50.7699966 ] ] } },
{ "type": "Feature", "properties": { "voltage_kv": "380 kV", "operator_show": "RWE", "name_show": "–" }, "geometry": { "type": "LineString", "coordinates": [ [ 7.8687206, 50.7645429 ], [ 7.864887, 50.7662563 ] ] } },
{ "type": "Feature", "properties": { "voltage_kv": "380 kV; 220 kV", "operator_show": "Amprion", "name_show": "380 kV Knechtsteden West;St. Peter Süd;220 kV Frixheim Nord|Süd" }, "geometry": { "type": "LineString", "coordinates": [ [ 6.738083, 51.0283419 ], [ 6.7069393, 51.0169769 ] ] } },
{ "type": "Feature", "properties": { "voltage_kv": "380 kV", "operator_show": "Amprion", "name_show": "380 kV Knechtsteden West;St. Peter Süd" }, "geometry": { "type": "LineString", "coordinates": [ [ 6.7056413, 51.010958699999982 ], [ 6.7069393, 51.0169769 ] ] } },
{ "type": "Feature", "properties": { "voltage_kv": "380 kV", "operator_show": "Amprion", "name_show": "–" }, "geometry": { "type": "LineString", "coordinates": [ [ 6.2079386, 50.9441647 ], [ 6.2140987, 50.9435798 ] ] } },
{ "type": "Feature", "properties": { "voltage_kv": "380 kV", "operator_show": "–", "name_show": "–" }, "geometry": { "type": "LineString", "coordinates": [ [ 7.7488041, 47.6284232 ], [ 7.7529392, 47.540561 ] ] } },
{ "type": "Feature", "properties": { "voltage_kv": "380 kV", "operator_show": "–", "name_show": "–" }, "geometry": { "type": "LineString", "coordinates": [ [ 7.9519306, 47.5964343 ], [ 7.9550471, 47.5967492 ] ] } },
{ "type": "Feature", "properties": { "voltage_kv": "380 kV", "operator_show": "Schluchseewerk AG", "name_show": "–" }, "geometry": { "type": "LineString", "coordinates": [ [ 7.9594533, 47.6012865 ], [ 7.9577022, 47.5971058 ] ] } },
{ "type": "Feature", "properties": { "voltage_kv": "380 kV", "operator_show": "Schluchseewerk AG", "name_show": "–" }, "geometry": { "type": "LineString", "coordinates": [ [ 7.9600094, 47.596778 ], [ 7.9594533, 47.6012865 ] ] } },
{ "type": "Feature", "properties": { "voltage_kv": "380 kV", "operator_show": "LEW", "name_show": "–" }, "geometry": { "type": "LineString", "coordinates": [ [ 10.3922174, 48.5181127 ], [ 10.3944469, 48.5186523 ] ] } },
{ "type": "Feature", "properties": { "voltage_kv": "380 kV", "operator_show": "Amprion", "name_show": "Günzburg Nord;Süd" }, "geometry": { "type": "LineString", "coordinates": [ [ 10.411652, 48.5078619 ], [ 10.41028, 48.5111658 ] ] } },
{ "type": "Feature", "properties": { "voltage_kv": "380 kV", "operator_show": "–", "name_show": "–" }, "geometry": { "type": "LineString", "coordinates": [ [ 10.4007828, 48.514507499999986 ], [ 10.4002842, 48.5144076 ] ] } },
{ "type": "Feature", "properties": { "voltage_kv": "380 kV", "operator_show": "Amprion", "name_show": "–" }, "geometry": { "type": "LineString", "coordinates": [ [ 10.41028, 48.5111658 ], [ 10.3943344, 48.5190638 ] ] } },
{ "type": "Feature", "properties": { "voltage_kv": "380 kV; 220 kV", "operator_show": "Amprion", "name_show": "Ensdorf - Uchtelfangen" }, "geometry": { "type": "LineString", "coordinates": [ [ 6.7897011, 49.2940201 ], [ 6.7760147, 49.291977099999976 ] ] } },
{ "type": "Feature", "properties": { "voltage_kv": "380 kV; 220 kV", "operator_show": "RWE", "name_show": "–" }, "geometry": { "type": "LineString", "coordinates": [ [ 6.684384, 51.5748504 ], [ 6.6827134, 51.5758502 ] ] } },
{ "type": "Feature", "properties": { "voltage_kv": "380 kV; 220 kV", "operator_show": "RWE", "name_show": "380 kV Gilzem Ost;Uchtelfangen West;220 kV Niederstedem Ost" }, "geometry": { "type": "LineString", "coordinates": [ [ 6.5684453, 49.7993591 ], [ 6.5667245, 49.8017566 ] ] } },
{ "type": "Feature", "properties": { "voltage_kv": "380 kV", "operator_show": "Amprion", "name_show": "380kV Dauersberg West+Leichlingen Ost" }, "geometry": { "type": "LineString", "coordinates": [ [ 7.2155051, 51.218566 ], [ 7.2188283, 51.2222353 ] ] } },
{ "type": "Feature", "properties": { "voltage_kv": "380 kV; 220 kV", "operator_show": "RWE", "name_show": "RWE 4561 Opladen - Ronsdorf" }, "geometry": { "type": "LineString", "coordinates": [ [ 7.1245226, 51.1735549 ], [ 7.1511964, 51.2040663 ], [ 7.2155051, 51.218566 ] ] } },
{ "type": "Feature", "properties": { "voltage_kv": "380 kV", "operator_show": "–", "name_show": "380 kV Leichlingen Ost" }, "geometry": { "type": "LineString", "coordinates": [ [ 7.1245226, 51.1735549 ], [ 7.1214455, 51.1700984 ] ] } },
{ "type": "Feature", "properties": { "voltage_kv": "380 kV", "operator_show": "Amprion", "name_show": "380kV Leichlingen Ost+Dauersberg Ost" }, "geometry": { "type": "LineString", "coordinates": [ [ 7.2329055, 51.2260386 ], [ 7.2320083, 51.2300215 ] ] } },
{ "type": "Feature", "properties": { "voltage_kv": "380 kV; 220 kV", "operator_show": "RWE", "name_show": "–" }, "geometry": { "type": "LineString", "coordinates": [ [ 6.7093697, 51.361628 ], [ 6.7035127, 51.3705245 ] ] } },
{ "type": "Feature", "properties": { "voltage_kv": "380 kV; 380 kV; 110 kV", "operator_show": "TenneT TSO GmbH", "name_show": "Grafenrheinfeld - Eltmann;Grafenrheinfeld - Oberhaid;Eltmann - Knetzgau" }, "geometry": { "type": "LineString", "coordinates": [ [ 10.5659797, 49.9787868 ], [ 10.5618046, 49.9785487 ] ] } },
{ "type": "Feature", "properties": { "voltage_kv": "380 kV; 380 kV; 110 kV; 110 kV", "operator_show": "TenneT TSO GmbH;E.ON Netz GmbH", "name_show": "Grafenrheinfeld - Eltmann;Grafenrheinfeld - Oberhaid;Haßfurt - Heidenfeld - Schwebheim;Brünnstadt - Knetzgau" }, "geometry": { "type": "LineString", "coordinates": [ [ 10.5558179, 49.9781661 ], [ 10.4600925, 49.9906626 ], [ 10.301581, 49.9663445 ], [ 10.2385577, 49.9730131 ] ] } },
{ "type": "Feature", "properties": { "voltage_kv": "380 kV", "operator_show": "–", "name_show": "Grafenrheinfeld - Oberhaid" }, "geometry": { "type": "LineString", "coordinates": [ [ 10.6657834, 49.9764618 ], [ 10.6606693, 49.975222599999988 ] ] } },
{ "type": "Feature", "properties": { "voltage_kv": "380 kV; 110 kV", "operator_show": "–", "name_show": "Eltmann - Redwitz;Oberhaid - Redwitz;Bamberg-Nord - Würgau" }, "geometry": { "type": "LineString", "coordinates": [ [ 10.910997, 49.9333715 ], [ 10.9948634, 49.9670688 ], [ 11.0945842, 49.966837 ], [ 11.1042919, 49.9777036 ] ] } },
{ "type": "Feature", "properties": { "voltage_kv": "380 kV; 110 kV", "operator_show": "RWE", "name_show": "380 kV Selfkant Weiß; 380 kV Paffendorf Süd; 110 kV Glesch Süd; Grefrath West" }, "geometry": { "type": "LineString", "coordinates": [ [ 6.6863836, 50.9659613 ], [ 6.6722787, 50.96977459999998 ] ] } },
{ "type": "Feature", "properties": { "voltage_kv": "380 kV; 110 kV", "operator_show": "RWE", "name_show": "380 kV Selfkant Weiß; 380 kV Paffendorf Süd; 110 kV Glesch Süd; Grefrath West" }, "geometry": { "type": "LineString", "coordinates": [ [ 6.6722787, 50.96977459999998 ], [ 6.6666117, 50.9744368 ] ] } },
{ "type": "Feature", "properties": { "voltage_kv": "380 kV; 110 kV", "operator_show": "RWE", "name_show": "380 kV Selfkant Weiß; 380 kV Paffendorf Süd; 110 kV Glesch Süd; Grefrath Ost" }, "geometry": { "type": "LineString", "coordinates": [ [ 6.697201, 50.9701703 ], [ 6.6863836, 50.9659613 ] ] } },
{ "type": "Feature", "properties": { "voltage_kv": "380 kV", "operator_show": "RWE", "name_show": "380 kV Neurath 2b|3c" }, "geometry": { "type": "LineString", "coordinates": [ [ 6.6116461, 51.0364358 ], [ 6.6087923, 51.0346788 ] ] } },
{ "type": "Feature", "properties": { "voltage_kv": "380 kV; 220 kV", "operator_show": "RWE", "name_show": "380 kV Neurath 2b; 220 kV Neurath 1a" }, "geometry": { "type": "LineString", "coordinates": [ [ 6.6120796, 51.03451840000001 ], [ 6.6087923, 51.0346788 ] ] } },
{ "type": "Feature", "properties": { "voltage_kv": "380 kV", "operator_show": "TransnetBW", "name_show": "Grafenrheinfeld - Kupferzell" }, "geometry": { "type": "LineString", "coordinates": [ [ 9.6992351, 49.2345535 ], [ 9.6963876, 49.233028899999987 ] ] } },
{ "type": "Feature", "properties": { "voltage_kv": "380 kV; 110 kV", "operator_show": "Energieversorgung Schwaben AG", "name_show": "Grafenrheinfeld - Kupferzell" }, "geometry": { "type": "LineString", "coordinates": [ [ 9.8677213, 49.459207499999984 ], [ 9.8797194, 49.4302719 ] ] } },
{ "type": "Feature", "properties": { "voltage_kv": "380 kV", "operator_show": "Energieversorgung Schwaben AG", "name_show": "Grafenrheinfeld - Kupferzell" }, "geometry": { "type": "LineString", "coordinates": [ [ 9.8797194, 49.4302719 ], [ 9.8763522, 49.3987047 ] ] } },
{ "type": "Feature", "properties": { "voltage_kv": "380 kV", "operator_show": "–", "name_show": "HUEFF-WIESL-NEURO" }, "geometry": { "type": "LineString", "coordinates": [ [ 8.6753755, 49.3066213 ], [ 8.6700993, 49.3092023 ] ] } },
{ "type": "Feature", "properties": { "voltage_kv": "380 kV", "operator_show": "Amprion", "name_show": "Vöhringen - Gundremmingen" }, "geometry": { "type": "LineString", "coordinates": [ [ 10.0546761, 48.3111892 ], [ 10.1140477, 48.3279061 ], [ 10.2522662, 48.409706399999983 ] ] } },
{ "type": "Feature", "properties": { "voltage_kv": "380 kV", "operator_show": "Netze BW GmbH", "name_show": "–" }, "geometry": { "type": "LineString", "coordinates": [ [ 9.1399292, 49.1582246 ], [ 9.143244, 49.1499291 ] ] } },
{ "type": "Feature", "properties": { "voltage_kv": "380 kV; 220 kV; 110 kV", "operator_show": "EnBW", "name_show": "HUEFF-WIESL-NEURO;WIESL-NEURO;LEIMN-WIESL-BAIER" }, "geometry": { "type": "LineString", "coordinates": [ [ 8.6725803, 49.304532299999984 ], [ 8.6736952, 49.2911635 ] ] } },
{ "type": "Feature", "properties": { "voltage_kv": "380 kV", "operator_show": "–", "name_show": "HUEFF-WIESL-NEURO" }, "geometry": { "type": "LineString", "coordinates": [ [ 8.7539107, 49.308671299999986 ], [ 8.7189121, 49.3051573 ] ] } },
{ "type": "Feature", "properties": { "voltage_kv": "380 kV", "operator_show": "EnBW", "name_show": "HUEFF-WIESL-NEURO" }, "geometry": { "type": "LineString", "coordinates": [ [ 8.6736952, 49.2911635 ], [ 8.6744594, 49.290377 ] ] } },
{ "type": "Feature", "properties": { "voltage_kv": "380 kV", "operator_show": "–", "name_show": "Großkrotzenburg - Grafenrheinfeld;Aschaffenburg - Grafenrheinfeld" }, "geometry": { "type": "LineString", "coordinates": [ [ 10.1818184, 49.9818993 ], [ 10.1626631, 49.986293499999988 ] ] } },
{ "type": "Feature", "properties": { "voltage_kv": "380 kV", "operator_show": "TenneT TSO", "name_show": "–" }, "geometry": { "type": "LineString", "coordinates": [ [ 9.0957174, 51.163896699999988 ], [ 9.0708662, 51.2338138 ], [ 8.9989875, 51.2629158 ], [ 8.9922722, 51.341691399999988 ] ] } },
{ "type": "Feature", "properties": { "voltage_kv": "380 kV; 110 kV", "operator_show": "50Hertz Transmission", "name_show": "Ltg 419 Krümmel - Görries und 420 Krümmel - Wessin" }, "geometry": { "type": "LineString", "coordinates": [ [ 10.5070512, 53.5146816 ], [ 10.5483403, 53.5505636 ] ] } },
{ "type": "Feature", "properties": { "voltage_kv": "380 kV; 110 kV", "operator_show": "50Hertz Transmission", "name_show": "Ltg 991 und 992 Krümmel - Hamburg Ost" }, "geometry": { "type": "LineString", "coordinates": [ [ 10.4194294, 53.415257699999984 ], [ 10.4362868, 53.4258242 ], [ 10.4104566, 53.4475842 ], [ 10.2977153, 53.487445699999988 ], [ 10.2527091, 53.4880364 ], [ 10.212389, 53.5167717 ], [ 10.1631933, 53.5212083 ], [ 10.1592769, 53.5511302 ] ] } },
{ "type": "Feature", "properties": { "voltage_kv": "380 kV", "operator_show": "50Hertz Transmission", "name_show": "Ltg 991 und 992 Krümmel - Hamburg Ost" }, "geometry": { "type": "LineString", "coordinates": [ [ 10.4140774, 53.4150909 ], [ 10.4194294, 53.415257699999984 ] ] } },
{ "type": "Feature", "properties": { "voltage_kv": "380 kV", "operator_show": "Amprion", "name_show": "380kV Sauerland Nord+Süd" }, "geometry": { "type": "LineString", "coordinates": [ [ 8.3573362, 51.3082978 ], [ 8.380139, 51.3417163 ] ] } },
{ "type": "Feature", "properties": { "voltage_kv": "380 kV; 220 kV", "operator_show": "Amprion", "name_show": "–" }, "geometry": { "type": "LineString", "coordinates": [ [ 10.6583142, 47.559233099999986 ], [ 10.6325039, 47.5861441 ], [ 10.5524703, 47.6059608 ], [ 10.5048633, 47.6436027 ], [ 10.376208, 47.668989 ], [ 10.3664659, 47.7385109 ] ] } },
{ "type": "Feature", "properties": { "voltage_kv": "380 kV", "operator_show": "Lechwerke", "name_show": "–" }, "geometry": { "type": "LineString", "coordinates": [ [ 11.0327624, 48.3937138 ], [ 11.0316812, 48.3952092 ] ] } },
{ "type": "Feature", "properties": { "voltage_kv": "380 kV", "operator_show": "Lechwerke", "name_show": "–" }, "geometry": { "type": "LineString", "coordinates": [ [ 11.0327624, 48.3937138 ], [ 11.0317064, 48.3970927 ] ] } },
{ "type": "Feature", "properties": { "voltage_kv": "380 kV", "operator_show": "–", "name_show": "–" }, "geometry": { "type": "LineString", "coordinates": [ [ 7.2389467, 49.36186020000001 ], [ 7.2396134, 49.3600082 ] ] } },
{ "type": "Feature", "properties": { "voltage_kv": "380 kV", "operator_show": "Amprion", "name_show": "–" }, "geometry": { "type": "LineString", "coordinates": [ [ 7.2334541, 49.368814799999988 ], [ 7.2346156, 49.3700015 ] ] } },
{ "type": "Feature", "properties": { "voltage_kv": "380 kV", "operator_show": "Amprion", "name_show": "380 kV Gilzem Ostt" }, "geometry": { "type": "LineString", "coordinates": [ [ 6.8133603, 49.7241784 ], [ 6.8124059, 49.7236231 ] ] } },
{ "type": "Feature", "properties": { "voltage_kv": "380 kV; 220 kV", "operator_show": "–", "name_show": "–" }, "geometry": { "type": "LineString", "coordinates": [ [ 7.9524142, 47.5957386 ], [ 7.9433458, 47.5952826 ] ] } },
{ "type": "Feature", "properties": { "voltage_kv": "380 kV", "operator_show": "EnBW;Amprion", "name_show": "Kühmoos - Daxlanden" }, "geometry": { "type": "LineString", "coordinates": [ [ 7.754967, 48.0995038 ], [ 7.7558144, 48.0987176 ] ] } },
{ "type": "Feature", "properties": { "voltage_kv": "380 kV", "operator_show": "–", "name_show": "–" }, "geometry": { "type": "LineString", "coordinates": [ [ 7.9569732, 47.5978392 ], [ 7.9550471, 47.5967492 ] ] } },
{ "type": "Feature", "properties": { "voltage_kv": "380 kV", "operator_show": "TransnetBW", "name_show": "–" }, "geometry": { "type": "LineString", "coordinates": [ [ 7.9663026, 47.594675 ], [ 7.9953862, 47.5783675 ] ] } },
{ "type": "Feature", "properties": { "voltage_kv": "380 kV", "operator_show": "TransnetBW", "name_show": "–" }, "geometry": { "type": "LineString", "coordinates": [ [ 7.9640998, 47.5968971 ], [ 7.9663026, 47.594675 ] ] } },
{ "type": "Feature", "properties": { "voltage_kv": "380 kV", "operator_show": "–", "name_show": "–" }, "geometry": { "type": "LineString", "coordinates": [ [ 7.9550471, 47.5967492 ], [ 7.9524142, 47.5957386 ] ] } },
{ "type": "Feature", "properties": { "voltage_kv": "380 kV", "operator_show": "Schluchseewerk AG", "name_show": "–" }, "geometry": { "type": "LineString", "coordinates": [ [ 7.9594533, 47.6012865 ], [ 7.964358, 47.6246624 ], [ 7.9368951, 47.6491104 ] ] } },
{ "type": "Feature", "properties": { "voltage_kv": "380 kV", "operator_show": "–", "name_show": "400 KV" }, "geometry": { "type": "LineString", "coordinates": [ [ 7.2396134, 49.3600082 ], [ 7.2409553, 49.358332599999983 ] ] } },
{ "type": "Feature", "properties": { "voltage_kv": "380 kV; 220 kV; 110 kV", "operator_show": "Amprion", "name_show": "380 kV Uchtelfangen Ost|West;220 kV Osburg;110kV Mandern Ost" }, "geometry": { "type": "LineString", "coordinates": [ [ 6.8124059, 49.7236231 ], [ 6.8912312, 49.6824666 ], [ 6.8895693, 49.6468746 ] ] } },
{ "type": "Feature", "properties": { "voltage_kv": "380 kV; 220 kV", "operator_show": "Amprion", "name_show": "380 kV Gilzem Ost; Uchtelfangen West; 220 kV Osburg" }, "geometry": { "type": "LineString", "coordinates": [ [ 6.8114974, 49.7247265 ], [ 6.8124059, 49.7236231 ] ] } },
{ "type": "Feature", "properties": { "voltage_kv": "380 kV; 380 kV; 110 kV", "operator_show": "–", "name_show": "Kriegenbrunn - Redwitz;Raitersaich - Würgau;Forchheim - Ludersheim" }, "geometry": { "type": "LineString", "coordinates": [ [ 11.082743, 49.7019697 ], [ 11.1213407, 49.695722499999974 ] ] } },
{ "type": "Feature", "properties": { "voltage_kv": "380 kV", "operator_show": "TenneT TSO", "name_show": "–" }, "geometry": { "type": "LineString", "coordinates": [ [ 8.6192091, 50.0925124 ], [ 8.6178568, 50.0925855 ] ] } },
{ "type": "Feature", "properties": { "voltage_kv": "380 kV; 110 kV", "operator_show": "TenneT TSO", "name_show": "3011 und Bahnstrom Höchst-Friedberg;Höchst-Rödelheim" }, "geometry": { "type": "LineString", "coordinates": [ [ 8.5887849, 50.133948 ], [ 8.6031634, 50.109580099999988 ] ] } },
{ "type": "Feature", "properties": { "voltage_kv": "380 kV", "operator_show": "–", "name_show": "–" }, "geometry": { "type": "LineString", "coordinates": [ [ 8.2845515, 50.7584608 ], [ 8.2863728, 50.7577905 ] ] } },
{ "type": "Feature", "properties": { "voltage_kv": "380 kV; 220 kV", "operator_show": "TransnetBW", "name_show": "–" }, "geometry": { "type": "LineString", "coordinates": [ [ 7.9953862, 47.5783675 ], [ 8.0350968, 47.5606405 ] ] } },
{ "type": "Feature", "properties": { "voltage_kv": "380 kV; 220 kV", "operator_show": "TransnetBW", "name_show": "–" }, "geometry": { "type": "LineString", "coordinates": [ [ 8.0396091, 47.5609839 ], [ 8.0393837, 47.5590574 ] ] } },
{ "type": "Feature", "properties": { "voltage_kv": "380 kV; 220 kV", "operator_show": "–", "name_show": "–" }, "geometry": { "type": "LineString", "coordinates": [ [ 8.0350968, 47.5606405 ], [ 8.0451788, 47.5526168 ] ] } },
{ "type": "Feature", "properties": { "voltage_kv": "380 kV", "operator_show": "–", "name_show": "–" }, "geometry": { "type": "LineString", "coordinates": [ [ 7.9640998, 47.5968971 ], [ 7.9666633, 47.5950182 ] ] } },
{ "type": "Feature", "properties": { "voltage_kv": "380 kV; 220 kV", "operator_show": "–", "name_show": "–" }, "geometry": { "type": "LineString", "coordinates": [ [ 8.0354149, 47.561071 ], [ 8.045706, 47.5528114 ] ] } },
{ "type": "Feature", "properties": { "voltage_kv": "380 kV", "operator_show": "RWE", "name_show": "380kV Westfalen West" }, "geometry": { "type": "LineString", "coordinates": [ [ 7.1367619, 51.5250955 ], [ 7.1344475, 51.5237388 ] ] } },
{ "type": "Feature", "properties": { "voltage_kv": "380 kV; 220 kV", "operator_show": "RWE", "name_show": "–" }, "geometry": { "type": "LineString", "coordinates": [ [ 7.1367619, 51.5250955 ], [ 7.1315819, 51.5499439 ] ] } },
{ "type": "Feature", "properties": { "voltage_kv": "380 kV; 110 kV", "operator_show": "RWE", "name_show": "–" }, "geometry": { "type": "LineString", "coordinates": [ [ 7.1344475, 51.5237388 ], [ 7.125393, 51.5247574 ] ] } },
{ "type": "Feature", "properties": { "voltage_kv": "380 kV; 110 kV", "operator_show": "RWE", "name_show": "110 kV Bommersheim Nord|Süd" }, "geometry": { "type": "LineString", "coordinates": [ [ 8.5816747, 50.1330228 ], [ 8.5869251, 50.135291299999984 ] ] } },
{ "type": "Feature", "properties": { "voltage_kv": "380 kV", "operator_show": "RWE", "name_show": "380 kV Trebur Nord+Süd;Hessen Ost" }, "geometry": { "type": "LineString", "coordinates": [ [ 8.4419733, 50.0598144 ], [ 8.4819767, 50.0787505 ] ] } },
{ "type": "Feature", "properties": { "voltage_kv": "380 kV", "operator_show": "RWE", "name_show": "Recklinghausen+Westfalen West" }, "geometry": { "type": "LineString", "coordinates": [ [ 7.0967556, 51.6100755 ], [ 7.0530482, 51.6465253 ] ] } },
{ "type": "Feature", "properties": { "voltage_kv": "380 kV", "operator_show": "RWE", "name_show": "380 kV Hessen Ost;Trebur Nord+Süd" }, "geometry": { "type": "LineString", "coordinates": [ [ 8.471747, 50.094984099999984 ], [ 8.4770729, 50.0935549 ] ] } },
{ "type": "Feature", "properties": { "voltage_kv": "380 kV", "operator_show": "Amprion", "name_show": "–" }, "geometry": { "type": "LineString", "coordinates": [ [ 7.2334541, 49.368814799999988 ], [ 7.2349386, 49.3694954 ] ] } },
{ "type": "Feature", "properties": { "voltage_kv": "380 kV", "operator_show": "RWE", "name_show": "380kV Recklinghausen+ANK" }, "geometry": { "type": "LineString", "coordinates": [ [ 7.1393281, 51.5569777 ], [ 7.1396401, 51.555274699999984 ] ] } },
{ "type": "Feature", "properties": { "voltage_kv": "380 kV", "operator_show": "RWE", "name_show": "380kV Recklinghausen + ?" }, "geometry": { "type": "LineString", "coordinates": [ [ 7.1401651, 51.5525899 ], [ 7.1396401, 51.555274699999984 ] ] } },
{ "type": "Feature", "properties": { "voltage_kv": "380 kV; 110 kV", "operator_show": "Amprion GmbH", "name_show": "110 kV Eschborn Süd;Bommersheim Nord;10kV Sulzbach Ost" }, "geometry": { "type": "LineString", "coordinates": [ [ 8.4851705, 50.0984446 ], [ 8.5816747, 50.1330228 ] ] } },
{ "type": "Feature", "properties": { "voltage_kv": "380 kV", "operator_show": "TenneT TSO", "name_show": "302" }, "geometry": { "type": "LineString", "coordinates": [ [ 8.062549, 53.329352 ], [ 8.0559708, 53.3317741 ] ] } },
{ "type": "Feature", "properties": { "voltage_kv": "380 kV", "operator_show": "RWE", "name_show": "Vigy - Ensdorf (380kV)" }, "geometry": { "type": "LineString", "coordinates": [ [ 6.6692668, 49.2728289 ], [ 6.7241529, 49.2787503 ] ] } },
{ "type": "Feature", "properties": { "voltage_kv": "380 kV", "operator_show": "Amprion", "name_show": "–" }, "geometry": { "type": "LineString", "coordinates": [ [ 6.9908181, 49.373962 ], [ 6.9939364, 49.373816 ] ] } },
{ "type": "Feature", "properties": { "voltage_kv": "400 kV", "operator_show": "RTE", "name_show": "Liaison 400 kV n°1 Eichstetten - Muhlbach" }, "geometry": { "type": "LineString", "coordinates": [ [ 7.5840187, 48.0110898 ], [ 7.5877767, 48.0144851 ] ] } },
{ "type": "Feature", "properties": { "voltage_kv": "380 kV", "operator_show": "–", "name_show": "–" }, "geometry": { "type": "LineString", "coordinates": [ [ 7.7268638, 49.4846218 ], [ 7.7278488, 49.4840862 ] ] } },
{ "type": "Feature", "properties": { "voltage_kv": "380 kV; 220 kV; 110 kV", "operator_show": "Amprion", "name_show": "380kV Bliestal Süd, 380kV Bürstadt Ltg." }, "geometry": { "type": "LineString", "coordinates": [ [ 6.991451, 49.3772301 ], [ 7.009968, 49.385222 ] ] } },
{ "type": "Feature", "properties": { "voltage_kv": "380 kV", "operator_show": "Amprion", "name_show": "–" }, "geometry": { "type": "LineString", "coordinates": [ [ 7.009968, 49.385222 ], [ 7.0118438, 49.385504199999986 ] ] } },
{ "type": "Feature", "properties": { "voltage_kv": "380 kV", "operator_show": "RWE", "name_show": "–" }, "geometry": { "type": "LineString", "coordinates": [ [ 8.4770729, 50.0935549 ], [ 8.4896182, 50.0872062 ] ] } },
{ "type": "Feature", "properties": { "voltage_kv": "380 kV", "operator_show": "Amprion;Süwag", "name_show": "380 kV Hessen Ost;Trebur Nord|Süd;110 kV Kriftel Nord" }, "geometry": { "type": "LineString", "coordinates": [ [ 8.4896182, 50.0872062 ], [ 8.4819767, 50.0787505 ] ] } },
{ "type": "Feature", "properties": { "voltage_kv": "380 kV; 220 kV; 110 kV", "operator_show": "RWE", "name_show": "–" }, "geometry": { "type": "LineString", "coordinates": [ [ 6.6347823, 51.6218746 ], [ 6.6334433, 51.6162098 ] ] } },
{ "type": "Feature", "properties": { "voltage_kv": "380 kV; 220 kV; 110 kV", "operator_show": "RWE", "name_show": "–" }, "geometry": { "type": "LineString", "coordinates": [ [ 6.6355118, 51.6248959 ], [ 6.6347823, 51.6218746 ] ] } },
{ "type": "Feature", "properties": { "voltage_kv": "380 kV; 220 kV", "operator_show": "TransnetBW GmbH", "name_show": "–" }, "geometry": { "type": "LineString", "coordinates": [ [ 7.5877767, 48.0144851 ], [ 7.6855105, 48.0301452 ], [ 7.7318042, 48.0637739 ] ] } },
{ "type": "Feature", "properties": { "voltage_kv": "380 kV; 220 kV", "operator_show": "RWE", "name_show": "–" }, "geometry": { "type": "LineString", "coordinates": [ [ 6.7039065, 51.5583999 ], [ 6.6896804, 51.575408 ] ] } },
{ "type": "Feature", "properties": { "voltage_kv": "380 kV", "operator_show": "Amprion", "name_show": "–" }, "geometry": { "type": "LineString", "coordinates": [ [ 6.7130751, 51.5263499 ], [ 6.711626, 51.5259703 ] ] } },
{ "type": "Feature", "properties": { "voltage_kv": "380 kV", "operator_show": "RWE", "name_show": "380kV Niederrhein West+Zensenbusch Süd" }, "geometry": { "type": "LineString", "coordinates": [ [ 6.7130751, 51.5263499 ], [ 6.7131604, 51.5273688 ] ] } },
{ "type": "Feature", "properties": { "voltage_kv": "380 kV; 220 kV; 110 kV; 25 kV", "operator_show": "RWE", "name_show": "–" }, "geometry": { "type": "LineString", "coordinates": [ [ 6.6463866, 51.6071168 ], [ 6.6596341, 51.5995479 ] ] } },
{ "type": "Feature", "properties": { "voltage_kv": "380 kV; 220 kV; 110 kV", "operator_show": "RWE", "name_show": "–" }, "geometry": { "type": "LineString", "coordinates": [ [ 6.6334433, 51.6162098 ], [ 6.6290144, 51.6137688 ] ] } },
{ "type": "Feature", "properties": { "voltage_kv": "380 kV; 220 kV", "operator_show": "RWE", "name_show": "–" }, "geometry": { "type": "LineString", "coordinates": [ [ 6.6290144, 51.6137688 ], [ 6.6463866, 51.6071168 ] ] } },
{ "type": "Feature", "properties": { "voltage_kv": "380 kV; 220 kV", "operator_show": "RWE", "name_show": "–" }, "geometry": { "type": "LineString", "coordinates": [ [ 6.6596341, 51.5995479 ], [ 6.6827134, 51.5758502 ] ] } },
{ "type": "Feature", "properties": { "voltage_kv": "380 kV; 220 kV; 110 kV", "operator_show": "RWE", "name_show": "–" }, "geometry": { "type": "LineString", "coordinates": [ [ 6.7168451, 51.534577899999981 ], [ 6.7039065, 51.5583999 ] ] } },
{ "type": "Feature", "properties": { "voltage_kv": "380 kV", "operator_show": "RWE", "name_show": "380kV Trebur Nord" }, "geometry": { "type": "LineString", "coordinates": [ [ 8.4743155, 50.0566113 ], [ 8.4397332, 50.0585772 ] ] } },
{ "type": "Feature", "properties": { "voltage_kv": "380 kV", "operator_show": "TenneT", "name_show": "–" }, "geometry": { "type": "LineString", "coordinates": [ [ 8.5636151, 53.0342929 ], [ 8.5635105, 53.0331627 ] ] } },
{ "type": "Feature", "properties": { "voltage_kv": "380 kV", "operator_show": "TransnetBW GmbH", "name_show": "–" }, "geometry": { "type": "LineString", "coordinates": [ [ 9.8852041, 48.3065479 ], [ 9.8853521, 48.305798 ] ] } },
{ "type": "Feature", "properties": { "voltage_kv": "380 kV", "operator_show": "Amprion GmbH;TransnetBW GmbH", "name_show": "Donauleitung" }, "geometry": { "type": "LineString", "coordinates": [ [ 9.7039601, 48.465995200000016 ], [ 9.7072564, 48.464823499999987 ] ] } },
{ "type": "Feature", "properties": { "voltage_kv": "380 kV", "operator_show": "TransnetBW GmbH", "name_show": "Dellmensingen - Obermooweiler" }, "geometry": { "type": "LineString", "coordinates": [ [ 9.8870686, 48.302189499999976 ], [ 9.8852488, 48.3030426 ] ] } },
{ "type": "Feature", "properties": { "voltage_kv": "380 kV", "operator_show": "Amprion", "name_show": "Donau-Ost" }, "geometry": { "type": "LineString", "coordinates": [ [ 9.8852041, 48.3065479 ], [ 9.8871816, 48.3046945 ] ] } },
{ "type": "Feature", "properties": { "voltage_kv": "380 kV", "operator_show": "Amprion GmbH;TransnetBW GmbH", "name_show": "Donau-Ost" }, "geometry": { "type": "LineString", "coordinates": [ [ 9.7072564, 48.464823499999987 ], [ 9.760499, 48.431596699999979 ], [ 9.817554, 48.421149 ], [ 9.8852041, 48.3065479 ] ] } },
{ "type": "Feature", "properties": { "voltage_kv": "380 kV", "operator_show": "RWE", "name_show": "Donau Ost;Donau West" }, "geometry": { "type": "LineString", "coordinates": [ [ 9.8877922, 48.3023244 ], [ 9.9437395, 48.2720338 ], [ 10.0648626, 48.272396799999989 ] ] } },
{ "type": "Feature", "properties": { "voltage_kv": "380 kV", "operator_show": "RWE", "name_show": "Günzburg Nord;Süd" }, "geometry": { "type": "LineString", "coordinates": [ [ 10.0800811, 48.2672014 ], [ 10.0649832, 48.2728728 ] ] } },
{ "type": "Feature", "properties": { "voltage_kv": "380 kV", "operator_show": "RWE", "name_show": "Donau Ost;Donau West" }, "geometry": { "type": "LineString", "coordinates": [ [ 10.0763383, 48.264895899999985 ], [ 10.0804461, 48.2652703 ] ] } },
{ "type": "Feature", "properties": { "voltage_kv": "380 kV; 220 kV", "operator_show": "RWE", "name_show": "Günzburg Nord;Günzburg Süd;Iller Ltg." }, "geometry": { "type": "LineString", "coordinates": [ [ 10.0649832, 48.2728728 ], [ 10.0546761, 48.3111892 ] ] } },
{ "type": "Feature", "properties": { "voltage_kv": "380 kV", "operator_show": "RWE", "name_show": "Günzburg Nord" }, "geometry": { "type": "LineString", "coordinates": [ [ 10.0800811, 48.2672014 ], [ 10.0808888, 48.2661161 ] ] } },
{ "type": "Feature", "properties": { "voltage_kv": "380 kV; 220 kV", "operator_show": "RWE", "name_show": "Donau Ost;Donau West;Iller Ltg." }, "geometry": { "type": "LineString", "coordinates": [ [ 10.0648626, 48.272396799999989 ], [ 10.0763383, 48.264895899999985 ] ] } },
{ "type": "Feature", "properties": { "voltage_kv": "380 kV", "operator_show": "RWE", "name_show": "–" }, "geometry": { "type": "LineString", "coordinates": [ [ 10.0859508, 48.2652181 ], [ 10.0828782, 48.2654414 ] ] } },
{ "type": "Feature", "properties": { "voltage_kv": "380 kV", "operator_show": "–", "name_show": "–" }, "geometry": { "type": "LineString", "coordinates": [ [ 10.0835689, 48.2676034 ], [ 10.0831489, 48.2663001 ] ] } },
{ "type": "Feature", "properties": { "voltage_kv": "380 kV", "operator_show": "EnBW", "name_show": "Dellmensingen - Niederstotzingen (-Rotensohl)" }, "geometry": { "type": "LineString", "coordinates": [ [ 10.2342169, 48.5288827 ], [ 10.2350871, 48.5299358 ] ] } },
{ "type": "Feature", "properties": { "voltage_kv": "380 kV", "operator_show": "EnBW", "name_show": "Dellmensingen - Niederstotzingen - Rotensohl" }, "geometry": { "type": "LineString", "coordinates": [ [ 10.2342169, 48.5288827 ], [ 10.2320051, 48.5300486 ] ] } },
{ "type": "Feature", "properties": { "voltage_kv": "380 kV", "operator_show": "RWE", "name_show": "380 kV Ville Ost" }, "geometry": { "type": "LineString", "coordinates": [ [ 6.8101063, 50.9689675 ], [ 6.8094857, 50.9652475 ] ] } },
{ "type": "Feature", "properties": { "voltage_kv": "380 kV", "operator_show": "RWE", "name_show": "380 kV Paffendorf Süd; Selfkant weiß" }, "geometry": { "type": "LineString", "coordinates": [ [ 6.6666117, 50.9744368 ], [ 6.6636126, 50.9763337 ] ] } },
{ "type": "Feature", "properties": { "voltage_kv": "380 kV", "operator_show": "RWE", "name_show": "380 kV Paffendorf Süd; Selfkant Weiß" }, "geometry": { "type": "LineString", "coordinates": [ [ 6.6999101, 51.0051084 ], [ 6.6974045, 50.9753944 ] ] } },
{ "type": "Feature", "properties": { "voltage_kv": "380 kV; 110 kV", "operator_show": "RWE", "name_show": "–" }, "geometry": { "type": "LineString", "coordinates": [ [ 6.6974045, 50.9753944 ], [ 6.697201, 50.9701703 ] ] } },
{ "type": "Feature", "properties": { "voltage_kv": "380 kV; 110 kV", "operator_show": "TenneT TSO", "name_show": "Ltg 3011 und 1046" }, "geometry": { "type": "LineString", "coordinates": [ [ 8.6515067, 50.20221140000001 ], [ 8.6008522, 50.1502852 ] ] } },
{ "type": "Feature", "properties": { "voltage_kv": "380 kV", "operator_show": "RWE", "name_show": "380kV Datteln Ost+West" }, "geometry": { "type": "LineString", "coordinates": [ [ 7.3699008, 51.586949 ], [ 7.3682203, 51.5897169 ] ] } },
{ "type": "Feature", "properties": { "voltage_kv": "380 kV; 220 kV", "operator_show": "RWE", "name_show": "RWE 4301 Pkt Waltrop - Gersteinwerk" }, "geometry": { "type": "LineString", "coordinates": [ [ 7.3688186, 51.6297475 ], [ 7.4016905, 51.6419229 ] ] } },
{ "type": "Feature", "properties": { "voltage_kv": "380 kV", "operator_show": "RWE", "name_show": "RWE 4349 Mengede - Pkt Waltrop" }, "geometry": { "type": "LineString", "coordinates": [ [ 7.3699008, 51.586949 ], [ 7.3576951, 51.5749392 ] ] } },
{ "type": "Feature", "properties": { "voltage_kv": "380 kV; 220 kV; 110 kV; 0 kV", "operator_show": "–", "name_show": "–" }, "geometry": { "type": "LineString", "coordinates": [ [ 7.1497647, 51.552058099999989 ], [ 7.1689886, 51.5539043 ] ] } },
{ "type": "Feature", "properties": { "voltage_kv": "380 kV", "operator_show": "RWE", "name_show": "380 kV Niederaußem 6f" }, "geometry": { "type": "LineString", "coordinates": [ [ 6.6709205, 50.9920082 ], [ 6.672534, 50.9914342 ] ] } },
{ "type": "Feature", "properties": { "voltage_kv": "380 kV", "operator_show": "RWE", "name_show": "380 kV Niederaußem 8h" }, "geometry": { "type": "LineString", "coordinates": [ [ 6.6745458, 50.993025099999983 ], [ 6.6766067, 50.9935705 ] ] } },
{ "type": "Feature", "properties": { "voltage_kv": "380 kV", "operator_show": "RWE", "name_show": "380 kV Niederaußem 7g" }, "geometry": { "type": "LineString", "coordinates": [ [ 6.6719737, 50.992351599999985 ], [ 6.6766067, 50.9935705 ] ] } },
{ "type": "Feature", "properties": { "voltage_kv": "380 kV; 220 kV", "operator_show": "RWE", "name_show": "380 kV Niederaußem 6f; 220 kV Niederaußem 5e" }, "geometry": { "type": "LineString", "coordinates": [ [ 6.6766067, 50.9935705 ], [ 6.672534, 50.9914342 ] ] } },
{ "type": "Feature", "properties": { "voltage_kv": "380 kV; 380 kV; 110 kV; 110 kV", "operator_show": "RWE", "name_show": "–" }, "geometry": { "type": "LineString", "coordinates": [ [ 7.545017, 51.9692542 ], [ 7.4869771, 51.9576864 ] ] } },
{ "type": "Feature", "properties": { "voltage_kv": "380 kV", "operator_show": "–", "name_show": "–" }, "geometry": { "type": "LineString", "coordinates": [ [ 12.2985177, 48.6049971 ], [ 12.2980077, 48.606657399999989 ] ] } },
{ "type": "Feature", "properties": { "voltage_kv": "380 kV; 380 kV; 220 kV", "operator_show": "Amprion", "name_show": "–" }, "geometry": { "type": "LineString", "coordinates": [ [ 7.4153696, 52.0379014 ], [ 7.4458335, 52.1112882 ], [ 7.3986181, 52.1687339 ] ] } },
{ "type": "Feature", "properties": { "voltage_kv": "380 kV; 220 kV", "operator_show": "RWE", "name_show": "380kV Toeppersee West+220kV Mündelheim Nord" }, "geometry": { "type": "LineString", "coordinates": [ [ 6.6131979, 51.4746826 ], [ 6.6110927, 51.4709956 ] ] } },
{ "type": "Feature", "properties": { "voltage_kv": "380 kV; 220 kV", "operator_show": "RWE", "name_show": "–" }, "geometry": { "type": "LineString", "coordinates": [ [ 6.6575663, 51.3847381 ], [ 6.6662115, 51.386007200000023 ] ] } },
{ "type": "Feature", "properties": { "voltage_kv": "380 kV; 220 kV", "operator_show": "RWE", "name_show": "–" }, "geometry": { "type": "LineString", "coordinates": [ [ 6.6662115, 51.386007200000023 ], [ 6.6879782, 51.3906296 ], [ 6.7035127, 51.3705245 ] ] } },
{ "type": "Feature", "properties": { "voltage_kv": "380 kV", "operator_show": "RWE", "name_show": "380kV Lohheide West+Zensenbusch Süd" }, "geometry": { "type": "LineString", "coordinates": [ [ 6.6157474, 51.4782569 ], [ 6.6337864, 51.4965099 ] ] } },
{ "type": "Feature", "properties": { "voltage_kv": "380 kV", "operator_show": "Amprion", "name_show": "–" }, "geometry": { "type": "LineString", "coordinates": [ [ 6.8672512, 51.3738927 ], [ 6.8684413, 51.3741315 ] ] } },
{ "type": "Feature", "properties": { "voltage_kv": "380 kV", "operator_show": "RWE", "name_show": "380kV Oerkhaus West+Weitmar West" }, "geometry": { "type": "LineString", "coordinates": [ [ 7.1212472, 51.4511 ], [ 7.121608, 51.4480898 ] ] } },
{ "type": "Feature", "properties": { "voltage_kv": "380 kV", "operator_show": "RWE", "name_show": "380 kV Neurath 2b" }, "geometry": { "type": "LineString", "coordinates": [ [ 6.7991996, 51.121952 ], [ 6.8000234, 51.1221234 ] ] } },
{ "type": "Feature", "properties": { "voltage_kv": "380 kV; 220 kV; 110 kV", "operator_show": "Amprion;Westnetz", "name_show": "–" }, "geometry": { "type": "LineString", "coordinates": [ [ 7.1663309, 51.38365 ], [ 7.1667834, 51.3862135 ] ] } },
{ "type": "Feature", "properties": { "voltage_kv": "380 kV; 0 kV", "operator_show": "RWE", "name_show": "–" }, "geometry": { "type": "LineString", "coordinates": [ [ 7.1206261, 51.4503912 ], [ 7.1207365, 51.4485127 ] ] } },
{ "type": "Feature", "properties": { "voltage_kv": "380 kV", "operator_show": "Amprion", "name_show": "380kV Arpe West+Sauerland Süd" }, "geometry": { "type": "LineString", "coordinates": [ [ 8.2050965, 51.179482700000015 ], [ 8.2096193, 51.1785288 ] ] } },
{ "type": "Feature", "properties": { "voltage_kv": "380 kV", "operator_show": "Amprion", "name_show": "380kV Sauerland Süd" }, "geometry": { "type": "LineString", "coordinates": [ [ 8.2096193, 51.1785288 ], [ 8.2107018, 51.1779451 ] ] } },
{ "type": "Feature", "properties": { "voltage_kv": "380 kV; 380 kV; 110 kV; 110 kV", "operator_show": "Amprion;Westnetz", "name_show": "–" }, "geometry": { "type": "LineString", "coordinates": [ [ 7.7497917, 52.28921 ], [ 7.7894714, 52.2844579 ] ] } },
{ "type": "Feature", "properties": { "voltage_kv": "380 kV; 380 kV; 220 kV; 110 kV", "operator_show": "Amprion", "name_show": "–" }, "geometry": { "type": "LineString", "coordinates": [ [ 7.8925006, 52.279196499999983 ], [ 7.8978644, 52.2815035 ] ] } },
{ "type": "Feature", "properties": { "voltage_kv": "380 kV; 220 kV; 110 kV", "operator_show": "RWE", "name_show": "–" }, "geometry": { "type": "LineString", "coordinates": [ [ 8.0195704, 52.2525948 ], [ 8.0620963, 52.2428413 ], [ 8.1034601, 52.2616286 ] ] } },
{ "type": "Feature", "properties": { "voltage_kv": "380 kV; 220 kV; 220 kV; 220 kV", "operator_show": "Amprion", "name_show": "–" }, "geometry": { "type": "LineString", "coordinates": [ [ 7.8849838, 52.2760166 ], [ 7.8807455, 52.265688 ] ] } },
{ "type": "Feature", "properties": { "voltage_kv": "380 kV", "operator_show": "Amprion", "name_show": "–" }, "geometry": { "type": "LineString", "coordinates": [ [ 7.8925006, 52.279196499999983 ], [ 7.8917848, 52.2778232 ] ] } },
{ "type": "Feature", "properties": { "voltage_kv": "380 kV; 110 kV", "operator_show": "Amprion", "name_show": "–" }, "geometry": { "type": "LineString", "coordinates": [ [ 7.6965623, 52.4707954 ], [ 7.8268604, 52.4671439 ] ] } },
{ "type": "Feature", "properties": { "voltage_kv": "380 kV; 110 kV", "operator_show": "–", "name_show": "–" }, "geometry": { "type": "LineString", "coordinates": [ [ 7.8270571, 52.4620929 ], [ 7.8268604, 52.4671439 ] ] } },
{ "type": "Feature", "properties": { "voltage_kv": "380 kV", "operator_show": "RWE", "name_show": "–" }, "geometry": { "type": "LineString", "coordinates": [ [ 6.96256, 52.19451320000001 ], [ 7.0158704, 52.1955272 ] ] } },
{ "type": "Feature", "properties": { "voltage_kv": "380 kV; 220 kV; 110 kV", "operator_show": "RWE", "name_show": "–" }, "geometry": { "type": "LineString", "coordinates": [ [ 7.0285393, 52.2023766 ], [ 7.0158704, 52.1955272 ] ] } },
{ "type": "Feature", "properties": { "voltage_kv": "380 kV", "operator_show": "RWE", "name_show": "–" }, "geometry": { "type": "LineString", "coordinates": [ [ 7.0330081, 52.2018992 ], [ 7.0340456, 52.2021076 ] ] } },
{ "type": "Feature", "properties": { "voltage_kv": "380 kV", "operator_show": "RWE", "name_show": "–" }, "geometry": { "type": "LineString", "coordinates": [ [ 7.0330081, 52.2018992 ], [ 7.0339853, 52.2017762 ] ] } },
{ "type": "Feature", "properties": { "voltage_kv": "380 kV", "operator_show": "RWE", "name_show": "380kV Kusenhorst" }, "geometry": { "type": "LineString", "coordinates": [ [ 6.9486974, 51.4437344 ], [ 6.9486712, 51.4444524 ] ] } },
{ "type": "Feature", "properties": { "voltage_kv": "380 kV", "operator_show": "RWE", "name_show": "380kV Büscherhof West" }, "geometry": { "type": "LineString", "coordinates": [ [ 6.9486974, 51.4437344 ], [ 6.9483836, 51.4444331 ] ] } },
{ "type": "Feature", "properties": { "voltage_kv": "380 kV; 220 kV", "operator_show": "RWE", "name_show": "–" }, "geometry": { "type": "LineString", "coordinates": [ [ 6.5866101, 51.4380978 ], [ 6.5845759, 51.4385793 ] ] } },
{ "type": "Feature", "properties": { "voltage_kv": "380 kV", "operator_show": "RWE", "name_show": "380 kV St. Peter Nord" }, "geometry": { "type": "LineString", "coordinates": [ [ 6.8001107, 51.1219505 ], [ 6.8029977, 51.1223353 ] ] } },
{ "type": "Feature", "properties": { "voltage_kv": "380 kV; 110 kV", "operator_show": "RWE", "name_show": "–" }, "geometry": { "type": "LineString", "coordinates": [ [ 6.9109967, 51.1176623 ], [ 6.9328964, 51.1311515 ] ] } },
{ "type": "Feature", "properties": { "voltage_kv": "380 kV", "operator_show": "RWE", "name_show": "380 kV St. Peter Süd" }, "geometry": { "type": "LineString", "coordinates": [ [ 6.8014897, 51.122804 ], [ 6.7991996, 51.121952 ] ] } },
{ "type": "Feature", "properties": { "voltage_kv": "380 kV", "operator_show": "Amprion", "name_show": "–" }, "geometry": { "type": "LineString", "coordinates": [ [ 6.1671119, 50.8022238 ], [ 6.1662261, 50.803970100000015 ] ] } },
{ "type": "Feature", "properties": { "voltage_kv": "380 kV; 110 kV", "operator_show": "–", "name_show": "380 kV Röhe Nord" }, "geometry": { "type": "LineString", "coordinates": [ [ 6.2227011, 50.8228859 ], [ 6.1945093, 50.8136529 ] ] } },
{ "type": "Feature", "properties": { "voltage_kv": "380 kV; 110 kV", "operator_show": "–", "name_show": "380 kV Röhe Nord/110 kV Velau Nord/110 kV Velau Süd" }, "geometry": { "type": "LineString", "coordinates": [ [ 6.1945093, 50.8136529 ], [ 6.167352, 50.8055193 ] ] } },
{ "type": "Feature", "properties": { "voltage_kv": "380 kV", "operator_show": "RWE", "name_show": "380 kV Weisweiler Süd" }, "geometry": { "type": "LineString", "coordinates": [ [ 6.3218576, 50.835350600000012 ], [ 6.3425182, 50.8339093 ] ] } },
{ "type": "Feature", "properties": { "voltage_kv": "380 kV", "operator_show": "RWE", "name_show": "380 kV Röhe Nord;380 kV Weisweiler Süd" }, "geometry": { "type": "LineString", "coordinates": [ [ 6.3218576, 50.835350600000012 ], [ 6.2988932, 50.8311033 ] ] } },
{ "type": "Feature", "properties": { "voltage_kv": "380 kV", "operator_show": "Amprion", "name_show": "–" }, "geometry": { "type": "LineString", "coordinates": [ [ 6.2996558, 50.8286169 ], [ 6.2988932, 50.8311033 ] ] } },
{ "type": "Feature", "properties": { "voltage_kv": "380 kV; 110 kV", "operator_show": "RWE", "name_show": "380 kV Weisweiler Süd" }, "geometry": { "type": "LineString", "coordinates": [ [ 6.3425182, 50.8339093 ], [ 6.36159, 50.83595 ] ] } },
{ "type": "Feature", "properties": { "voltage_kv": "380 kV", "operator_show": "–", "name_show": "Ltg MA Preilack" }, "geometry": { "type": "LineString", "coordinates": [ [ 14.4528688, 51.834112899999987 ], [ 14.454387, 51.8355877 ] ] } },
{ "type": "Feature", "properties": { "voltage_kv": "380 kV", "operator_show": "–", "name_show": "Ltg MB Preilack" }, "geometry": { "type": "LineString", "coordinates": [ [ 14.454105, 51.8338651 ], [ 14.454387, 51.8355877 ] ] } },
{ "type": "Feature", "properties": { "voltage_kv": "380 kV", "operator_show": "RWE", "name_show": "380 kV Opladen Nord|Süd" }, "geometry": { "type": "LineString", "coordinates": [ [ 6.7097423, 51.0071866 ], [ 6.71951, 51.0050474 ] ] } },
{ "type": "Feature", "properties": { "voltage_kv": "380 kV", "operator_show": "Amprion", "name_show": "380 kV Neurath 4d" }, "geometry": { "type": "LineString", "coordinates": [ [ 6.7004803, 51.0086006 ], [ 6.7007011, 51.01154720000001 ] ] } },
{ "type": "Feature", "properties": { "voltage_kv": "380 kV", "operator_show": "RWE", "name_show": "380 kV Niederaußem 6f|7g|8h" }, "geometry": { "type": "LineString", "coordinates": [ [ 6.6970489, 51.0039151 ], [ 6.6991959, 51.005030900000015 ] ] } },
{ "type": "Feature", "properties": { "voltage_kv": "380 kV; 110 kV", "operator_show": "Amprion;Westnetz", "name_show": "–" }, "geometry": { "type": "LineString", "coordinates": [ [ 6.7991453, 50.9716506 ], [ 6.7598816, 51.0055535 ] ] } },
{ "type": "Feature", "properties": { "voltage_kv": "380 kV", "operator_show": "Amprion", "name_show": "380kV Gersteinwerk Ost" }, "geometry": { "type": "LineString", "coordinates": [ [ 7.8314301, 51.753842300000017 ], [ 7.8340208, 51.7550404 ] ] } },
{ "type": "Feature", "properties": { "voltage_kv": "380 kV", "operator_show": "TenneT TSO", "name_show": "Ltg 437 Etzenricht" }, "geometry": { "type": "LineString", "coordinates": [ [ 11.8107784, 50.1830915 ], [ 11.8108569, 50.1818093 ] ] } },
{ "type": "Feature", "properties": { "voltage_kv": "380 kV", "operator_show": "TenneT TSO", "name_show": "Ltg 437 Etzenricht - Mechlenreuth" }, "geometry": { "type": "LineString", "coordinates": [ [ 12.2089065, 50.007530399999986 ], [ 12.1530758, 50.0224733 ], [ 12.0334904, 50.130704099999988 ], [ 11.9156612, 50.1772799 ], [ 11.8108569, 50.1818093 ] ] } },
{ "type": "Feature", "properties": { "voltage_kv": "380 kV", "operator_show": "Amprion", "name_show": "380 kV Ville Ost" }, "geometry": { "type": "LineString", "coordinates": [ [ 6.971748, 50.7979752 ], [ 6.9740875, 50.797463699999987 ] ] } },
{ "type": "Feature", "properties": { "voltage_kv": "380 kV", "operator_show": "Amprion", "name_show": "–" }, "geometry": { "type": "LineString", "coordinates": [ [ 8.4021378, 52.494993 ], [ 8.3058979, 52.446239099999985 ], [ 8.3006428, 52.387767599999982 ] ] } },
{ "type": "Feature", "properties": { "voltage_kv": "380 kV", "operator_show": "RWE", "name_show": "–" }, "geometry": { "type": "LineString", "coordinates": [ [ 6.6055778, 50.950771 ], [ 6.599904, 50.952243699999983 ] ] } },
{ "type": "Feature", "properties": { "voltage_kv": "380 kV", "operator_show": "RWE", "name_show": "380 kV Oberzier Süd, Selfkant weiss" }, "geometry": { "type": "LineString", "coordinates": [ [ 6.6234026, 50.9123679 ], [ 6.5990306, 50.9507967 ] ] } },
{ "type": "Feature", "properties": { "voltage_kv": "380 kV; 110 kV", "operator_show": "RWE", "name_show": "380 kV Paffendorf Süd; Selfkant weiß; 110 kV Auenheim Nord; Glesch Nord" }, "geometry": { "type": "LineString", "coordinates": [ [ 6.6217572, 50.9635666 ], [ 6.6055778, 50.950771 ] ] } },
{ "type": "Feature", "properties": { "voltage_kv": "380 kV", "operator_show": "Amprion", "name_show": "380kV Gersteinwerk Ost+Gütersloh Süd" }, "geometry": { "type": "LineString", "coordinates": [ [ 7.8340208, 51.7550404 ], [ 7.9934194, 51.821540899999988 ] ] } },
{ "type": "Feature", "properties": { "voltage_kv": "380 kV", "operator_show": "Amprion", "name_show": "380kV Uentrop Nord+ANK" }, "geometry": { "type": "LineString", "coordinates": [ [ 7.8080148, 51.7653892 ], [ 7.7101699, 51.782986200000011 ], [ 7.7048207, 51.814289 ], [ 7.6372691, 51.8886873 ] ] } },
{ "type": "Feature", "properties": { "voltage_kv": "380 kV", "operator_show": "TenneT TSO GmbH", "name_show": "–" }, "geometry": { "type": "LineString", "coordinates": [ [ 9.3871424, 52.026117 ], [ 9.3885074, 52.0266908 ] ] } },
{ "type": "Feature", "properties": { "voltage_kv": "380 kV", "operator_show": "TenneT TSO GmbH", "name_show": "–" }, "geometry": { "type": "LineString", "coordinates": [ [ 9.3919781, 52.0270214 ], [ 9.3915936, 52.026805299999985 ] ] } },
{ "type": "Feature", "properties": { "voltage_kv": "380 kV", "operator_show": "TenneT TSO GmbH", "name_show": "–" }, "geometry": { "type": "LineString", "coordinates": [ [ 9.3906516, 52.024596599999981 ], [ 9.3911038, 52.025548700000016 ] ] } },
{ "type": "Feature", "properties": { "voltage_kv": "380 kV; 110 kV", "operator_show": "Amprion;Westnetz", "name_show": "–" }, "geometry": { "type": "LineString", "coordinates": [ [ 8.500272, 51.9228605 ], [ 8.4210273, 51.92841 ] ] } },
{ "type": "Feature", "properties": { "voltage_kv": "380 kV", "operator_show": "–", "name_show": "–" }, "geometry": { "type": "LineString", "coordinates": [ [ 6.9079158, 51.565048499999989 ], [ 6.9067341, 51.5648892 ] ] } },
{ "type": "Feature", "properties": { "voltage_kv": "380 kV", "operator_show": "RWE", "name_show": "380 kV St.Peter Nord; Oerkhaus Ost" }, "geometry": { "type": "LineString", "coordinates": [ [ 6.9350455, 51.139336 ], [ 6.9357514, 51.14209109999998 ] ] } },
{ "type": "Feature", "properties": { "voltage_kv": "380 kV; 220 kV", "operator_show": "RWE", "name_show": "380 kV Oerkhaus Ost; St. Peter Nord; 220 kV Itterbach Ost|West" }, "geometry": { "type": "LineString", "coordinates": [ [ 7.0039303, 51.1767074 ], [ 6.9713997, 51.1715366 ] ] } },
{ "type": "Feature", "properties": { "voltage_kv": "380 kV; 220 kV", "operator_show": "RWE", "name_show": "–" }, "geometry": { "type": "LineString", "coordinates": [ [ 6.961253, 51.16728 ], [ 6.9571794, 51.1612781 ] ] } },
{ "type": "Feature", "properties": { "voltage_kv": "380 kV; 110 kV", "operator_show": "Amprion;Westnetz", "name_show": "–" }, "geometry": { "type": "LineString", "coordinates": [ [ 7.543635, 50.971606099999981 ], [ 7.5532883, 50.9692794 ] ] } },
{ "type": "Feature", "properties": { "voltage_kv": "380 kV; 380 kV; 220 kV", "operator_show": "Amprion", "name_show": "–" }, "geometry": { "type": "LineString", "coordinates": [ [ 7.6041812, 51.8971441 ], [ 7.5647347, 51.902369800000017 ], [ 7.5258736, 51.9429516 ], [ 7.4856142, 51.9542595 ] ] } },
{ "type": "Feature", "properties": { "voltage_kv": "380 kV", "operator_show": "TenneT TSO GmbH", "name_show": "–" }, "geometry": { "type": "LineString", "coordinates": [ [ 8.6567046, 52.000483 ], [ 8.6576918, 51.9994322 ] ] } },
{ "type": "Feature", "properties": { "voltage_kv": "380 kV", "operator_show": "TenneT TSO GmbH", "name_show": "Leitung 3018" }, "geometry": { "type": "LineString", "coordinates": [ [ 8.9370532, 52.402362 ], [ 8.9386974, 52.4024019 ] ] } },
{ "type": "Feature", "properties": { "voltage_kv": "380 kV", "operator_show": "TenneT TSO GmbH", "name_show": "–" }, "geometry": { "type": "LineString", "coordinates": [ [ 8.6567046, 52.000483 ], [ 8.6579452, 51.9994758 ] ] } },
{ "type": "Feature", "properties": { "voltage_kv": "380 kV", "operator_show": "TenneT TSO GmbH", "name_show": "Leitung 3018" }, "geometry": { "type": "LineString", "coordinates": [ [ 8.9370532, 52.402362 ], [ 8.9386937, 52.4022392 ] ] } },
{ "type": "Feature", "properties": { "voltage_kv": "380 kV", "operator_show": "–", "name_show": "–" }, "geometry": { "type": "LineString", "coordinates": [ [ 6.906861, 51.5647313 ], [ 6.9079803, 51.5648735 ] ] } },
{ "type": "Feature", "properties": { "voltage_kv": "380 kV", "operator_show": "Amprion", "name_show": "–" }, "geometry": { "type": "LineString", "coordinates": [ [ 7.0544896, 51.695700399999986 ], [ 7.056927, 51.69639810000001 ] ] } },
{ "type": "Feature", "properties": { "voltage_kv": "380 kV", "operator_show": "RWE", "name_show": "–" }, "geometry": { "type": "LineString", "coordinates": [ [ 7.056927, 51.69639810000001 ], [ 7.0585216, 51.6966456 ] ] } },
{ "type": "Feature", "properties": { "voltage_kv": "380 kV", "operator_show": "RWE", "name_show": "–" }, "geometry": { "type": "LineString", "coordinates": [ [ 7.056927, 51.69639810000001 ], [ 7.0594839, 51.6969049 ] ] } },
{ "type": "Feature", "properties": { "voltage_kv": "380 kV", "operator_show": "TenneT TSO", "name_show": "305" }, "geometry": { "type": "LineString", "coordinates": [ [ 7.3096739, 53.1245676 ], [ 7.3110958, 53.1258295 ] ] } },
{ "type": "Feature", "properties": { "voltage_kv": "380 kV", "operator_show": "TenneT TSO", "name_show": "305" }, "geometry": { "type": "LineString", "coordinates": [ [ 7.3096739, 53.1245676 ], [ 7.3103043, 53.1259338 ] ] } },
{ "type": "Feature", "properties": { "voltage_kv": "380 kV", "operator_show": "TenneT TSO", "name_show": "304" }, "geometry": { "type": "LineString", "coordinates": [ [ 7.3134826, 53.127494 ], [ 7.3131244, 53.1269517 ] ] } },
{ "type": "Feature", "properties": { "voltage_kv": "380 kV; 380 kV; 220 kV", "operator_show": "Amprion", "name_show": "–" }, "geometry": { "type": "LineString", "coordinates": [ [ 8.3111218, 49.0065458 ], [ 8.2867221, 49.004269699999981 ], [ 8.2727343, 49.021956699999983 ] ] } },
{ "type": "Feature", "properties": { "voltage_kv": "380 kV; 220 kV", "operator_show": "RWE", "name_show": "–" }, "geometry": { "type": "LineString", "coordinates": [ [ 6.6794938, 51.651625499999987 ], [ 6.6819446, 51.6490772 ] ] } },
{ "type": "Feature", "properties": { "voltage_kv": "380 kV; 110 kV", "operator_show": "RWE", "name_show": "380 kV" }, "geometry": { "type": "LineString", "coordinates": [ [ 8.9770012, 50.0591367 ], [ 8.9074331, 50.0164049 ], [ 8.8092225, 50.0080907 ], [ 8.7761617, 49.9741511 ] ] } },
{ "type": "Feature", "properties": { "voltage_kv": "380 kV", "operator_show": "RWE", "name_show": "Untermain Süd;Karlstein Süd" }, "geometry": { "type": "LineString", "coordinates": [ [ 8.9793794, 50.061474699999984 ], [ 8.9884469, 50.0616566 ] ] } },
{ "type": "Feature", "properties": { "voltage_kv": "380 kV; 220 kV", "operator_show": "RWE", "name_show": "Vöhringen Ost; Füssen West" }, "geometry": { "type": "LineString", "coordinates": [ [ 10.2050832, 47.937087 ], [ 10.1458922, 47.956808800000012 ], [ 10.1469945, 47.991196100000018 ] ] } },
{ "type": "Feature", "properties": { "voltage_kv": "380 kV; 110 kV", "operator_show": "Amprion;Westnetz", "name_show": "RWE 4562 Ronsdorf - Bomig" }, "geometry": { "type": "LineString", "coordinates": [ [ 7.2329055, 51.2260386 ], [ 7.2373234, 51.226646699999989 ] ] } },
{ "type": "Feature", "properties": { "voltage_kv": "380 kV", "operator_show": "RWE", "name_show": "380kV Mengede Nord+Waltrop Süd" }, "geometry": { "type": "LineString", "coordinates": [ [ 7.417554, 51.644685199999984 ], [ 7.4048954, 51.6455339 ] ] } },
{ "type": "Feature", "properties": { "voltage_kv": "380 kV; 220 kV", "operator_show": "Amprion", "name_show": "–" }, "geometry": { "type": "LineString", "coordinates": [ [ 7.417554, 51.644685199999984 ], [ 7.4565823, 51.660245399999972 ] ] } },
{ "type": "Feature", "properties": { "voltage_kv": "380 kV", "operator_show": "RWE", "name_show": "380kV Mengede Nord+Süd" }, "geometry": { "type": "LineString", "coordinates": [ [ 7.4016905, 51.6419229 ], [ 7.4031763, 51.6434068 ] ] } },
{ "type": "Feature", "properties": { "voltage_kv": "380 kV", "operator_show": "RWE", "name_show": "380kV Mengede Süd" }, "geometry": { "type": "LineString", "coordinates": [ [ 7.4039575, 51.6437667 ], [ 7.4048956, 51.6445752 ] ] } },
{ "type": "Feature", "properties": { "voltage_kv": "380 kV", "operator_show": "RWE", "name_show": "380kV Waltrop Süd" }, "geometry": { "type": "LineString", "coordinates": [ [ 7.4048954, 51.6455339 ], [ 7.4033605, 51.6443763 ] ] } },
{ "type": "Feature", "properties": { "voltage_kv": "380 kV", "operator_show": "RWE", "name_show": "380kV Stummhafen 1A" }, "geometry": { "type": "LineString", "coordinates": [ [ 7.4050675, 51.645053699999977 ], [ 7.4035702, 51.644283599999987 ] ] } },
{ "type": "Feature", "properties": { "voltage_kv": "380 kV", "operator_show": "RWE", "name_show": "380kV Trebur Nord" }, "geometry": { "type": "LineString", "coordinates": [ [ 8.5182763, 50.0495275 ], [ 8.5020542, 50.058965199999989 ] ] } },
{ "type": "Feature", "properties": { "voltage_kv": "380 kV", "operator_show": "Amprion", "name_show": "380kV Bergkamen A+Mengede Nord" }, "geometry": { "type": "LineString", "coordinates": [ [ 7.7034535, 51.6813669 ], [ 7.7058369, 51.6791459 ] ] } },
{ "type": "Feature", "properties": { "voltage_kv": "380 kV", "operator_show": "Amprion", "name_show": "380kV Bergkamen A" }, "geometry": { "type": "LineString", "coordinates": [ [ 7.7058369, 51.6791459 ], [ 7.70667, 51.677938300000015 ] ] } },
{ "type": "Feature", "properties": { "voltage_kv": "380 kV", "operator_show": "Amprion", "name_show": "380kV Mengede Nord" }, "geometry": { "type": "LineString", "coordinates": [ [ 7.7058369, 51.6791459 ], [ 7.7069173, 51.677993 ] ] } },
{ "type": "Feature", "properties": { "voltage_kv": "380 kV", "operator_show": "Amprion", "name_show": "380kV Waltrop Süd" }, "geometry": { "type": "LineString", "coordinates": [ [ 7.7034535, 51.6813669 ], [ 7.7061608, 51.6778253 ] ] } },
{ "type": "Feature", "properties": { "voltage_kv": "380 kV", "operator_show": "Amprion", "name_show": "380kV Gersteinwerk Ost" }, "geometry": { "type": "LineString", "coordinates": [ [ 7.7068209, 51.6792212 ], [ 7.7071625, 51.6780469 ] ] } },
{ "type": "Feature", "properties": { "voltage_kv": "380 kV", "operator_show": "Amprion", "name_show": "380kV Gersteinwerk Ost+Uentrop Nord" }, "geometry": { "type": "LineString", "coordinates": [ [ 7.7040498, 51.6847671 ], [ 7.7068209, 51.6792212 ] ] } },
{ "type": "Feature", "properties": { "voltage_kv": "380 kV; 220 kV", "operator_show": "Amprion", "name_show": "–" }, "geometry": { "type": "LineString", "coordinates": [ [ 7.7008697, 51.6903695 ], [ 7.7034535, 51.6813669 ] ] } },
{ "type": "Feature", "properties": { "voltage_kv": "380 kV", "operator_show": "RWE", "name_show": "–" }, "geometry": { "type": "LineString", "coordinates": [ [ 7.7227614, 51.530584199999986 ], [ 7.7198186, 51.5333218 ] ] } },
{ "type": "Feature", "properties": { "voltage_kv": "380 kV; 110 kV", "operator_show": "Amprion;Westnetz", "name_show": "–" }, "geometry": { "type": "LineString", "coordinates": [ [ 7.9972417, 51.6568143 ], [ 8.0250045, 51.602484499999989 ], [ 7.9729246, 51.5166084 ], [ 7.9853621, 51.469071 ] ] } },
{ "type": "Feature", "properties": { "voltage_kv": "380 kV", "operator_show": "Amprion", "name_show": "380kV Westfalen D+E" }, "geometry": { "type": "LineString", "coordinates": [ [ 7.9897279, 51.6832509 ], [ 7.9702917, 51.675569599999989 ] ] } },
{ "type": "Feature", "properties": { "voltage_kv": "380 kV", "operator_show": "Amprion", "name_show": "–" }, "geometry": { "type": "LineString", "coordinates": [ [ 7.9804608, 51.674688 ], [ 7.9813476, 51.6754823 ] ] } },
{ "type": "Feature", "properties": { "voltage_kv": "380 kV", "operator_show": "Amprion", "name_show": "–" }, "geometry": { "type": "LineString", "coordinates": [ [ 7.9813476, 51.6754823 ], [ 7.9811112, 51.674535399999982 ] ] } },
{ "type": "Feature", "properties": { "voltage_kv": "380 kV", "operator_show": "TenneT TSO GmbH", "name_show": "Irsching - Ottenhofen;Oberbachern - Ottenhofen" }, "geometry": { "type": "LineString", "coordinates": [ [ 11.8681753, 48.2076823 ], [ 11.8686119, 48.206962299999979 ] ] } },
{ "type": "Feature", "properties": { "voltage_kv": "380 kV; 220 kV", "operator_show": "–", "name_show": "–" }, "geometry": { "type": "LineString", "coordinates": [ [ 10.8413165, 49.3800419 ], [ 10.8399805, 49.3772726 ] ] } },
{ "type": "Feature", "properties": { "voltage_kv": "380 kV; 220 kV", "operator_show": "TenneT TSO", "name_show": "–" }, "geometry": { "type": "LineString", "coordinates": [ [ 10.845723, 49.3815204 ], [ 10.8450879, 49.3792968 ] ] } },
{ "type": "Feature", "properties": { "voltage_kv": "380 kV", "operator_show": "TenneT TSO GmbH", "name_show": "Redwitz - Remptendorf" }, "geometry": { "type": "LineString", "coordinates": [ [ 11.3241695, 50.3134516 ], [ 11.3830563, 50.3343171 ], [ 11.4516438, 50.3897598 ], [ 11.4706841, 50.4300287 ] ] } },
{ "type": "Feature", "properties": { "voltage_kv": "380 kV", "operator_show": "TenneT TSO", "name_show": "Ltg 413 und 414 Redwitz - Remptendorf" }, "geometry": { "type": "LineString", "coordinates": [ [ 11.19199, 50.163171799999986 ], [ 11.1932561, 50.1661958 ] ] } },
{ "type": "Feature", "properties": { "voltage_kv": "380 kV; 110 kV", "operator_show": "TenneT TSO GmbH;E.ON Netz GmbH", "name_show": "Ltg 413 und 414 Redwitz - Remptendorf sowie 167 Friesen - Redwitz und 168 Windheim - Redwitz" }, "geometry": { "type": "LineString", "coordinates": [ [ 11.30241, 50.2911732 ], [ 11.2568924, 50.2724798 ], [ 11.1932561, 50.1661958 ] ] } },
{ "type": "Feature", "properties": { "voltage_kv": "380 kV", "operator_show": "TenneT TSO", "name_show": "Ltg 437 Mechlenreuth - Redwitz" }, "geometry": { "type": "LineString", "coordinates": [ [ 11.1966895, 50.1618836 ], [ 11.1948608, 50.1617089 ] ] } },
{ "type": "Feature", "properties": { "voltage_kv": "380 kV", "operator_show": "TenneT TSO", "name_show": "Ltg 437 Mechlenreuth" }, "geometry": { "type": "LineString", "coordinates": [ [ 11.1932403, 50.1612255 ], [ 11.1948608, 50.1617089 ] ] } },
{ "type": "Feature", "properties": { "voltage_kv": "380 kV; 110 kV; 20 kV", "operator_show": "TenneT TSO GmbH;E.ON Netz GmbH", "name_show": "Redwitz - Remptendorf;Redwitz - Remptendorf;Windheim - Redwitz" }, "geometry": { "type": "LineString", "coordinates": [ [ 11.3057131, 50.2938844 ], [ 11.3241695, 50.3134516 ] ] } },
{ "type": "Feature", "properties": { "voltage_kv": "380 kV", "operator_show": "RWE", "name_show": "380kV Hamaland + Münsterland" }, "geometry": { "type": "LineString", "coordinates": [ [ 7.0158651, 52.1926446 ], [ 7.0325027, 52.2015901 ] ] } },
{ "type": "Feature", "properties": { "voltage_kv": "380 kV", "operator_show": "EN_BW", "name_show": "Koppelleitung Asphard (CH) / Laufenburg (CH) - Sierentz (F)" }, "geometry": { "type": "LineString", "coordinates": [ [ 7.7488041, 47.6284232 ], [ 7.6206034, 47.6392188 ] ] } },
{ "type": "Feature", "properties": { "voltage_kv": "380 kV", "operator_show": "TenneT TSO", "name_show": "Leitung 3011" }, "geometry": { "type": "LineString", "coordinates": [ [ 9.3871424, 52.026117 ], [ 9.3687193, 52.0523398 ], [ 9.4662767, 52.139491299999989 ], [ 9.4640137, 52.168583299999987 ], [ 9.3585277, 52.2257173 ], [ 9.3565637, 52.2868213 ], [ 9.3207104, 52.3511864 ] ] } },
{ "type": "Feature", "properties": { "voltage_kv": "380 kV", "operator_show": "50Hertz Transmission", "name_show": "Ltg 415 und 416 Vieselbach - Remptendorf" }, "geometry": { "type": "LineString", "coordinates": [ [ 11.4298432, 50.9117467 ], [ 11.4699179, 50.872928099999989 ], [ 11.475057, 50.8248374 ], [ 11.6486184, 50.7519176 ], [ 11.667663, 50.591471599999977 ], [ 11.6366177, 50.5764455 ], [ 11.6432528, 50.5346016 ] ] } },
{ "type": "Feature", "properties": { "voltage_kv": "380 kV", "operator_show": "RWE", "name_show": "–" }, "geometry": { "type": "LineString", "coordinates": [ [ 7.8185618, 49.9218667 ], [ 7.7569249, 49.997638 ], [ 7.6920326, 50.025088599999982 ] ] } },
{ "type": "Feature", "properties": { "voltage_kv": "380 kV; 220 kV; 110 kV", "operator_show": "Amprion", "name_show": "380 kV Gilzem Ost;Uchtelfangen West;220 kV Heisdorf - Quint Nord" }, "geometry": { "type": "LineString", "coordinates": [ [ 6.7028559, 49.8300065 ], [ 6.7031846, 49.8300304 ] ] } },
{ "type": "Feature", "properties": { "voltage_kv": "380 kV; 220 kV", "operator_show": "Amprion", "name_show": "380 kV Gilzem Ost;Uchtelfangen West;220 kV Heisdorf - Quint Nord;Niederstedem Ost" }, "geometry": { "type": "LineString", "coordinates": [ [ 6.5684453, 49.7993591 ], [ 6.7028559, 49.8300065 ] ] } },
{ "type": "Feature", "properties": { "voltage_kv": "380 kV", "operator_show": "RWE", "name_show": "–" }, "geometry": { "type": "LineString", "coordinates": [ [ 8.4192414, 49.633838699999977 ], [ 8.4188372, 49.6338408 ] ] } },
{ "type": "Feature", "properties": { "voltage_kv": "380 kV", "operator_show": "RWE", "name_show": "–" }, "geometry": { "type": "LineString", "coordinates": [ [ 8.4192414, 49.633838699999977 ], [ 8.419261, 49.6341188 ] ] } },
{ "type": "Feature", "properties": { "voltage_kv": "380 kV", "operator_show": "RWE", "name_show": "–" }, "geometry": { "type": "LineString", "coordinates": [ [ 8.4192414, 49.633838699999977 ], [ 8.4190357, 49.6339729 ] ] } },
{ "type": "Feature", "properties": { "voltage_kv": "380 kV", "operator_show": "RWE", "name_show": "–" }, "geometry": { "type": "LineString", "coordinates": [ [ 8.4180704, 49.6325688 ], [ 8.419632, 49.6338292 ] ] } },
{ "type": "Feature", "properties": { "voltage_kv": "380 kV", "operator_show": "TenneT", "name_show": "–" }, "geometry": { "type": "LineString", "coordinates": [ [ 9.8623663, 53.492169499999989 ], [ 9.6800918, 53.4934452 ], [ 9.5063732, 53.541982799999978 ] ] } },
{ "type": "Feature", "properties": { "voltage_kv": "380 kV; 220 kV; 110 kV", "operator_show": "EnBW;Amprion", "name_show": "Dellmensingen Ost;GRKA-WNGEN" }, "geometry": { "type": "LineString", "coordinates": [ [ 9.8006578, 47.652570199999978 ], [ 9.7545041, 47.6476537 ] ] } },
{ "type": "Feature", "properties": { "voltage_kv": "380 kV; 220 kV", "operator_show": "Amprion", "name_show": "Obermooweiler-Grünkraut;Dellmensingen Ost" }, "geometry": { "type": "LineString", "coordinates": [ [ 9.7545041, 47.6476537 ], [ 9.7529041, 47.648081099999985 ] ] } },
{ "type": "Feature", "properties": { "voltage_kv": "380 kV", "operator_show": "TenneT", "name_show": "–" }, "geometry": { "type": "LineString", "coordinates": [ [ 6.8585605, 53.4513057 ], [ 6.8653202, 53.4378052 ] ] } },
{ "type": "Feature", "properties": { "voltage_kv": "380 kV", "operator_show": "TenneT TSO", "name_show": "Ltg 3023 Gießen Nord - Karben" }, "geometry": { "type": "LineString", "coordinates": [ [ 8.810701, 50.3168098 ], [ 8.8262254, 50.305086599999989 ], [ 8.8115615, 50.2045348 ] ] } },
{ "type": "Feature", "properties": { "voltage_kv": "380 kV; 380 kV; 110 kV", "operator_show": "TransnetBW GmbH", "name_show": "–" }, "geometry": { "type": "LineString", "coordinates": [ [ 8.8418966, 48.9052053 ], [ 9.0342933, 48.8979331 ] ] } },
{ "type": "Feature", "properties": { "voltage_kv": "380 kV", "operator_show": "RWE", "name_show": "–" }, "geometry": { "type": "LineString", "coordinates": [ [ 6.7760147, 49.291977099999976 ], [ 6.7746108, 49.2918558 ] ] } },
{ "type": "Feature", "properties": { "voltage_kv": "380 kV", "operator_show": "RWE", "name_show": "–" }, "geometry": { "type": "LineString", "coordinates": [ [ 6.7760147, 49.291977099999976 ], [ 6.774573, 49.2921789 ] ] } },
{ "type": "Feature", "properties": { "voltage_kv": "380 kV", "operator_show": "RWE", "name_show": "–" }, "geometry": { "type": "LineString", "coordinates": [ [ 6.7765053, 49.2909653 ], [ 6.7674962, 49.28721010000001 ] ] } },
{ "type": "Feature", "properties": { "voltage_kv": "380 kV", "operator_show": "–", "name_show": "–" }, "geometry": { "type": "LineString", "coordinates": [ [ 10.7613586, 53.9099121 ], [ 10.7588334, 53.9099677 ] ] } },
{ "type": "Feature", "properties": { "voltage_kv": "380 kV", "operator_show": "–", "name_show": "Herrenwyk - Herrenwyk Baltic Cable" }, "geometry": { "type": "LineString", "coordinates": [ [ 10.802365, 53.8989653 ], [ 10.8022247, 53.8962212 ] ] } },
{ "type": "Feature", "properties": { "voltage_kv": "380 kV", "operator_show": "–", "name_show": "–" }, "geometry": { "type": "LineString", "coordinates": [ [ 10.7613491, 53.9096987 ], [ 10.7637442, 53.9091784 ] ] } },
{ "type": "Feature", "properties": { "voltage_kv": "380 kV", "operator_show": "–", "name_show": "–" }, "geometry": { "type": "LineString", "coordinates": [ [ 10.7637442, 53.9091784 ], [ 10.7614657, 53.909847399999983 ] ] } },
{ "type": "Feature", "properties": { "voltage_kv": "380 kV; 110 kV", "operator_show": "–", "name_show": "–" }, "geometry": { "type": "LineString", "coordinates": [ [ 10.7986864, 53.8979015 ], [ 10.7637442, 53.9091784 ] ] } },
{ "type": "Feature", "properties": { "voltage_kv": "380 kV", "operator_show": "Amprion", "name_show": "–" }, "geometry": { "type": "LineString", "coordinates": [ [ 6.4226471, 51.8119636 ], [ 6.4500847, 51.8323356 ] ] } },
{ "type": "Feature", "properties": { "voltage_kv": "380 kV", "operator_show": "TenneT TSO", "name_show": "–" }, "geometry": { "type": "LineString", "coordinates": [ [ 10.1454428, 49.9816139 ], [ 10.0956221, 49.966074 ], [ 10.0261635, 49.9855944 ], [ 9.7528019, 50.0070623 ], [ 9.5717439, 49.972424499999981 ], [ 9.3893829, 50.0213366 ], [ 9.2595817, 50.012181 ], [ 9.1505752, 50.0231458 ], [ 9.0887114, 49.97223240000001 ] ] } },
{ "type": "Feature", "properties": { "voltage_kv": "380 kV", "operator_show": "–", "name_show": "Bergrheinfeld - Grafenrheinfeld;Bergrheinfeld - Eltmann" }, "geometry": { "type": "LineString", "coordinates": [ [ 10.1871263, 49.9799001 ], [ 10.1632574, 49.9865622 ] ] } },
{ "type": "Feature", "properties": { "voltage_kv": "380 kV", "operator_show": "TenneT TSO GmbH", "name_show": "Eltmann - Redwitz;Oberhaid - Redwitz" }, "geometry": { "type": "LineString", "coordinates": [ [ 11.1042919, 49.9777036 ], [ 11.1091674, 49.9834574 ] ] } },
{ "type": "Feature", "properties": { "voltage_kv": "380 kV", "operator_show": "TenneT TSO", "name_show": "Ltg 436 Würgau - Redwitz" }, "geometry": { "type": "LineString", "coordinates": [ [ 11.1091674, 49.9834574 ], [ 11.1076596, 49.9806303 ] ] } },
{ "type": "Feature", "properties": { "voltage_kv": "380 kV", "operator_show": "TenneT TSO", "name_show": "–" }, "geometry": { "type": "LineString", "coordinates": [ [ 9.0944741, 50.1187721 ], [ 9.0973843, 50.1195793 ] ] } },
{ "type": "Feature", "properties": { "voltage_kv": "380 kV; 110 kV", "operator_show": "TenneT TSO GmbH;Avacon Netz GmbH", "name_show": "–" }, "geometry": { "type": "LineString", "coordinates": [ [ 9.0973843, 50.1195793 ], [ 9.1165838, 50.166985399999987 ] ] } },
{ "type": "Feature", "properties": { "voltage_kv": "380 kV; 110 kV", "operator_show": "TenneT;Schleswig-Holstein Netz AG", "name_show": "–" }, "geometry": { "type": "LineString", "coordinates": [ [ 9.7734275, 53.691822 ], [ 9.7731939, 53.6951128 ] ] } },
{ "type": "Feature", "properties": { "voltage_kv": "380 kV", "operator_show": "TenneT TSO", "name_show": "–" }, "geometry": { "type": "LineString", "coordinates": [ [ 9.7734275, 53.691822 ], [ 9.7752901, 53.6905088 ] ] } },
{ "type": "Feature", "properties": { "voltage_kv": "380 kV; 110 kV", "operator_show": "Amprion;Westnetz", "name_show": "–" }, "geometry": { "type": "LineString", "coordinates": [ [ 7.742095, 50.8745992 ], [ 7.7452968, 50.8929808 ], [ 7.6660268, 50.9296133 ] ] } },
{ "type": "Feature", "properties": { "voltage_kv": "380 kV", "operator_show": "50Hertz Transmission", "name_show": "Ltg 961 (A) Hamburg Ost" }, "geometry": { "type": "LineString", "coordinates": [ [ 9.9851581, 53.741460499999974 ], [ 9.9875808, 53.741106599999981 ] ] } },
{ "type": "Feature", "properties": { "voltage_kv": "380 kV", "operator_show": "50Hertz Transmission", "name_show": "Ltg 962 (B) Hamburg Ost" }, "geometry": { "type": "LineString", "coordinates": [ [ 9.9853665, 53.741947 ], [ 9.9875808, 53.741106599999981 ] ] } },
{ "type": "Feature", "properties": { "voltage_kv": "380 kV", "operator_show": "50Hertz Transmission", "name_show": "Ltg 951 (G) Brunsbüttel" }, "geometry": { "type": "LineString", "coordinates": [ [ 9.983159, 53.742100599999986 ], [ 9.9817241, 53.7422471 ] ] } },
{ "type": "Feature", "properties": { "voltage_kv": "380 kV", "operator_show": "50Hertz Transmission", "name_show": "Ltg 952 (H) Brunsbüttel" }, "geometry": { "type": "LineString", "coordinates": [ [ 9.9828854, 53.7414564 ], [ 9.9817241, 53.7422471 ] ] } },
{ "type": "Feature", "properties": { "voltage_kv": "380 kV", "operator_show": "RWE", "name_show": "380kV Hamaland + Münsterland" }, "geometry": { "type": "LineString", "coordinates": [ [ 6.9670047, 52.007602199999987 ], [ 6.966319, 52.0106294 ] ] } },
{ "type": "Feature", "properties": { "voltage_kv": "380 kV; 220 kV", "operator_show": "Amprion", "name_show": "–" }, "geometry": { "type": "LineString", "coordinates": [ [ 7.0158651, 52.1926446 ], [ 7.0116862, 52.1775245 ] ] } },
{ "type": "Feature", "properties": { "voltage_kv": "380 kV; 220 kV", "operator_show": "RWE", "name_show": "–" }, "geometry": { "type": "LineString", "coordinates": [ [ 7.039146, 52.1994036 ], [ 7.0367044, 52.2021365 ] ] } },
{ "type": "Feature", "properties": { "voltage_kv": "380 kV; 110 kV", "operator_show": "Energieversorgung Schwaben AG", "name_show": "Grafenrheinfeld - Kupferzell" }, "geometry": { "type": "LineString", "coordinates": [ [ 9.9300312, 49.5727679 ], [ 9.914307, 49.5224597 ], [ 9.8685219, 49.4941358 ], [ 9.8677213, 49.459207499999984 ] ] } },
{ "type": "Feature", "properties": { "voltage_kv": "380 kV; 220 kV; 110 kV", "operator_show": "Amprion", "name_show": "380 kV Uchtelfangen Ost|West; 220 kV Osburg; 1110kV Hermeskeil Ost" }, "geometry": { "type": "LineString", "coordinates": [ [ 6.8867057, 49.5260375 ], [ 6.9150831, 49.503249199999985 ], [ 6.9245404, 49.411435899999987 ], [ 6.9860071, 49.379075399999977 ] ] } },
{ "type": "Feature", "properties": { "voltage_kv": "380 kV; 220 kV", "operator_show": "RWE", "name_show": "380 kV Uchtelfangen Ost|West; 220 kV Osburg" }, "geometry": { "type": "LineString", "coordinates": [ [ 6.8895693, 49.6468746 ], [ 6.8890775, 49.644418899999984 ] ] } },
{ "type": "Feature", "properties": { "voltage_kv": "380 kV", "operator_show": "Amprion", "name_show": "380 kV Uchtelfangen Ost|West" }, "geometry": { "type": "LineString", "coordinates": [ [ 6.9860071, 49.379075399999977 ], [ 6.9907574, 49.3746528 ] ] } },
{ "type": "Feature", "properties": { "voltage_kv": "380 kV", "operator_show": "50Hertz Transmission", "name_show": "Ltg 574 Röhrsdorf - Remptendorf und 573 Weida - Remptendorf" }, "geometry": { "type": "LineString", "coordinates": [ [ 11.6548249, 50.5359577 ], [ 11.6479435, 50.5339563 ] ] } },
{ "type": "Feature", "properties": { "voltage_kv": "380 kV", "operator_show": "Amprion", "name_show": "380kV Westerwald West 1+Ost 2" }, "geometry": { "type": "LineString", "coordinates": [ [ 8.3627987, 50.6107716 ], [ 8.235516, 50.5965855 ], [ 8.1255428, 50.6286942 ], [ 8.0176728, 50.6365277 ] ] } },
{ "type": "Feature", "properties": { "voltage_kv": "380 kV", "operator_show": "RWE", "name_show": "–" }, "geometry": { "type": "LineString", "coordinates": [ [ 8.0120525, 51.4257233 ], [ 8.0298297, 51.4113684 ] ] } },
{ "type": "Feature", "properties": { "voltage_kv": "380 kV", "operator_show": "–", "name_show": "Herbertingen - Grünkraut" }, "geometry": { "type": "LineString", "coordinates": [ [ 9.4240527, 48.062954699999985 ], [ 9.4258891, 48.0646961 ] ] } },
{ "type": "Feature", "properties": { "voltage_kv": "380 kV; 220 kV", "operator_show": "Amprion", "name_show": "380 kV Bliestal Süd;Bürstadt Ltg.;220 kV Osburg Ltg.;Barbara Ltg." }, "geometry": { "type": "LineString", "coordinates": [ [ 7.0118438, 49.385504199999986 ], [ 7.1846946, 49.3815797 ], [ 7.2221713, 49.3626573 ] ] } },
{ "type": "Feature", "properties": { "voltage_kv": "380 kV", "operator_show": "Amprion", "name_show": "380kV Bliestal Süd, 380kV Bürstadt Ltg." }, "geometry": { "type": "LineString", "coordinates": [ [ 7.2221713, 49.3626573 ], [ 7.2334541, 49.368814799999988 ] ] } },
{ "type": "Feature", "properties": { "voltage_kv": "380 kV", "operator_show": "–", "name_show": "380 kV Röhe Nord" }, "geometry": { "type": "LineString", "coordinates": [ [ 6.2924139, 50.8301361 ], [ 6.28708, 50.830608199999986 ] ] } },
{ "type": "Feature", "properties": { "voltage_kv": "380 kV; 110 kV", "operator_show": "–", "name_show": "380 kV Röhe Nord" }, "geometry": { "type": "LineString", "coordinates": [ [ 6.28708, 50.830608199999986 ], [ 6.2690961, 50.8301987 ] ] } },
{ "type": "Feature", "properties": { "voltage_kv": "380 kV", "operator_show": "RWE", "name_show": "380 kV Röhe Nord" }, "geometry": { "type": "LineString", "coordinates": [ [ 6.2988932, 50.8311033 ], [ 6.2974683, 50.8306995 ] ] } },
{ "type": "Feature", "properties": { "voltage_kv": "380 kV; 110 kV", "operator_show": "RWE", "name_show": "380 kV Röhe Nord" }, "geometry": { "type": "LineString", "coordinates": [ [ 6.2974683, 50.8306995 ], [ 6.2924139, 50.8301361 ] ] } },
{ "type": "Feature", "properties": { "voltage_kv": "380 kV", "operator_show": "50Hertz Transmission", "name_show": "Ltg 463 Altenfeld" }, "geometry": { "type": "LineString", "coordinates": [ [ 11.6449693, 50.5343601 ], [ 11.6436032, 50.533823099999985 ] ] } },
{ "type": "Feature", "properties": { "voltage_kv": "380 kV", "operator_show": "Amprion", "name_show": "380 kV Knechtsteden West" }, "geometry": { "type": "LineString", "coordinates": [ [ 6.7081965, 51.0901851 ], [ 6.7083152, 51.089653799999979 ] ] } },
{ "type": "Feature", "properties": { "voltage_kv": "380 kV", "operator_show": "Amprion", "name_show": "380 kV Knechtsteden West" }, "geometry": { "type": "LineString", "coordinates": [ [ 6.7079659, 51.093679 ], [ 6.7081965, 51.0901851 ] ] } },
{ "type": "Feature", "properties": { "voltage_kv": "380 kV", "operator_show": "Amprion", "name_show": "380 kV Knechtsteden West;St. Peter Süd;220 kV Frixheim Nord" }, "geometry": { "type": "LineString", "coordinates": [ [ 6.7083152, 51.089653799999979 ], [ 6.7099505, 51.088107 ] ] } },
{ "type": "Feature", "properties": { "voltage_kv": "380 kV; 220 kV", "operator_show": "Amprion", "name_show": "380 kV Neurath 2b;220 kV Frimmersdorf 5e" }, "geometry": { "type": "LineString", "coordinates": [ [ 6.703685, 51.0909761 ], [ 6.7068995, 51.0902216 ] ] } },
{ "type": "Feature", "properties": { "voltage_kv": "380 kV", "operator_show": "Badenwerk", "name_show": "Elsenz" }, "geometry": { "type": "LineString", "coordinates": [ [ 9.0890693, 49.2946743 ], [ 9.0908694, 49.293818 ] ] } },
{ "type": "Feature", "properties": { "voltage_kv": "380 kV", "operator_show": "TenneT TSO GmbH", "name_show": "Grafenrheinfeld - Eltmann;Grafenrheinfeld - Oberhaid" }, "geometry": { "type": "LineString", "coordinates": [ [ 10.2385577, 49.9730131 ], [ 10.1904836, 49.97937850000001 ] ] } },
{ "type": "Feature", "properties": { "voltage_kv": "380 kV; 110 kV", "operator_show": "TenneT TSO", "name_show": "Ltg 437 und 248 Etzenricht - Mechlenreuth sowie Etzenricht - Latsch;Etzenricht - Windischeschenbach" }, "geometry": { "type": "LineString", "coordinates": [ [ 12.1135949, 49.6333954 ], [ 12.0811909, 49.6668019 ] ] } },
{ "type": "Feature", "properties": { "voltage_kv": "380 kV; 110 kV", "operator_show": "Amprion;Westnetz", "name_show": "–" }, "geometry": { "type": "LineString", "coordinates": [ [ 8.2842276, 51.2234754 ], [ 8.2891265, 51.2541594 ], [ 8.3573362, 51.3082978 ] ] } },
{ "type": "Feature", "properties": { "voltage_kv": "380 kV; 110 kV", "operator_show": "RWE", "name_show": "–" }, "geometry": { "type": "LineString", "coordinates": [ [ 8.0298297, 51.4113684 ], [ 8.0095182, 51.3645892 ] ] } },
{ "type": "Feature", "properties": { "voltage_kv": "380 kV; 110 kV", "operator_show": "RWE", "name_show": "–" }, "geometry": { "type": "LineString", "coordinates": [ [ 7.9853621, 51.469071 ], [ 8.0037513, 51.4444034 ] ] } },
{ "type": "Feature", "properties": { "voltage_kv": "380 kV", "operator_show": "RWE", "name_show": "380 kV Neurath 2b" }, "geometry": { "type": "LineString", "coordinates": [ [ 6.6127863, 51.0361728 ], [ 6.6120796, 51.03451840000001 ] ] } },
{ "type": "Feature", "properties": { "voltage_kv": "380 kV", "operator_show": "Amprion", "name_show": "380 kV Neurath 3c" }, "geometry": { "type": "LineString", "coordinates": [ [ 6.6181794, 51.0534575 ], [ 6.662, 51.037616 ] ] } },
{ "type": "Feature", "properties": { "voltage_kv": "380 kV", "operator_show": "RWE", "name_show": "380 kV Neurath 4d" }, "geometry": { "type": "LineString", "coordinates": [ [ 6.6562473, 51.0365835 ], [ 6.6619848, 51.0370276 ] ] } },
{ "type": "Feature", "properties": { "voltage_kv": "380 kV", "operator_show": "RWE", "name_show": "380 kV Neurath 4d|5e" }, "geometry": { "type": "LineString", "coordinates": [ [ 6.6562473, 51.0365835 ], [ 6.6488332, 51.0317443 ] ] } },
{ "type": "Feature", "properties": { "voltage_kv": "380 kV", "operator_show": "RWE", "name_show": "380 kV Neurath 4d|5e" }, "geometry": { "type": "LineString", "coordinates": [ [ 6.6322852, 51.034425 ], [ 6.6344385, 51.033959 ] ] } },
{ "type": "Feature", "properties": { "voltage_kv": "380 kV", "operator_show": "RWE", "name_show": "380 kV Neurath 5e" }, "geometry": { "type": "LineString", "coordinates": [ [ 6.662, 51.037616 ], [ 6.6562473, 51.0365835 ] ] } },
{ "type": "Feature", "properties": { "voltage_kv": "380 kV; 110 kV", "operator_show": "Avacon Netz", "name_show": "–" }, "geometry": { "type": "LineString", "coordinates": [ [ 8.6620215, 50.5194555 ], [ 8.633188, 50.5270025 ], [ 8.627779, 50.5473171 ], [ 8.653873, 50.5950439 ] ] } },
{ "type": "Feature", "properties": { "voltage_kv": "380 kV; 380 kV; 110 kV; 110 kV", "operator_show": "TenneT TSO GmbH;E.ON Netz GmbH", "name_show": "Grafenrheinfeld - Eltmann;Grafenrheinfeld - Oberhaid;Haßfurt - Heidenfeld - Schwebheim;Eltmann - Knetzgau" }, "geometry": { "type": "LineString", "coordinates": [ [ 10.5618046, 49.9785487 ], [ 10.5558179, 49.9781661 ] ] } },
{ "type": "Feature", "properties": { "voltage_kv": "380 kV; 220 kV; 110 kV", "operator_show": "TenneT TSO GmbH;E.ON Netz GmbH", "name_show": "Grafenrheinfeld - Raitersaich;Bergrheinfeld - Raitersaich;Brünnstadt - Heidenfeld - Schwebheim;Brünnstadt - Knetzgau" }, "geometry": { "type": "LineString", "coordinates": [ [ 10.2819567, 49.9012265 ], [ 10.2390717, 49.9724529 ] ] } },
{ "type": "Feature", "properties": { "voltage_kv": "380 kV", "operator_show": "Amprion", "name_show": "380kV Bürstadt Ltg. | 380kV Kaiserslautern Süd" }, "geometry": { "type": "LineString", "coordinates": [ [ 7.3047645, 49.3848599 ], [ 7.2371565, 49.3697133 ] ] } },
{ "type": "Feature", "properties": { "voltage_kv": "380 kV", "operator_show": "EnBW", "name_show": "–" }, "geometry": { "type": "LineString", "coordinates": [ [ 9.2164062, 48.8521102 ], [ 9.2166898, 48.853417399999984 ] ] } },
{ "type": "Feature", "properties": { "voltage_kv": "380 kV", "operator_show": "TenneT TSO", "name_show": "Irsching - Raitersaich" }, "geometry": { "type": "LineString", "coordinates": [ [ 11.508636, 48.7620094 ], [ 11.533048, 48.7817208 ], [ 11.5834338, 48.7642882 ] ] } },
{ "type": "Feature", "properties": { "voltage_kv": "380 kV", "operator_show": "TenneT TSO", "name_show": "Irsching - Raitersaich" }, "geometry": { "type": "LineString", "coordinates": [ [ 11.5081272, 48.7621558 ], [ 11.508636, 48.7620094 ] ] } },
{ "type": "Feature", "properties": { "voltage_kv": "380 kV", "operator_show": "–", "name_show": "–" }, "geometry": { "type": "LineString", "coordinates": [ [ 6.2193727, 50.943371499999984 ], [ 6.2140987, 50.9435798 ] ] } },
{ "type": "Feature", "properties": { "voltage_kv": "380 kV; 110 kV", "operator_show": "RWE", "name_show": "–" }, "geometry": { "type": "LineString", "coordinates": [ [ 6.2193727, 50.943371499999984 ], [ 6.2140154, 50.943899899999977 ] ] } },
{ "type": "Feature", "properties": { "voltage_kv": "380 kV", "operator_show": "Amprion", "name_show": "–" }, "geometry": { "type": "LineString", "coordinates": [ [ 6.2140154, 50.943899899999977 ], [ 6.2079386, 50.9441647 ] ] } },
{ "type": "Feature", "properties": { "voltage_kv": "380 kV; 110 kV", "operator_show": "RWE", "name_show": "–" }, "geometry": { "type": "LineString", "coordinates": [ [ 6.2079386, 50.9441647 ], [ 6.133662, 50.979198499999988 ] ] } },
{ "type": "Feature", "properties": { "voltage_kv": "380 kV; 220 kV", "operator_show": "TenneT TSO GmbH", "name_show": "Grafenrheinfeld - Raitersaich;Bergrheinfeld - Raitersaich" }, "geometry": { "type": "LineString", "coordinates": [ [ 10.2390717, 49.9724529 ], [ 10.1899825, 49.9790215 ] ] } },
{ "type": "Feature", "properties": { "voltage_kv": "380 kV", "operator_show": "–", "name_show": "–" }, "geometry": { "type": "LineString", "coordinates": [ [ 9.2069222, 49.177732699999979 ], [ 9.1803168, 49.177638099999982 ], [ 9.143244, 49.1499291 ] ] } },
{ "type": "Feature", "properties": { "voltage_kv": "380 kV", "operator_show": "TransnetBW GmbH", "name_show": "–" }, "geometry": { "type": "LineString", "coordinates": [ [ 9.1475021, 49.1446876 ], [ 9.143244, 49.1499291 ] ] } },
{ "type": "Feature", "properties": { "voltage_kv": "380 kV; 0 kV", "operator_show": "TransnetBW", "name_show": "–" }, "geometry": { "type": "LineString", "coordinates": [ [ 9.6929057, 49.233648 ], [ 9.4626703, 49.26153129999998 ], [ 9.3001055, 49.250455299999985 ], [ 9.221276, 49.2127751 ] ] } },
{ "type": "Feature", "properties": { "voltage_kv": "380 kV", "operator_show": "TransnetBW", "name_show": "–" }, "geometry": { "type": "LineString", "coordinates": [ [ 9.6944327, 49.2337878 ], [ 9.6929057, 49.233648 ] ] } },
{ "type": "Feature", "properties": { "voltage_kv": "380 kV", "operator_show": "EnBW Transportnetze AG", "name_show": "2x 380 kV" }, "geometry": { "type": "LineString", "coordinates": [ [ 8.9221631, 48.6643721 ], [ 8.918221, 48.661167700000014 ] ] } },
{ "type": "Feature", "properties": { "voltage_kv": "380 kV; 110 kV", "operator_show": "Netze BW GmbH;TransnetBW GmbH", "name_show": "2x 380 kV ; 1x 110 kV" }, "geometry": { "type": "LineString", "coordinates": [ [ 8.8718148, 48.628330400000017 ], [ 8.7960505, 48.6111065 ], [ 8.7860607, 48.5853981 ] ] } },
{ "type": "Feature", "properties": { "voltage_kv": "380 kV; 220 kV", "operator_show": "50Hertz Transmission", "name_show": "Ltg 207 Röhrsdorf - Weida und 208 Eula - Weida sowie Ltg 573 Weida - Remptendorf und Ltg 575 Röhrsdorf - Weida" }, "geometry": { "type": "LineString", "coordinates": [ [ 12.0515168, 50.7879383 ], [ 12.0480037, 50.7818821 ] ] } },
{ "type": "Feature", "properties": { "voltage_kv": "380 kV", "operator_show": "50Hertz Transmission", "name_show": "Ltg 574 Röhrsdorf - Remptendorf" }, "geometry": { "type": "LineString", "coordinates": [ [ 12.0465663, 50.7980515 ], [ 12.0441179, 50.7959208 ] ] } },
{ "type": "Feature", "properties": { "voltage_kv": "380 kV; 220 kV", "operator_show": "RWE", "name_show": "–" }, "geometry": { "type": "LineString", "coordinates": [ [ 8.1228405, 49.5769887 ], [ 8.0815867, 49.57792160000001 ] ] } },
{ "type": "Feature", "properties": { "voltage_kv": "380 kV; 220 kV", "operator_show": "RWE", "name_show": "–" }, "geometry": { "type": "LineString", "coordinates": [ [ 8.1601465, 49.5756072 ], [ 8.1228405, 49.5769887 ] ] } },
{ "type": "Feature", "properties": { "voltage_kv": "380 kV", "operator_show": "–", "name_show": "Ltg MQ und MR Boxberg - Bärwalde" }, "geometry": { "type": "LineString", "coordinates": [ [ 14.5538332, 51.4099529 ], [ 14.5089768, 51.4157372 ] ] } },
{ "type": "Feature", "properties": { "voltage_kv": "380 kV", "operator_show": "–", "name_show": "HUEFF-HOEPF" }, "geometry": { "type": "LineString", "coordinates": [ [ 9.3503647, 49.4911782 ], [ 9.4401617, 49.547731 ], [ 9.4455963, 49.590049 ] ] } },
{ "type": "Feature", "properties": { "voltage_kv": "380 kV", "operator_show": "50Hertz Transmission", "name_show": "Ltg 449 Mecklar - Vieselbach und 450 Mecklar - Eisenach" }, "geometry": { "type": "LineString", "coordinates": [ [ 9.9957924, 50.9772776 ], [ 10.0429579, 50.9600589 ], [ 10.0891758, 50.9991224 ] ] } },
{ "type": "Feature", "properties": { "voltage_kv": "380 kV; 220 kV", "operator_show": "Badenwerk", "name_show": "Elsenz" }, "geometry": { "type": "LineString", "coordinates": [ [ 8.7539107, 49.308671299999986 ], [ 9.0093317, 49.3188807 ], [ 9.0890693, 49.2946743 ] ] } },
{ "type": "Feature", "properties": { "voltage_kv": "380 kV; 110 kV; 20 kV", "operator_show": "–", "name_show": "HUEFF-WIESL-NEURO;LEIMN-WIESL-BAIER" }, "geometry": { "type": "LineString", "coordinates": [ [ 8.7189121, 49.3051573 ], [ 8.7058985, 49.3078456 ] ] } },
{ "type": "Feature", "properties": { "voltage_kv": "380 kV; 220 kV", "operator_show": "EnBW;RWE", "name_show": "Anlage 9340" }, "geometry": { "type": "LineString", "coordinates": [ [ 9.2079487, 49.0319382 ], [ 9.2042047, 49.0403506 ] ] } },
{ "type": "Feature", "properties": { "voltage_kv": "380 kV", "operator_show": "TransnetBW", "name_show": "Goldshöfe - Kupferzell" }, "geometry": { "type": "LineString", "coordinates": [ [ 9.7078202, 49.2309036 ], [ 9.8269517, 49.121983 ], [ 9.9132633, 49.1152661 ], [ 9.9413303, 49.096408 ], [ 9.9660807, 48.973558700000012 ], [ 10.0013465, 48.9364339 ], [ 10.1122612, 48.9117833 ], [ 10.1185442, 48.8977939 ] ] } },
{ "type": "Feature", "properties": { "voltage_kv": "380 kV; 220 kV", "operator_show": "TransnetBW", "name_show": "HUEFF-WIESL-NEURO;WIESL-NEURO" }, "geometry": { "type": "LineString", "coordinates": [ [ 8.6288118, 49.333326599999985 ], [ 8.6700993, 49.3092023 ] ] } },
{ "type": "Feature", "properties": { "voltage_kv": "380 kV", "operator_show": "TransnetBW GmbH", "name_show": "–" }, "geometry": { "type": "LineString", "coordinates": [ [ 8.6259157, 49.3550591 ], [ 8.6230594, 49.3557066 ] ] } },
{ "type": "Feature", "properties": { "voltage_kv": "380 kV", "operator_show": "TenneT TSO", "name_show": "–" }, "geometry": { "type": "LineString", "coordinates": [ [ 9.5736759, 50.3882401 ], [ 9.3186904, 50.389703200000014 ], [ 9.127318, 50.217229599999989 ] ] } },
{ "type": "Feature", "properties": { "voltage_kv": "400 kV", "operator_show": "Polskie Sieci Elektroenergetyczne", "name_show": "LNN 400kV Mikułowa–Turów X" }, "geometry": { "type": "LineString", "coordinates": [ [ 14.9089232, 50.950109599999983 ], [ 15.0112272, 51.0699208 ], [ 15.1150081, 51.0917785 ] ] } },
{ "type": "Feature", "properties": { "voltage_kv": "380 kV", "operator_show": "RWE", "name_show": "380kV Recklinghausen" }, "geometry": { "type": "LineString", "coordinates": [ [ 7.1380811, 51.5605918 ], [ 7.1393281, 51.5569777 ] ] } },
{ "type": "Feature", "properties": { "voltage_kv": "380 kV; 220 kV", "operator_show": "TransnetBW GmbH", "name_show": "Anlage 332" }, "geometry": { "type": "LineString", "coordinates": [ [ 9.1436006, 48.9293294 ], [ 9.149231, 48.9281162 ] ] } },
{ "type": "Feature", "properties": { "voltage_kv": "380 kV; 220 kV; 110 kV", "operator_show": "Netze BW GmbH;TransnetBW GmbH", "name_show": "Anlage 332" }, "geometry": { "type": "LineString", "coordinates": [ [ 9.149231, 48.9281162 ], [ 9.1847588, 48.9216783 ] ] } },
{ "type": "Feature", "properties": { "voltage_kv": "380 kV; 220 kV; 110 kV", "operator_show": "Netze BW GmbH;TransnetBW GmbH", "name_show": "Anlage 332" }, "geometry": { "type": "LineString", "coordinates": [ [ 9.0479259, 48.9061637 ], [ 9.1436006, 48.9293294 ] ] } },
{ "type": "Feature", "properties": { "voltage_kv": "380 kV", "operator_show": "Amprion", "name_show": "380kV Hessen Ost+Nassau Ltg" }, "geometry": { "type": "LineString", "coordinates": [ [ 8.1238717, 50.30985 ], [ 8.1116405, 50.371068 ], [ 8.0671149, 50.4052028 ] ] } },
{ "type": "Feature", "properties": { "voltage_kv": "380 kV", "operator_show": "TenneT TSO", "name_show": "–" }, "geometry": { "type": "LineString", "coordinates": [ [ 8.9533521, 50.084419 ], [ 8.9507418, 50.086544 ] ] } },
{ "type": "Feature", "properties": { "voltage_kv": "380 kV", "operator_show": "TenneT TSO", "name_show": "–" }, "geometry": { "type": "LineString", "coordinates": [ [ 8.9542811, 50.084604699999986 ], [ 8.9527477, 50.087127199999983 ] ] } },
{ "type": "Feature", "properties": { "voltage_kv": "380 kV", "operator_show": "TenneT TSO", "name_show": "–" }, "geometry": { "type": "LineString", "coordinates": [ [ 8.9547985, 50.084881399999986 ], [ 8.9539078, 50.0864122 ] ] } },
{ "type": "Feature", "properties": { "voltage_kv": "380 kV", "operator_show": "TenneT", "name_show": "–" }, "geometry": { "type": "LineString", "coordinates": [ [ 9.239859, 53.912584099999982 ], [ 9.2373058, 53.9147707 ] ] } },
{ "type": "Feature", "properties": { "voltage_kv": "380 kV", "operator_show": "50Hertz Transmission", "name_show": "Ltg 415 Vieselbach - Großschwabhausen - Remptendorf" }, "geometry": { "type": "LineString", "coordinates": [ [ 11.4295305, 50.911517600000018 ], [ 11.4703174, 50.9303738 ] ] } },
{ "type": "Feature", "properties": { "voltage_kv": "380 kV", "operator_show": "RWE", "name_show": "380kV Oerkhaus West" }, "geometry": { "type": "LineString", "coordinates": [ [ 7.125393, 51.5247574 ], [ 7.1245768, 51.525612099999989 ] ] } },
{ "type": "Feature", "properties": { "voltage_kv": "380 kV", "operator_show": "TenneT TSO", "name_show": "–" }, "geometry": { "type": "LineString", "coordinates": [ [ 9.7709279, 50.5281825 ], [ 9.74635, 50.5287781 ] ] } },
{ "type": "Feature", "properties": { "voltage_kv": "380 kV", "operator_show": "TenneT TSO GmbH", "name_show": "–" }, "geometry": { "type": "LineString", "coordinates": [ [ 9.3906516, 52.024596599999981 ], [ 9.3615218, 51.955186399999988 ], [ 9.2873155, 51.904069099999987 ], [ 9.2605506, 51.859132 ], [ 9.2689567, 51.8326222 ], [ 9.2319021, 51.8101933 ] ] } },
{ "type": "Feature", "properties": { "voltage_kv": "380 kV", "operator_show": "TransnetBW GmbH", "name_show": "Anlage 335;PULVE - OBJTT - ENGST" }, "geometry": { "type": "LineString", "coordinates": [ [ 8.7874851, 48.5833556 ], [ 8.7863487, 48.5827653 ] ] } },
{ "type": "Feature", "properties": { "voltage_kv": "380 kV", "operator_show": "50Hertz Transmission", "name_show": "Ltg 419 Krümmel - Görries" }, "geometry": { "type": "LineString", "coordinates": [ [ 11.3636415, 53.5971105 ], [ 11.3691148, 53.5988129 ] ] } },
{ "type": "Feature", "properties": { "voltage_kv": "380 kV", "operator_show": "50Hertz Transmission", "name_show": "Ltg 420 Krümmel - Wessin und 423 Görries - Güstrow" }, "geometry": { "type": "LineString", "coordinates": [ [ 11.370298, 53.5949848 ], [ 11.4755209, 53.5643983 ], [ 11.6450479, 53.559852299999982 ], [ 11.6988822, 53.5732858 ] ] } },
{ "type": "Feature", "properties": { "voltage_kv": "380 kV", "operator_show": "50Hertz Transmission", "name_show": "Ltg 420 Krümmel - Wessin" }, "geometry": { "type": "LineString", "coordinates": [ [ 11.3636415, 53.5971105 ], [ 11.370298, 53.5949848 ] ] } },
{ "type": "Feature", "properties": { "voltage_kv": "380 kV; 110 kV", "operator_show": "TransnetBW;Netze BW", "name_show": "–" }, "geometry": { "type": "LineString", "coordinates": [ [ 8.5775364, 49.1336858 ], [ 8.6027772, 49.1558714 ] ] } },
{ "type": "Feature", "properties": { "voltage_kv": "380 kV", "operator_show": "TransnetBW", "name_show": "–" }, "geometry": { "type": "LineString", "coordinates": [ [ 7.7540321, 48.0930345 ], [ 7.7542459, 48.09931409999998 ] ] } },
{ "type": "Feature", "properties": { "voltage_kv": "380 kV", "operator_show": "50Hertz Transmission", "name_show": "Ltg 461 und 462 Goldisthal - Altenfeld" }, "geometry": { "type": "LineString", "coordinates": [ [ 11.0054073, 50.5073018 ], [ 10.9977015, 50.530292399999986 ] ] } },
{ "type": "Feature", "properties": { "voltage_kv": "380 kV", "operator_show": "–", "name_show": "–" }, "geometry": { "type": "LineString", "coordinates": [ [ 8.2584134, 47.6324098 ], [ 8.2601055, 47.632025400000011 ] ] } },
{ "type": "Feature", "properties": { "voltage_kv": "380 kV", "operator_show": "–", "name_show": "–" }, "geometry": { "type": "LineString", "coordinates": [ [ 8.2563764, 47.6309724 ], [ 8.2550741, 47.634038 ] ] } },
{ "type": "Feature", "properties": { "voltage_kv": "380 kV", "operator_show": "TransnetBW GmbH", "name_show": "BZW-WDL/MEZ 380 kV, TRS-WDL 220 kV" }, "geometry": { "type": "LineString", "coordinates": [ [ 9.4028979, 48.6660726 ], [ 9.3938252, 48.6495803 ] ] } },
{ "type": "Feature", "properties": { "voltage_kv": "380 kV", "operator_show": "50Hertz Transmission", "name_show": "Ltg 574 Röhrsdorf - Remptendorf und Ltg 573 Weida - Remptendorf" }, "geometry": { "type": "LineString", "coordinates": [ [ 12.0441179, 50.7959208 ], [ 11.9808041, 50.7847287 ], [ 11.9430658, 50.7059524 ], [ 11.8520281, 50.624968299999971 ], [ 11.8050651, 50.6168993 ], [ 11.748881, 50.5710701 ], [ 11.6548249, 50.5359577 ] ] } },
{ "type": "Feature", "properties": { "voltage_kv": "380 kV; 220 kV", "operator_show": "–", "name_show": "–" }, "geometry": { "type": "LineString", "coordinates": [ [ 7.4914251, 50.35056560000001 ], [ 7.4993606, 50.3459005 ] ] } },
{ "type": "Feature", "properties": { "voltage_kv": "380 kV", "operator_show": "Amprion GmbH", "name_show": "Wonnegau West" }, "geometry": { "type": "LineString", "coordinates": [ [ 8.4223067, 49.6333778 ], [ 8.4240321, 49.6323474 ] ] } },
{ "type": "Feature", "properties": { "voltage_kv": "380 kV; 220 kV; 110 kV", "operator_show": "Amprion", "name_show": "380 kV Gilzem Ost;Uchtelfangen West;220 kV Wengerohr" }, "geometry": { "type": "LineString", "coordinates": [ [ 6.4782298, 49.9185773 ], [ 6.5120236, 49.8835779 ] ] } },
{ "type": "Feature", "properties": { "voltage_kv": "380 kV", "operator_show": "TenneT", "name_show": "Leitung 3019" }, "geometry": { "type": "LineString", "coordinates": [ [ 9.4137028, 52.0274433 ], [ 9.4116591, 52.0338756 ] ] } },
{ "type": "Feature", "properties": { "voltage_kv": "380 kV", "operator_show": "TenneT", "name_show": "Leitung 3027" }, "geometry": { "type": "LineString", "coordinates": [ [ 9.4137028, 52.0274433 ], [ 9.5434835, 52.0106442 ], [ 9.5912114, 52.023398299999975 ], [ 9.59704, 52.0662056 ], [ 9.7276388, 52.127884499999986 ], [ 9.7275461, 52.1556815 ], [ 9.8118369, 52.2551818 ], [ 9.9162122, 52.2777982 ] ] } },
{ "type": "Feature", "properties": { "voltage_kv": "380 kV", "operator_show": "TenneT TSO GmbH", "name_show": "Leitung 3027" }, "geometry": { "type": "LineString", "coordinates": [ [ 9.3919781, 52.0270214 ], [ 9.4137028, 52.0274433 ] ] } },
{ "type": "Feature", "properties": { "voltage_kv": "380 kV; 110 kV", "operator_show": "TenneT TSO", "name_show": "Ltg 437 Etzenricht - Mechlenreuth sowie Latsch - Tirschenreuth - Wiesau;Windischeschenbach - Tirschenreuth - Mitterteich" }, "geometry": { "type": "LineString", "coordinates": [ [ 12.1564404, 49.8075877 ], [ 12.1993245, 49.81342990000001 ], [ 12.2188914, 49.8865018 ] ] } },
{ "type": "Feature", "properties": { "voltage_kv": "380 kV; 110 kV", "operator_show": "RWE", "name_show": "–" }, "geometry": { "type": "LineString", "coordinates": [ [ 8.355514, 51.3551655 ], [ 8.380139, 51.3417163 ] ] } },
{ "type": "Feature", "properties": { "voltage_kv": "380 kV", "operator_show": "Amprion;Westnetz", "name_show": "–" }, "geometry": { "type": "LineString", "coordinates": [ [ 8.9079328, 51.39009810000001 ], [ 8.9018404, 51.3930114 ] ] } },
{ "type": "Feature", "properties": { "voltage_kv": "380 kV; 110 kV", "operator_show": "Amprion;Westnetz", "name_show": "–" }, "geometry": { "type": "LineString", "coordinates": [ [ 8.6677816, 51.4371488 ], [ 8.6328338, 51.4300951 ] ] } },
{ "type": "Feature", "properties": { "voltage_kv": "380 kV; 110 kV", "operator_show": "Amprion;Westnetz", "name_show": "–" }, "geometry": { "type": "LineString", "coordinates": [ [ 8.7897023, 51.4260835 ], [ 8.6840986, 51.435047299999987 ] ] } },
{ "type": "Feature", "properties": { "voltage_kv": "380 kV; 220 kV; 110 kV", "operator_show": "Amprion", "name_show": "380 kV Gilzem Ost;Uchtelfangen West;220 kV Osburg" }, "geometry": { "type": "LineString", "coordinates": [ [ 6.7934258, 49.819267 ], [ 6.786877, 49.7772942 ], [ 6.8229132, 49.743873 ], [ 6.8114974, 49.7247265 ] ] } },
{ "type": "Feature", "properties": { "voltage_kv": "380 kV", "operator_show": "Amprion", "name_show": "380kV Bürstadt Ltg. | 380kV Kaiserslautern Süd" }, "geometry": { "type": "LineString", "coordinates": [ [ 7.7226942, 49.4877849 ], [ 7.7189563, 49.487538 ] ] } },
{ "type": "Feature", "properties": { "voltage_kv": "380 kV", "operator_show": "–", "name_show": "–" }, "geometry": { "type": "LineString", "coordinates": [ [ 7.7270358, 49.483692799999986 ], [ 7.7263447, 49.484377 ] ] } },
{ "type": "Feature", "properties": { "voltage_kv": "380 kV; 220 kV", "operator_show": "RWE", "name_show": "–" }, "geometry": { "type": "LineString", "coordinates": [ [ 8.0815867, 49.57792160000001 ], [ 8.0062196, 49.5895727 ], [ 7.9257466, 49.578170499999985 ], [ 7.8493832, 49.5447401 ], [ 7.8107978, 49.5056667 ], [ 7.7226942, 49.4877849 ] ] } },
{ "type": "Feature", "properties": { "voltage_kv": "380 kV", "operator_show": "RWE", "name_show": "380kV Sauerland Nord" }, "geometry": { "type": "LineString", "coordinates": [ [ 8.6235019, 51.4285731 ], [ 8.62543, 51.428118200000014 ] ] } },
{ "type": "Feature", "properties": { "voltage_kv": "380 kV", "operator_show": "RWE", "name_show": "380kV Sauerland Süd" }, "geometry": { "type": "LineString", "coordinates": [ [ 8.6235019, 51.4285731 ], [ 8.625326, 51.4279525 ] ] } },
{ "type": "Feature", "properties": { "voltage_kv": "380 kV", "operator_show": "EnBW", "name_show": "–" }, "geometry": { "type": "LineString", "coordinates": [ [ 10.1176299, 48.8955925 ], [ 10.1174697, 48.897203 ] ] } },
{ "type": "Feature", "properties": { "voltage_kv": "380 kV", "operator_show": "Amprion", "name_show": "380kV Arpe West+Sauerland Nord" }, "geometry": { "type": "LineString", "coordinates": [ [ 7.9909212, 51.6824839 ], [ 7.9972417, 51.6568143 ] ] } },
{ "type": "Feature", "properties": { "voltage_kv": "380 kV", "operator_show": "–", "name_show": "Herbertingen - Grünkraut" }, "geometry": { "type": "LineString", "coordinates": [ [ 9.6447407, 47.744302200000014 ], [ 9.6440394, 47.744610499999972 ] ] } },
{ "type": "Feature", "properties": { "voltage_kv": "380 kV", "operator_show": "–", "name_show": "Obermoosweiler-Grünkraut" }, "geometry": { "type": "LineString", "coordinates": [ [ 9.6448738, 47.7442343 ], [ 9.6453776, 47.7439007 ] ] } },
{ "type": "Feature", "properties": { "voltage_kv": "380 kV; 220 kV", "operator_show": "RWE", "name_show": "–" }, "geometry": { "type": "LineString", "coordinates": [ [ 7.8687206, 50.7645429 ], [ 7.90956, 50.728823 ] ] } },
{ "type": "Feature", "properties": { "voltage_kv": "380 kV", "operator_show": "–", "name_show": "–" }, "geometry": { "type": "LineString", "coordinates": [ [ 8.4827182, 50.5919257 ], [ 8.4810775, 50.59256640000001 ] ] } },
{ "type": "Feature", "properties": { "voltage_kv": "380 kV", "operator_show": "E.ON", "name_show": "–" }, "geometry": { "type": "LineString", "coordinates": [ [ 8.4810775, 50.59256640000001 ], [ 8.4777095, 50.59428 ] ] } },
{ "type": "Feature", "properties": { "voltage_kv": "380 kV; 0 kV", "operator_show": "Amprion", "name_show": "380kV Nassau Ltg" }, "geometry": { "type": "LineString", "coordinates": [ [ 8.1238717, 50.30985 ], [ 7.9885481, 50.3195792 ], [ 7.8913903, 50.3587006 ], [ 7.6613329, 50.3862376 ] ] } },
{ "type": "Feature", "properties": { "voltage_kv": "380 kV; 220 kV", "operator_show": "EnBW", "name_show": "HUEFF-WIESL-NEURO;WIESL-NEURO" }, "geometry": { "type": "LineString", "coordinates": [ [ 8.6725803, 49.304532299999984 ], [ 8.6700993, 49.3092023 ] ] } },
{ "type": "Feature", "properties": { "voltage_kv": "380 kV; 220 kV", "operator_show": "RWE", "name_show": "Bienwald West 220 kV;Kaiserslautern Süd 380 kV;Weingarten Ltg. 220 kV;6 * 380 kV, 3 * 220 kV" }, "geometry": { "type": "LineString", "coordinates": [ [ 8.3092864, 49.31326880000001 ], [ 8.3378777, 49.409592099999983 ] ] } },
{ "type": "Feature", "properties": { "voltage_kv": "380 kV; 220 kV", "operator_show": "RWE", "name_show": "–" }, "geometry": { "type": "LineString", "coordinates": [ [ 8.295656, 49.529997 ], [ 8.3465649, 49.5606594 ], [ 8.3924707, 49.5677429 ] ] } },
{ "type": "Feature", "properties": { "voltage_kv": "380 kV; 220 kV", "operator_show": "Amprion", "name_show": "–" }, "geometry": { "type": "LineString", "coordinates": [ [ 8.2877738, 49.526527599999987 ], [ 8.1601465, 49.5756072 ] ] } },
{ "type": "Feature", "properties": { "voltage_kv": "380 kV; 220 kV", "operator_show": "Amprion GmbH", "name_show": "380 kV Bürstadt Ltg.;220 kV Anilin 3c|4d;Roxheim Nord" }, "geometry": { "type": "LineString", "coordinates": [ [ 8.3924707, 49.5677429 ], [ 8.4165653, 49.6290452 ] ] } },
{ "type": "Feature", "properties": { "voltage_kv": "380 kV", "operator_show": "Amprion", "name_show": "Kugelberg Ost/West" }, "geometry": { "type": "LineString", "coordinates": [ [ 8.5503074, 49.4387541 ], [ 8.6075426, 49.4021425 ], [ 8.6084224, 49.3671095 ], [ 8.6766416, 49.34019989999998 ], [ 8.6743634, 49.2911285 ], [ 8.6956059, 49.2639137 ], [ 8.7326509, 49.258824599999983 ], [ 8.7684258, 49.2182223 ], [ 8.868343, 49.2023411 ], [ 8.9266939, 49.1482958 ], [ 8.9897519, 49.1261242 ], [ 8.9898487, 49.087821 ], [ 9.0299399, 49.0754385 ], [ 9.1110399, 49.020354100000013 ], [ 9.1252318, 48.9915125 ], [ 9.155347, 48.982928800000018 ], [ 9.1701875, 48.924167099999984 ], [ 9.1900225, 48.916324300000014 ] ] } },
{ "type": "Feature", "properties": { "voltage_kv": "380 kV; 380 kV; 220 kV", "operator_show": "TransnetBW", "name_show": "–" }, "geometry": { "type": "LineString", "coordinates": [ [ 8.6288118, 49.333326599999985 ], [ 8.6298847, 49.3529668 ] ] } },
{ "type": "Feature", "properties": { "voltage_kv": "380 kV; 110 kV", "operator_show": "DB Energie GmbH;EnBW", "name_show": "–" }, "geometry": { "type": "LineString", "coordinates": [ [ 9.1768807, 49.035194899999986 ], [ 9.2031151, 49.030595299999987 ] ] } },
{ "type": "Feature", "properties": { "voltage_kv": "380 kV", "operator_show": "–", "name_show": "–" }, "geometry": { "type": "LineString", "coordinates": [ [ 9.1768437, 49.039618499999982 ], [ 9.1770826, 49.039473 ] ] } },
{ "type": "Feature", "properties": { "voltage_kv": "380 kV; 110 kV", "operator_show": "TenneT TSO", "name_show": "Ltg 441 Etzenricht (DE) - Hradec (CZ) und 442 Etzenricht (DE) - Přeštice (CZ) sowie Vohenstrauß - Weiden und Forst - Vohenstrauß" }, "geometry": { "type": "LineString", "coordinates": [ [ 12.1760786, 49.648844399999987 ], [ 12.3228353, 49.64107880000001 ] ] } },
{ "type": "Feature", "properties": { "voltage_kv": "380 kV", "operator_show": "TenneT TSO", "name_show": "Ltg 449 Mecklar - Vieselbach und 450 Mecklar - Eisenach" }, "geometry": { "type": "LineString", "coordinates": [ [ 9.7439026, 50.9193344 ], [ 9.7667964, 50.9479409 ] ] } },
{ "type": "Feature", "properties": { "voltage_kv": "380 kV; 110 kV", "operator_show": "TenneT TSO GmbH;Avacon Netz GmbH", "name_show": "Ltg 449 Mecklar - Vieselbach und 450 Mecklar - Eisenach und 1764 Mecklar - Waldkappel" }, "geometry": { "type": "LineString", "coordinates": [ [ 9.7918599, 50.9511478 ], [ 9.8269075, 50.947772300000011 ], [ 9.8796327, 50.9900185 ] ] } },
{ "type": "Feature", "properties": { "voltage_kv": "380 kV; 110 kV", "operator_show": "TenneT TSO GmbH;Avacon Netz GmbH", "name_show": "Ltg 449 Mecklar - Vieselbach und 450 Mecklar - Eisenach und 1764 Mecklar - Waldkappel" }, "geometry": { "type": "LineString", "coordinates": [ [ 9.7667964, 50.9479409 ], [ 9.7865918, 50.950847399999986 ] ] } },
{ "type": "Feature", "properties": { "voltage_kv": "380 kV", "operator_show": "50Hertz Transmission", "name_show": "Ltg 450 Mecklar - Eisenach und 454 Eisenach - Vieselbach" }, "geometry": { "type": "LineString", "coordinates": [ [ 10.3880384, 51.0062502 ], [ 10.3869695, 51.003570199999984 ] ] } },
{ "type": "Feature", "properties": { "voltage_kv": "380 kV", "operator_show": "50Hertz Transmission", "name_show": "Ltg 431 Lauchstädt" }, "geometry": { "type": "LineString", "coordinates": [ [ 11.9484616, 51.3998697 ], [ 11.948361, 51.400509099999987 ] ] } },
{ "type": "Feature", "properties": { "voltage_kv": "380 kV", "operator_show": "–", "name_show": "2 x 380 kV, 2 x 220 kV" }, "geometry": { "type": "LineString", "coordinates": [ [ 8.7749932, 49.9715437 ], [ 8.7786074, 49.968744299999983 ] ] } },
{ "type": "Feature", "properties": { "voltage_kv": "380 kV", "operator_show": "50Hertz Transmission", "name_show": "Ltg 502 Ragow-Jessen Nord und Ltg 503 Schönewalde-Jessen Nord" }, "geometry": { "type": "LineString", "coordinates": [ [ 13.1588185, 51.8295866 ], [ 13.0671328, 51.8007629 ] ] } },
{ "type": "Feature", "properties": { "voltage_kv": "380 kV", "operator_show": "50Hertz Transmission", "name_show": "Ltg 532 Ragow - Förderstedt und 533 Jessen Nord - Förderstedt" }, "geometry": { "type": "LineString", "coordinates": [ [ 13.0304176, 51.8042891 ], [ 12.8361283, 51.8575877 ], [ 12.7399621, 51.8995999 ], [ 12.681692, 51.8987419 ], [ 12.6327281, 51.9282629 ], [ 12.4721445, 51.966862699999986 ], [ 12.4057093, 51.9385941 ], [ 12.1999635, 51.9690141 ], [ 12.0787259, 51.934853599999983 ], [ 11.962471, 51.9605517 ], [ 11.8369525, 51.9440687 ], [ 11.7364531, 51.9552912 ], [ 11.6413772, 51.9896751 ] ] } },
{ "type": "Feature", "properties": { "voltage_kv": "380 kV", "operator_show": "50Hertz Transmission", "name_show": "Ltg 539 und 540 Ragow - Preilack" }, "geometry": { "type": "LineString", "coordinates": [ [ 13.9023399, 51.8788047 ], [ 13.9654771, 51.917892 ], [ 14.0852848, 51.9340398 ], [ 14.1769098, 51.9038127 ], [ 14.2122141, 51.8647324 ] ] } },
{ "type": "Feature", "properties": { "voltage_kv": "380 kV", "operator_show": "50Hertz Transmission", "name_show": "Ltg 560 Preilack - Streumen und ___ Altdöbern - Streumen" }, "geometry": { "type": "LineString", "coordinates": [ [ 13.9967795, 51.6397445 ], [ 13.8313432, 51.6262665 ], [ 13.701194, 51.6585949 ], [ 13.6303609, 51.6598782 ], [ 13.5418145, 51.641483700000016 ], [ 13.5318103, 51.591528699999984 ], [ 13.4970218, 51.5607207 ], [ 13.429837, 51.539102 ], [ 13.4110133, 51.4484306 ] ] } },
{ "type": "Feature", "properties": { "voltage_kv": "380 kV", "operator_show": "50Hertz Transmission", "name_show": "Ltg 541 und 542 Preilack - Graustein" }, "geometry": { "type": "LineString", "coordinates": [ [ 14.2241929, 51.8493021 ], [ 14.1800356, 51.770095499999968 ], [ 14.1891923, 51.6803876 ], [ 14.4261105, 51.6074483 ], [ 14.4834312, 51.579810899999984 ], [ 14.472347, 51.55621450000001 ] ] } },
{ "type": "Feature", "properties": { "voltage_kv": "380 kV", "operator_show": "50Hertz Transmission", "name_show": "Ltg 565 und 566 Graustein - Bärwalde" }, "geometry": { "type": "LineString", "coordinates": [ [ 14.4730175, 51.5560422 ], [ 14.4952028, 51.5558647 ], [ 14.4397163, 51.5195893 ], [ 14.4420226, 51.4872812 ], [ 14.5074524, 51.4158933 ] ] } },
{ "type": "Feature", "properties": { "voltage_kv": "380 kV", "operator_show": "–", "name_show": "–" }, "geometry": { "type": "LineString", "coordinates": [ [ 7.8914548, 52.2781105 ], [ 7.8925006, 52.279196499999983 ] ] } },
{ "type": "Feature", "properties": { "voltage_kv": "380 kV", "operator_show": "TransnetBW GmbH", "name_show": "2x 380 kV" }, "geometry": { "type": "LineString", "coordinates": [ [ 8.9519708, 48.7436779 ], [ 8.9523741, 48.7399553 ] ] } },
{ "type": "Feature", "properties": { "voltage_kv": "380 kV", "operator_show": "Amprion", "name_show": "4562 Ronsdorf - Bomig" }, "geometry": { "type": "LineString", "coordinates": [ [ 7.2373234, 51.226646699999989 ], [ 7.2429712, 51.2274331 ] ] } },
{ "type": "Feature", "properties": { "voltage_kv": "380 kV", "operator_show": "RWE", "name_show": "380kV Büscherhof West" }, "geometry": { "type": "LineString", "coordinates": [ [ 6.9290783, 51.503478 ], [ 6.9262116, 51.4996807 ] ] } },
{ "type": "Feature", "properties": { "voltage_kv": "380 kV; 110 kV", "operator_show": "–", "name_show": "–" }, "geometry": { "type": "LineString", "coordinates": [ [ 8.2905436, 50.7580309 ], [ 8.3209411, 50.7294962 ] ] } },
{ "type": "Feature", "properties": { "voltage_kv": "380 kV; 110 kV", "operator_show": "Netze BW GmbH;TransnetBW GmbH", "name_show": "BZW-WDL/MEZ 380 kV, TRS-WDL 220 kV, MEZ-WEN 110 kV, NUR-WEN 110 kV" }, "geometry": { "type": "LineString", "coordinates": [ [ 9.3516998, 48.6104149 ], [ 9.3938252, 48.6495803 ] ] } },
{ "type": "Feature", "properties": { "voltage_kv": "380 kV", "operator_show": "50Hertz Transmission", "name_show": "Ltg 521 Ragow - (Thyrow) - Wustermark und Ltg 522 Ragow - Thyrow" }, "geometry": { "type": "LineString", "coordinates": [ [ 13.9005857, 51.878185099999989 ], [ 13.8429527, 51.907461499999982 ], [ 13.7970794, 51.9631699 ], [ 13.6403432, 52.0098245 ], [ 13.6296373, 52.0390273 ] ] } },
{ "type": "Feature", "properties": { "voltage_kv": "380 kV", "operator_show": "50Hertz Transmission", "name_show": "Ltg 547 Preilack - Eisenhüttenstadt - Neuenhagen und 548 Preilack - Eisenhüttenstadt - Heinersdorf" }, "geometry": { "type": "LineString", "coordinates": [ [ 14.4272607, 51.8919398 ], [ 14.5431971, 51.944237099999988 ], [ 14.6011873, 52.0321044 ], [ 14.5641151, 52.1058327 ], [ 14.5097493, 52.12104080000001 ], [ 14.5112165, 52.1616153 ] ] } },
{ "type": "Feature", "properties": { "voltage_kv": "380 kV; 220 kV", "operator_show": "TenneT TSO GmbH", "name_show": "–" }, "geometry": { "type": "LineString", "coordinates": [ [ 9.3501741, 51.6345862 ], [ 9.4276983, 51.4669555 ], [ 9.5074661, 51.438474299999982 ], [ 9.5289587, 51.4090245 ], [ 9.5923355, 51.3766745 ], [ 9.6041651, 51.3500201 ], [ 9.5826254, 51.3345118 ] ] } },
{ "type": "Feature", "properties": { "voltage_kv": "380 kV", "operator_show": "50Hertz Transmission", "name_show": "Ltg 547 Preilack - Eisenhüttenstadt - Neuenhagen und Ltg 548 Preilack - Eisenhüttenstadt - Heinersdorf" }, "geometry": { "type": "LineString", "coordinates": [ [ 14.5112165, 52.1616153 ], [ 14.5471665, 52.181087699999985 ], [ 14.6016519, 52.175330699999989 ] ] } },
{ "type": "Feature", "properties": { "voltage_kv": "380 kV", "operator_show": "50Hertz Transmission", "name_show": "Ltg 499 Jessen Nord - Lauchstädt und Ltg 504 Marke - Lauchstädt" }, "geometry": { "type": "LineString", "coordinates": [ [ 12.0727961, 51.4790103 ], [ 12.0652617, 51.4644707 ], [ 11.893966, 51.421259 ], [ 11.8912047, 51.4088626 ] ] } },
{ "type": "Feature", "properties": { "voltage_kv": "380 kV; 220 kV", "operator_show": "TenneT TSO", "name_show": "302" }, "geometry": { "type": "LineString", "coordinates": [ [ 8.062549, 53.329352 ], [ 8.322219, 53.376879 ], [ 8.41792, 53.426465 ], [ 8.471527, 53.429536 ] ] } },
{ "type": "Feature", "properties": { "voltage_kv": "380 kV", "operator_show": "RWE", "name_show": "220 kV Kranichstein Ost;Marxheim Ost;Pfungstadt Ost" }, "geometry": { "type": "LineString", "coordinates": [ [ 8.5832328, 49.8183468 ], [ 8.5854366, 49.8163225 ] ] } },
{ "type": "Feature", "properties": { "voltage_kv": "380 kV", "operator_show": "50Hertz Transmission", "name_show": "Ltg 445 und 446 Röhrsdorf - Hradec" }, "geometry": { "type": "LineString", "coordinates": [ [ 12.8175137, 50.8572523 ], [ 12.7926354, 50.8224041 ], [ 12.9408744, 50.7413817 ], [ 12.9531759, 50.685801 ], [ 13.0341103, 50.611893 ], [ 13.2101441, 50.528919700000017 ] ] } },
{ "type": "Feature", "properties": { "voltage_kv": "380 kV", "operator_show": "50Hertz Transmission", "name_show": "Markersbach-Zwönitz-Röhrsdorf" }, "geometry": { "type": "LineString", "coordinates": [ [ 12.8259721, 50.6568444 ], [ 12.8822589, 50.5198229 ] ] } },
{ "type": "Feature", "properties": { "voltage_kv": "380 kV", "operator_show": "50Hertz Transmission", "name_show": "–" }, "geometry": { "type": "LineString", "coordinates": [ [ 12.8259721, 50.6568444 ], [ 12.7857557, 50.627520700000012 ] ] } },
{ "type": "Feature", "properties": { "voltage_kv": "380 kV", "operator_show": "50Hertz Transmission", "name_show": "–" }, "geometry": { "type": "LineString", "coordinates": [ [ 12.7857557, 50.627520700000012 ], [ 12.7875047, 50.6274063 ] ] } },
{ "type": "Feature", "properties": { "voltage_kv": "380 kV", "operator_show": "Amprion", "name_show": "Emsland-D1|D2|D0" }, "geometry": { "type": "LineString", "coordinates": [ [ 7.305597, 52.4825158 ], [ 7.3046653, 52.4825242 ] ] } },
{ "type": "Feature", "properties": { "voltage_kv": "380 kV", "operator_show": "Amprion", "name_show": "Emsland-D1|D2|D0" }, "geometry": { "type": "LineString", "coordinates": [ [ 7.3043171, 52.4821571 ], [ 7.305597, 52.4825158 ] ] } },
{ "type": "Feature", "properties": { "voltage_kv": "380 kV", "operator_show": "50Hertz Transmission", "name_show": "Ltg 561 und 562 Ragow - Streumen" }, "geometry": { "type": "LineString", "coordinates": [ [ 13.8981156, 51.8773119 ], [ 13.8276163, 51.90364490000001 ], [ 13.7267161, 51.901474299999983 ], [ 13.587462, 51.831392699999988 ], [ 13.5464413, 51.760944699999989 ], [ 13.3895781, 51.708264500000013 ], [ 13.3708193, 51.5973298 ], [ 13.4284071, 51.5156407 ], [ 13.3864242, 51.3923342 ], [ 13.3973502, 51.3593251 ] ] } },
{ "type": "Feature", "properties": { "voltage_kv": "380 kV", "operator_show": "–", "name_show": "Ltg MN und MP Boxberg - Bärwalde" }, "geometry": { "type": "LineString", "coordinates": [ [ 14.5466965, 51.4219703 ], [ 14.5083161, 51.4160108 ] ] } },
{ "type": "Feature", "properties": { "voltage_kv": "380 kV", "operator_show": "–", "name_show": "Ltg MQ Bärwalde" }, "geometry": { "type": "LineString", "coordinates": [ [ 14.5780102, 51.4183168 ], [ 14.5783485, 51.415085699999985 ] ] } },
{ "type": "Feature", "properties": { "voltage_kv": "380 kV", "operator_show": "–", "name_show": "Ltg Ma R Lip - Pul und Ma S Lip - Pul" }, "geometry": { "type": "LineString", "coordinates": [ [ 12.3734993, 51.1796785 ], [ 12.3387762, 51.1955196 ] ] } },
{ "type": "Feature", "properties": { "voltage_kv": "380 kV", "operator_show": "50Hertz Transmission", "name_show": "Ltg 589 Vieselbach" }, "geometry": { "type": "LineString", "coordinates": [ [ 12.337051, 51.1960718 ], [ 12.3376199, 51.1949447 ] ] } },
{ "type": "Feature", "properties": { "voltage_kv": "380 kV", "operator_show": "50Hertz Transmission", "name_show": "Ltg 590 Vieselbach" }, "geometry": { "type": "LineString", "coordinates": [ [ 12.3365893, 51.1959018 ], [ 12.3376199, 51.1949447 ] ] } },
{ "type": "Feature", "properties": { "voltage_kv": "380 kV", "operator_show": "50Hertz Transmission", "name_show": "Ltg 587 und 588 Eula - Witznitz - Pulgar" }, "geometry": { "type": "LineString", "coordinates": [ [ 12.516993, 51.1578823 ], [ 12.5172575, 51.173784199999979 ], [ 12.4698527, 51.1981602 ], [ 12.3931465, 51.177712 ], [ 12.3601908, 51.2070947 ], [ 12.3370413, 51.1990735 ] ] } },
{ "type": "Feature", "properties": { "voltage_kv": "400 kV", "operator_show": "ČEPS", "name_show": "V445, V446Hradec - Röhrsdorf" }, "geometry": { "type": "LineString", "coordinates": [ [ 13.2101441, 50.528919700000017 ], [ 13.2447357, 50.4974334 ], [ 13.2308147, 50.42457779999998 ], [ 13.199986, 50.4016876 ], [ 13.2248508, 50.3754728 ], [ 13.330383, 50.344606299999988 ] ] } },
{ "type": "Feature", "properties": { "voltage_kv": "380 kV", "operator_show": "50Hertz Transmission", "name_show": "Ltg 471 und 472 Lauchstädt - Vieselbach" }, "geometry": { "type": "LineString", "coordinates": [ [ 11.8632722, 51.3712098 ], [ 11.7208951, 51.3189502 ], [ 11.6494185, 51.3125879 ], [ 11.6206063, 51.268155699999987 ], [ 11.4608073, 51.141152 ], [ 11.3622554, 51.1422502 ], [ 11.2274306, 51.10453649999998 ], [ 11.1777904, 51.072291800000016 ], [ 11.1744667, 51.043610099999988 ], [ 11.1263175, 50.9980352 ] ] } },
{ "type": "Feature", "properties": { "voltage_kv": "380 kV; 110 kV", "operator_show": "Amprion;Westnetz", "name_show": "–" }, "geometry": { "type": "LineString", "coordinates": [ [ 7.2440191, 51.4004247 ], [ 7.1688598, 51.3793034 ] ] } },
{ "type": "Feature", "properties": { "voltage_kv": "380 kV; 220 kV; 110 kV", "operator_show": "Amprion;Westnetz", "name_show": "–" }, "geometry": { "type": "LineString", "coordinates": [ [ 7.2529097, 51.4047104 ], [ 7.2501882, 51.4009199 ] ] } },
{ "type": "Feature", "properties": { "voltage_kv": "380 kV", "operator_show": "TenneT TSO GmbH", "name_show": "AS GKRO;GKRO GR I;DIP GKB I, II" }, "geometry": { "type": "LineString", "coordinates": [ [ 8.9595703, 50.084523599999983 ], [ 9.0172412, 50.1111036 ], [ 9.0944741, 50.1187721 ] ] } },
{ "type": "Feature", "properties": { "voltage_kv": "380 kV", "operator_show": "TenneT TSO", "name_show": "–" }, "geometry": { "type": "LineString", "coordinates": [ [ 8.955571, 50.0821836 ], [ 8.880874, 50.1045532 ], [ 8.8712375, 50.1305255 ] ] } },
{ "type": "Feature", "properties": { "voltage_kv": "380 kV; 110 kV", "operator_show": "–", "name_show": "Ltg 3024 und 1150" }, "geometry": { "type": "LineString", "coordinates": [ [ 8.8712375, 50.1305255 ], [ 8.8450712, 50.1636188 ] ] } },
{ "type": "Feature", "properties": { "voltage_kv": "380 kV", "operator_show": "TenneT TSO", "name_show": "–" }, "geometry": { "type": "LineString", "coordinates": [ [ 8.9610488, 50.8246923 ], [ 8.9223639, 50.8120142 ] ] } },
{ "type": "Feature", "properties": { "voltage_kv": "380 kV; 110 kV", "operator_show": "TenneT;Avacon Netz", "name_show": "–" }, "geometry": { "type": "LineString", "coordinates": [ [ 9.2054018, 50.9073226 ], [ 9.0876797, 50.8574194 ] ] } },
{ "type": "Feature", "properties": { "voltage_kv": "380 kV; 110 kV", "operator_show": "TenneT TSO GmbH;Avacon Netz GmbH", "name_show": "–" }, "geometry": { "type": "LineString", "coordinates": [ [ 9.120363, 50.1775821 ], [ 9.127318, 50.217229599999989 ] ] } },
{ "type": "Feature", "properties": { "voltage_kv": "380 kV", "operator_show": "TenneT TSO GmbH", "name_show": "–" }, "geometry": { "type": "LineString", "coordinates": [ [ 8.7016612, 51.7377614 ], [ 8.7024706, 51.7360992 ] ] } },
{ "type": "Feature", "properties": { "voltage_kv": "380 kV", "operator_show": "TenneT TSO GmbH", "name_show": "–" }, "geometry": { "type": "LineString", "coordinates": [ [ 8.7025104, 51.7360979 ], [ 8.7014166, 51.734604899999987 ] ] } },
{ "type": "Feature", "properties": { "voltage_kv": "380 kV; 110 kV", "operator_show": "TenneT TSO GmbH", "name_show": "–" }, "geometry": { "type": "LineString", "coordinates": [ [ 8.7016612, 51.7377614 ], [ 8.6925014, 51.8147274 ] ] } },
{ "type": "Feature", "properties": { "voltage_kv": "380 kV; 110 kV", "operator_show": "TenneT", "name_show": "–" }, "geometry": { "type": "LineString", "coordinates": [ [ 8.7069295, 51.7010169 ], [ 8.7013947, 51.7046793 ] ] } },
{ "type": "Feature", "properties": { "voltage_kv": "380 kV; 110 kV", "operator_show": "RWE", "name_show": "Vigy - Ensdorf (380kV);Altforweiler - Ensdorf (110kV)" }, "geometry": { "type": "LineString", "coordinates": [ [ 6.7241529, 49.2787503 ], [ 6.7674962, 49.28721010000001 ] ] } },
{ "type": "Feature", "properties": { "voltage_kv": "380 kV", "operator_show": "Amprion", "name_show": "380kV Gütersloh – Bielefeld-Ost" }, "geometry": { "type": "LineString", "coordinates": [ [ 8.3757363, 51.9317886 ], [ 8.3664625, 51.9271171 ] ] } },
{ "type": "Feature", "properties": { "voltage_kv": "380 kV", "operator_show": "Amprion", "name_show": "–" }, "geometry": { "type": "LineString", "coordinates": [ [ 8.5089061, 51.933984 ], [ 8.500272, 51.9228605 ] ] } },
{ "type": "Feature", "properties": { "voltage_kv": "380 kV; 110 kV", "operator_show": "Amprion;Westnetz", "name_show": "110/380kV Gütersloh – Bielefeld-Ost" }, "geometry": { "type": "LineString", "coordinates": [ [ 8.4210273, 51.92841 ], [ 8.3757363, 51.9317886 ] ] } },
{ "type": "Feature", "properties": { "voltage_kv": "380 kV", "operator_show": "RWE", "name_show": "380kV Westerwald Ost+West" }, "geometry": { "type": "LineString", "coordinates": [ [ 8.0152862, 50.6395032 ], [ 7.9688232, 50.6757187 ] ] } },
{ "type": "Feature", "properties": { "voltage_kv": "380 kV; 220 kV; 110 kV", "operator_show": "RWE", "name_show": "–" }, "geometry": { "type": "LineString", "coordinates": [ [ 7.1562043, 50.5527308 ], [ 7.2087715, 50.5143511 ] ] } },
{ "type": "Feature", "properties": { "voltage_kv": "380 kV; 220 kV; 110 kV", "operator_show": "Amprion", "name_show": "–" }, "geometry": { "type": "LineString", "coordinates": [ [ 7.4283491, 50.406219 ], [ 7.4369211, 50.4053557 ] ] } },
{ "type": "Feature", "properties": { "voltage_kv": "380 kV; 220 kV; 110 kV", "operator_show": "RWE", "name_show": "–" }, "geometry": { "type": "LineString", "coordinates": [ [ 7.2087715, 50.5143511 ], [ 7.4283491, 50.406219 ] ] } },
{ "type": "Feature", "properties": { "voltage_kv": "380 kV", "operator_show": "RWE", "name_show": "380 kV Mittelrhein" }, "geometry": { "type": "LineString", "coordinates": [ [ 7.4453526, 50.4020392 ], [ 7.4478169, 50.4015419 ] ] } },
{ "type": "Feature", "properties": { "voltage_kv": "380 kV", "operator_show": "RWE", "name_show": "380 kV Weißenthurm Ost" }, "geometry": { "type": "LineString", "coordinates": [ [ 7.4453526, 50.4020392 ], [ 7.447877, 50.4017262 ] ] } },
{ "type": "Feature", "properties": { "voltage_kv": "380 kV; 220 kV", "operator_show": "Amprion", "name_show": "–" }, "geometry": { "type": "LineString", "coordinates": [ [ 7.4397267, 50.4050685 ], [ 7.4450542, 50.4016222 ] ] } },
{ "type": "Feature", "properties": { "voltage_kv": "380 kV", "operator_show": "RWE", "name_show": "Dauersberg - Hünfelden" }, "geometry": { "type": "LineString", "coordinates": [ [ 7.8899629, 50.7547197 ], [ 7.8652589, 50.766505 ] ] } },
{ "type": "Feature", "properties": { "voltage_kv": "380 kV; 110 kV", "operator_show": "TenneT TSO", "name_show": "Ltg 441 Etzenricht (DE) - Hradec (CZ) und 442 Etzenricht (DE) - Přeštice (CZ) sowie VOH WAIDH und VOH ESLA" }, "geometry": { "type": "LineString", "coordinates": [ [ 12.3228353, 49.64107880000001 ], [ 12.407114, 49.6037252 ], [ 12.461566, 49.6020086 ] ] } },
{ "type": "Feature", "properties": { "voltage_kv": "380 kV", "operator_show": "50Hertz Transmission", "name_show": "Ltg 432 Lauchstädt" }, "geometry": { "type": "LineString", "coordinates": [ [ 11.9497314, 51.4003752 ], [ 11.948361, 51.400509099999987 ] ] } },
{ "type": "Feature", "properties": { "voltage_kv": "380 kV", "operator_show": "Amprion", "name_show": "Günzburg Nord;Süd" }, "geometry": { "type": "LineString", "coordinates": [ [ 10.4262041, 48.4844789 ], [ 10.411652, 48.5078619 ] ] } },
{ "type": "Feature", "properties": { "voltage_kv": "380 kV", "operator_show": "50Hertz Transmission", "name_show": "Ltg 423 Güstrow" }, "geometry": { "type": "LineString", "coordinates": [ [ 11.3701752, 53.6002216 ], [ 11.369853, 53.5986421 ] ] } },
{ "type": "Feature", "properties": { "voltage_kv": "380 kV", "operator_show": "–", "name_show": "–" }, "geometry": { "type": "LineString", "coordinates": [ [ 10.4006162, 48.515086699999976 ], [ 10.4000441, 48.515116199999987 ] ] } },
{ "type": "Feature", "properties": { "voltage_kv": "380 kV", "operator_show": "–", "name_show": "–" }, "geometry": { "type": "LineString", "coordinates": [ [ 10.4000441, 48.515116199999987 ], [ 10.3946784, 48.5180314 ] ] } },
{ "type": "Feature", "properties": { "voltage_kv": "380 kV", "operator_show": "50Hertz Transmission", "name_show": "Ltg 489 und 490 Stendal West - Wolmirstedt" }, "geometry": { "type": "LineString", "coordinates": [ [ 11.7282997, 52.567374299999983 ], [ 11.76728, 52.503936 ], [ 11.7373399, 52.4213266 ], [ 11.652771, 52.374526 ], [ 11.627601, 52.289797 ], [ 11.642767, 52.2693126 ] ] } },
{ "type": "Feature", "properties": { "voltage_kv": "380 kV", "operator_show": "50Hertz Transmission", "name_show": "Ltg 437 und 438 Wolmirstedt - Förderstedt" }, "geometry": { "type": "LineString", "coordinates": [ [ 11.643498, 52.2674973 ], [ 11.5639944, 52.2435779 ], [ 11.5316054, 52.1506639 ], [ 11.5523741, 52.1219008 ], [ 11.5550363, 52.035119199999983 ], [ 11.6413772, 51.9896751 ] ] } },
{ "type": "Feature", "properties": { "voltage_kv": "380 kV", "operator_show": "50Hertz Transmission", "name_show": "Ltg 491 Helmstedt" }, "geometry": { "type": "LineString", "coordinates": [ [ 11.6390306, 52.2702288 ], [ 11.637418, 52.270169 ] ] } },
{ "type": "Feature", "properties": { "voltage_kv": "380 kV", "operator_show": "50Hertz Transmission", "name_show": "Ltg 492 Helmstedt" }, "geometry": { "type": "LineString", "coordinates": [ [ 11.6391434, 52.2699032 ], [ 11.637418, 52.270169 ] ] } },
{ "type": "Feature", "properties": { "voltage_kv": "380 kV", "operator_show": "TenneT", "name_show": "–" }, "geometry": { "type": "LineString", "coordinates": [ [ 9.1998466, 53.8951511 ], [ 9.1997931, 53.8956609 ] ] } },
{ "type": "Feature", "properties": { "voltage_kv": "380 kV", "operator_show": "TenneT", "name_show": "309 AKW Brunsbüttel - UW Wilster" }, "geometry": { "type": "LineString", "coordinates": [ [ 9.2059212, 53.89611390000001 ], [ 9.2474899, 53.8981792 ] ] } },
{ "type": "Feature", "properties": { "voltage_kv": "380 kV", "operator_show": "50Hertz Transmission", "name_show": "–" }, "geometry": { "type": "LineString", "coordinates": [ [ 9.1994954, 53.8914487 ], [ 9.2000382, 53.8950929 ] ] } },
{ "type": "Feature", "properties": { "voltage_kv": "380 kV", "operator_show": "50Hertz Transmission", "name_show": "Ltg 951 (G) Hamburg Nord (Friedrichsgabe)" }, "geometry": { "type": "LineString", "coordinates": [ [ 9.2034184, 53.894462599999976 ], [ 9.2070976, 53.894595700000011 ] ] } },
{ "type": "Feature", "properties": { "voltage_kv": "380 kV", "operator_show": "50Hertz Transmission", "name_show": "Ltg 952 (H) Hamburg Nord (Friedrichsgabe)" }, "geometry": { "type": "LineString", "coordinates": [ [ 9.2034213, 53.8942999 ], [ 9.2070976, 53.894595700000011 ] ] } },
{ "type": "Feature", "properties": { "voltage_kv": "380 kV; 110 kV", "operator_show": "50Hertz Transmission", "name_show": "Hamburg/Ost - Hamburg/Nord" }, "geometry": { "type": "LineString", "coordinates": [ [ 10.1676087, 53.5587349 ], [ 10.1888733, 53.5825645 ], [ 10.1891496, 53.6449646 ] ] } },
{ "type": "Feature", "properties": { "voltage_kv": "380 kV", "operator_show": "50Hertz Transmission", "name_show": "Ltg 961 (A) und 962 (B) Hamburg Nord - Hamburg Ost" }, "geometry": { "type": "LineString", "coordinates": [ [ 10.0608302, 53.6876822 ], [ 10.1511017, 53.6746052 ], [ 10.1891496, 53.6449646 ] ] } },
{ "type": "Feature", "properties": { "voltage_kv": "380 kV", "operator_show": "TenneT", "name_show": "F" }, "geometry": { "type": "LineString", "coordinates": [ [ 9.5063732, 53.541982799999978 ], [ 9.5026091, 53.5414161 ] ] } },
{ "type": "Feature", "properties": { "voltage_kv": "380 kV", "operator_show": "TenneT", "name_show": "E" }, "geometry": { "type": "LineString", "coordinates": [ [ 9.5063732, 53.541982799999978 ], [ 9.502595, 53.5417643 ] ] } },
{ "type": "Feature", "properties": { "voltage_kv": "380 kV", "operator_show": "TenneT", "name_show": "–" }, "geometry": { "type": "LineString", "coordinates": [ [ 9.239859, 53.912584099999982 ], [ 9.2359664, 53.914561100000014 ] ] } },
{ "type": "Feature", "properties": { "voltage_kv": "380 kV", "operator_show": "TenneT", "name_show": "–" }, "geometry": { "type": "LineString", "coordinates": [ [ 9.239859, 53.912584099999982 ], [ 9.2474899, 53.8981792 ] ] } },
{ "type": "Feature", "properties": { "voltage_kv": "380 kV", "operator_show": "Amprion", "name_show": "–" }, "geometry": { "type": "LineString", "coordinates": [ [ 6.9908181, 49.373962 ], [ 6.9937837, 49.3743859 ] ] } },
{ "type": "Feature", "properties": { "voltage_kv": "380 kV; 110 kV", "operator_show": "TenneT TSO GmbH;E.ON Netz GmbH", "name_show": "Redwitz - Remptendorf;Redwitz - Remptendorf;Windheim - Redwitz" }, "geometry": { "type": "LineString", "coordinates": [ [ 11.30241, 50.2911732 ], [ 11.3057131, 50.2938844 ] ] } },
{ "type": "Feature", "properties": { "voltage_kv": "380 kV; 220 kV", "operator_show": "TenneT TSO GmbH", "name_show": "–" }, "geometry": { "type": "LineString", "coordinates": [ [ 9.123384, 52.538336 ], [ 9.1130633, 52.542817099999979 ] ] } },
{ "type": "Feature", "properties": { "voltage_kv": "380 kV", "operator_show": "Amprion GmbH;TransnetBW GmbH", "name_show": "Brauweiler (DE) - Bludenz-West (AT)" }, "geometry": { "type": "LineString", "coordinates": [ [ 9.4239987, 48.065433799999987 ], [ 9.4886305, 48.2182721 ], [ 9.4601665, 48.3505898 ], [ 9.3171884, 48.4606529 ], [ 9.3051367, 48.4870889 ], [ 9.2182231, 48.5324603 ] ] } },
{ "type": "Feature", "properties": { "voltage_kv": "380 kV; 110 kV", "operator_show": "TransnetBW GmbH", "name_show": "–" }, "geometry": { "type": "LineString", "coordinates": [ [ 8.918221, 48.661167700000014 ], [ 8.8719157, 48.647964299999984 ], [ 8.8718148, 48.628330400000017 ] ] } },
{ "type": "Feature", "properties": { "voltage_kv": "380 kV; 110 kV", "operator_show": "Netze BW GmbH;TransnetBW GmbH", "name_show": "2x 380 kV, 2x 110 kV" }, "geometry": { "type": "LineString", "coordinates": [ [ 9.0437121, 48.9007406 ], [ 9.0019148, 48.8727934 ], [ 8.9519708, 48.7436779 ] ] } },
{ "type": "Feature", "properties": { "voltage_kv": "380 kV; 380 kV; 110 kV; 110 kV", "operator_show": "Netze BW GmbH;TransnetBW GmbH", "name_show": "2x 380 kV ; 2x 110 kV" }, "geometry": { "type": "LineString", "coordinates": [ [ 8.9461778, 48.714952199999985 ], [ 8.9355374, 48.675139799999982 ] ] } },
{ "type": "Feature", "properties": { "voltage_kv": "380 kV", "operator_show": "TenneT TSO GmbH", "name_show": "–" }, "geometry": { "type": "LineString", "coordinates": [ [ 9.1241432, 52.5367858 ], [ 9.1218798, 52.5369381 ] ] } },
{ "type": "Feature", "properties": { "voltage_kv": "380 kV", "operator_show": "TenneT TSO", "name_show": "Leitung 3017" }, "geometry": { "type": "LineString", "coordinates": [ [ 9.1218798, 52.5369381 ], [ 9.0012677, 52.539514699999984 ] ] } },
{ "type": "Feature", "properties": { "voltage_kv": "380 kV", "operator_show": "TenneT TSO", "name_show": "Sottrum–Landesbergen" }, "geometry": { "type": "LineString", "coordinates": [ [ 9.1243747, 52.537570899999984 ], [ 9.1232119, 52.537619 ] ] } },
{ "type": "Feature", "properties": { "voltage_kv": "380 kV", "operator_show": "TenneT TSO GmbH", "name_show": "–" }, "geometry": { "type": "LineString", "coordinates": [ [ 9.1241874, 52.536935699999987 ], [ 9.1218798, 52.5369381 ] ] } },
{ "type": "Feature", "properties": { "voltage_kv": "380 kV", "operator_show": "TenneT", "name_show": "–" }, "geometry": { "type": "LineString", "coordinates": [ [ 6.8585605, 53.4513057 ], [ 6.8565953, 53.4509803 ] ] } },
{ "type": "Feature", "properties": { "voltage_kv": "380 kV", "operator_show": "TenneT", "name_show": "–" }, "geometry": { "type": "LineString", "coordinates": [ [ 6.8585605, 53.4513057 ], [ 6.8568031, 53.4509459 ] ] } },
{ "type": "Feature", "properties": { "voltage_kv": "380 kV", "operator_show": "50Hertz Transmission", "name_show": "R" }, "geometry": { "type": "LineString", "coordinates": [ [ 11.1229386, 50.9964667 ], [ 11.1242074, 50.9959549 ] ] } },
{ "type": "Feature", "properties": { "voltage_kv": "380 kV", "operator_show": "50Hertz Transmission", "name_show": "Ltg 415 Großschwabhausen / Remptendorf" }, "geometry": { "type": "LineString", "coordinates": [ [ 11.1245477, 50.9977813 ], [ 11.12532, 50.9968749 ] ] } },
{ "type": "Feature", "properties": { "voltage_kv": "380 kV", "operator_show": "50Hertz Transmission", "name_show": "Ltg 415 Vieselbach / Großschwabhausen" }, "geometry": { "type": "LineString", "coordinates": [ [ 11.6446812, 50.5349995 ], [ 11.6432528, 50.5346016 ] ] } },
{ "type": "Feature", "properties": { "voltage_kv": "380 kV", "operator_show": "50Hertz Transmission", "name_show": "Ltg 413 Redwitz" }, "geometry": { "type": "LineString", "coordinates": [ [ 11.6453302, 50.533558499999984 ], [ 11.6443391, 50.5334034 ] ] } },
{ "type": "Feature", "properties": { "voltage_kv": "380 kV", "operator_show": "50Hertz Transmission", "name_show": "Ltg 464 Altenfeld" }, "geometry": { "type": "LineString", "coordinates": [ [ 11.6450416, 50.534199399999984 ], [ 11.6436032, 50.533823099999985 ] ] } },
{ "type": "Feature", "properties": { "voltage_kv": "380 kV", "operator_show": "50Hertz Transmission", "name_show": "Ltg 574 Röhrsdorf" }, "geometry": { "type": "LineString", "coordinates": [ [ 11.6463551, 50.5340823 ], [ 11.6479435, 50.5339563 ] ] } },
{ "type": "Feature", "properties": { "voltage_kv": "380 kV", "operator_show": "50Hertz Transmission", "name_show": "Ltg 463 und 464 Altenfeld - Remptendorf" }, "geometry": { "type": "LineString", "coordinates": [ [ 10.9952379, 50.5739455 ], [ 11.2828823, 50.6008857 ], [ 11.431236, 50.5516411 ], [ 11.4941251, 50.560813099999983 ], [ 11.5722298, 50.53096450000001 ], [ 11.6436032, 50.533823099999985 ] ] } },
{ "type": "Feature", "properties": { "voltage_kv": "380 kV", "operator_show": "50Hertz Transmission", "name_show": "Ltg 573 Weida" }, "geometry": { "type": "LineString", "coordinates": [ [ 11.6464271, 50.5339229 ], [ 11.6479435, 50.5339563 ] ] } },
{ "type": "Feature", "properties": { "voltage_kv": "380 kV", "operator_show": "50Hertz Transmission", "name_show": "Ltg 413 und 414 Redwitz - Remptendorf" }, "geometry": { "type": "LineString", "coordinates": [ [ 11.4706841, 50.4300287 ], [ 11.5150986, 50.453624400000017 ], [ 11.5356432, 50.489577199999985 ], [ 11.6124164, 50.504588899999987 ], [ 11.6443391, 50.5334034 ] ] } },
{ "type": "Feature", "properties": { "voltage_kv": "380 kV", "operator_show": "50Hertz Transmission", "name_show": "Ltg 585 und 586 Eula - Streumen" }, "geometry": { "type": "LineString", "coordinates": [ [ 12.6385096, 51.0783199 ], [ 12.941453, 51.134345 ], [ 13.0116692, 51.1235594 ], [ 13.0780472, 51.141563 ], [ 13.1266508, 51.1596102 ], [ 13.1764252, 51.2912867 ], [ 13.242053, 51.3417391 ], [ 13.3249385, 51.3353789 ], [ 13.3865642, 51.3557449 ] ] } },
{ "type": "Feature", "properties": { "voltage_kv": "380 kV", "operator_show": "50Hertz Transmission", "name_show": "Tr" }, "geometry": { "type": "LineString", "coordinates": [ [ 12.8127611, 50.858383 ], [ 12.8128607, 50.8575806 ] ] } },
{ "type": "Feature", "properties": { "voltage_kv": "380 kV", "operator_show": "50Hertz Transmission", "name_show": "Ltg 571 und 572 Streumen - Röhrsdorf" }, "geometry": { "type": "LineString", "coordinates": [ [ 13.3947939, 51.3442515 ], [ 13.4635462, 51.2791517 ], [ 13.4366845, 51.251136199999983 ], [ 13.3283543, 51.245311 ], [ 13.2130411, 51.1978474 ], [ 13.171156, 51.11391 ], [ 13.1291027, 51.089904300000015 ], [ 13.0940623, 51.0342226 ], [ 13.0571879, 51.023228799999984 ], [ 13.0359442, 50.9691551 ], [ 12.9972701, 50.9544151 ], [ 12.9728045, 50.9612992 ], [ 12.8671549, 50.9192437 ], [ 12.8129795, 50.8607297 ] ] } },
{ "type": "Feature", "properties": { "voltage_kv": "380 kV", "operator_show": "50Hertz Transmission", "name_show": "Ltg 577 Markersbach / Zwönitz" }, "geometry": { "type": "LineString", "coordinates": [ [ 12.8143415, 50.8583801 ], [ 12.8149292, 50.857289699999981 ] ] } },
{ "type": "Feature", "properties": { "voltage_kv": "380 kV", "operator_show": "50Hertz Transmission", "name_show": "Ltg 578 Markersbach / Zwönitz" }, "geometry": { "type": "LineString", "coordinates": [ [ 12.8145995, 50.8583765 ], [ 12.8149292, 50.857289699999981 ] ] } },
{ "type": "Feature", "properties": { "voltage_kv": "380 kV", "operator_show": "50Hertz Transmission", "name_show": "Ltg 572 Streumen" }, "geometry": { "type": "LineString", "coordinates": [ [ 12.8125471, 50.859764199999987 ], [ 12.8129795, 50.8607297 ] ] } },
{ "type": "Feature", "properties": { "voltage_kv": "380 kV", "operator_show": "50Hertz Transmission", "name_show": "Ltg 591 Dresden-Süd" }, "geometry": { "type": "LineString", "coordinates": [ [ 12.8149667, 50.859732 ], [ 12.8143359, 50.8607101 ] ] } },
{ "type": "Feature", "properties": { "voltage_kv": "380 kV", "operator_show": "50Hertz Transmission", "name_show": "Ltg 594 Freiberg Nord" }, "geometry": { "type": "LineString", "coordinates": [ [ 12.813861, 50.8597455 ], [ 12.8143359, 50.8607101 ] ] } },
{ "type": "Feature", "properties": { "voltage_kv": "380 kV", "operator_show": "RWE", "name_show": "–" }, "geometry": { "type": "LineString", "coordinates": [ [ 8.0176728, 50.6365277 ], [ 8.0154665, 50.6392758 ] ] } },
{ "type": "Feature", "properties": { "voltage_kv": "380 kV", "operator_show": "Amprion", "name_show": "380kV Hessen Ost" }, "geometry": { "type": "LineString", "coordinates": [ [ 8.0669299, 50.406224 ], [ 8.0671149, 50.4052028 ] ] } },
{ "type": "Feature", "properties": { "voltage_kv": "380 kV", "operator_show": "Amprion", "name_show": "380kV Limburg West" }, "geometry": { "type": "LineString", "coordinates": [ [ 8.0651377, 50.4077849 ], [ 8.0650444, 50.4064628 ] ] } },
{ "type": "Feature", "properties": { "voltage_kv": "380 kV", "operator_show": "Amprion", "name_show": "380kV Nassau Ltg" }, "geometry": { "type": "LineString", "coordinates": [ [ 8.0665754, 50.40657 ], [ 8.0671149, 50.4052028 ] ] } },
{ "type": "Feature", "properties": { "voltage_kv": "380 kV", "operator_show": "Amprion", "name_show": "380kV Limburg West" }, "geometry": { "type": "LineString", "coordinates": [ [ 8.0651377, 50.4077849 ], [ 8.0655454, 50.4064931 ] ] } },
{ "type": "Feature", "properties": { "voltage_kv": "380 kV", "operator_show": "TenneT TSO", "name_show": "Ltg 3023 Gießen Nord - Karben" }, "geometry": { "type": "LineString", "coordinates": [ [ 8.6588944, 50.6047771 ], [ 8.653873, 50.5950439 ] ] } },
{ "type": "Feature", "properties": { "voltage_kv": "380 kV", "operator_show": "TenneT TSO", "name_show": "Ltg 3023-2 Karben" }, "geometry": { "type": "LineString", "coordinates": [ [ 8.6582518, 50.605936399999983 ], [ 8.6588944, 50.6047771 ] ] } },
{ "type": "Feature", "properties": { "voltage_kv": "380 kV", "operator_show": "TenneT TSO", "name_show": "Ltg 3023-1 Karben" }, "geometry": { "type": "LineString", "coordinates": [ [ 8.6580094, 50.6058694 ], [ 8.6588944, 50.6047771 ] ] } },
{ "type": "Feature", "properties": { "voltage_kv": "380 kV; 110 kV", "operator_show": "TenneT;EON_Netz", "name_show": "–" }, "geometry": { "type": "LineString", "coordinates": [ [ 8.6475072, 50.6075469 ], [ 8.5781989, 50.5896952 ], [ 8.5311043, 50.5956299 ] ] } },
{ "type": "Feature", "properties": { "voltage_kv": "380 kV; 110 kV", "operator_show": "TenneT;Avacon Netz GmbH", "name_show": "–" }, "geometry": { "type": "LineString", "coordinates": [ [ 8.6576289, 50.6096008 ], [ 8.6980204, 50.687157899999981 ], [ 8.8026556, 50.7360962 ] ] } },
{ "type": "Feature", "properties": { "voltage_kv": "380 kV", "operator_show": "TenneT", "name_show": "–" }, "geometry": { "type": "LineString", "coordinates": [ [ 8.6532457, 50.6074087 ], [ 8.6475072, 50.6075469 ] ] } },
{ "type": "Feature", "properties": { "voltage_kv": "380 kV", "operator_show": "TenneT TSO", "name_show": "Ltg 3005 Dillenburg" }, "geometry": { "type": "LineString", "coordinates": [ [ 8.6549314, 50.6061571 ], [ 8.6532457, 50.6074087 ] ] } },
{ "type": "Feature", "properties": { "voltage_kv": "380 kV", "operator_show": "TenneT", "name_show": "–" }, "geometry": { "type": "LineString", "coordinates": [ [ 8.4802414, 50.591783 ], [ 8.4810775, 50.59256640000001 ] ] } },
{ "type": "Feature", "properties": { "voltage_kv": "380 kV", "operator_show": "TenneT", "name_show": "–" }, "geometry": { "type": "LineString", "coordinates": [ [ 8.4810775, 50.59256640000001 ], [ 8.4807349, 50.591646799999978 ] ] } },
{ "type": "Feature", "properties": { "voltage_kv": "380 kV; 110 kV", "operator_show": "TenneT;EON_Netz", "name_show": "–" }, "geometry": { "type": "LineString", "coordinates": [ [ 8.5311043, 50.5956299 ], [ 8.4827182, 50.5919257 ] ] } },
{ "type": "Feature", "properties": { "voltage_kv": "380 kV; 220 kV; 110 kV", "operator_show": "TenneT TSO GmbH;Avacon Netz GmbH", "name_show": "–" }, "geometry": { "type": "LineString", "coordinates": [ [ 9.3805095, 51.6409657 ], [ 9.3501741, 51.6345862 ] ] } },
{ "type": "Feature", "properties": { "voltage_kv": "380 kV", "operator_show": "TenneT TSO GmbH", "name_show": "–" }, "geometry": { "type": "LineString", "coordinates": [ [ 9.3860934, 51.639130799999982 ], [ 9.3877258, 51.6395027 ] ] } },
{ "type": "Feature", "properties": { "voltage_kv": "380 kV", "operator_show": "–", "name_show": "–" }, "geometry": { "type": "LineString", "coordinates": [ [ 8.4397332, 50.0585772 ], [ 8.4419733, 50.0598144 ] ] } },
{ "type": "Feature", "properties": { "voltage_kv": "380 kV; 0 kV", "operator_show": "Amprion", "name_show": "380kV Hessen Ost" }, "geometry": { "type": "LineString", "coordinates": [ [ 8.4325034, 50.0610451 ], [ 8.3081632, 50.1756124 ], [ 8.2799015, 50.228937099999989 ], [ 8.1238717, 50.30985 ] ] } },
{ "type": "Feature", "properties": { "voltage_kv": "380 kV", "operator_show": "RWE", "name_show": "380kV Trebur Nord" }, "geometry": { "type": "LineString", "coordinates": [ [ 8.3880069, 49.9834448 ], [ 8.3897689, 49.9827519 ] ] } },
{ "type": "Feature", "properties": { "voltage_kv": "380 kV", "operator_show": "RWE", "name_show": "380kV Trebur Süd" }, "geometry": { "type": "LineString", "coordinates": [ [ 8.3880069, 49.9834448 ], [ 8.3890731, 49.9824614 ] ] } },
{ "type": "Feature", "properties": { "voltage_kv": "380 kV", "operator_show": "–", "name_show": "380kV Trebur Süd" }, "geometry": { "type": "LineString", "coordinates": [ [ 8.3880069, 49.9834448 ], [ 8.3742888, 50.025506499999985 ], [ 8.4397332, 50.0585772 ] ] } },
{ "type": "Feature", "properties": { "voltage_kv": "380 kV", "operator_show": "RWE", "name_show": "380 kV Ried Ost|West;220 kV Kranichstein Ost;Marxheim Ost;Pfungstadt Ost" }, "geometry": { "type": "LineString", "coordinates": [ [ 8.5311655, 49.853019099999983 ], [ 8.5832328, 49.8183468 ] ] } },
{ "type": "Feature", "properties": { "voltage_kv": "380 kV; 110 kV", "operator_show": "RWE", "name_show": "–" }, "geometry": { "type": "LineString", "coordinates": [ [ 8.5020542, 50.058965199999989 ], [ 8.4743155, 50.0566113 ] ] } },
{ "type": "Feature", "properties": { "voltage_kv": "380 kV", "operator_show": "Amprion GmbH;TransnetBW GmbH", "name_show": "Kühmoos - Daxlanden" }, "geometry": { "type": "LineString", "coordinates": [ [ 7.7558144, 48.0987176 ], [ 7.7577858, 48.0491048 ], [ 7.7295902, 48.023702 ], [ 7.7254428, 47.912157 ], [ 7.636775, 47.8818735 ], [ 7.5936056, 47.83600040000001 ], [ 7.5596651, 47.748254699999983 ], [ 7.570724, 47.7229993 ], [ 7.7293814, 47.6305544 ], [ 7.7928029, 47.6287884 ], [ 7.8722116, 47.603242699999988 ] ] } },
{ "type": "Feature", "properties": { "voltage_kv": "380 kV", "operator_show": "–", "name_show": "–" }, "geometry": { "type": "LineString", "coordinates": [ [ 9.1772535, 49.0393546 ], [ 9.1774269, 49.0395343 ] ] } },
{ "type": "Feature", "properties": { "voltage_kv": "380 kV", "operator_show": "TransnetBW", "name_show": "–" }, "geometry": { "type": "LineString", "coordinates": [ [ 8.6027772, 49.1558714 ], [ 8.605843, 49.1616908 ] ] } },
{ "type": "Feature", "properties": { "voltage_kv": "380 kV", "operator_show": "TransnetBW", "name_show": "–" }, "geometry": { "type": "LineString", "coordinates": [ [ 8.5742252, 49.130406700000016 ], [ 8.5775364, 49.1336858 ] ] } },
{ "type": "Feature", "properties": { "voltage_kv": "380 kV; 220 kV", "operator_show": "50Hertz Transmission", "name_show": "Ltg 471 und 472 Lauchstädt - Vieselbach sowie Ltg 357 und 358 Eula - Wolkramshausen" }, "geometry": { "type": "LineString", "coordinates": [ [ 11.8997132, 51.3997942 ], [ 11.8632722, 51.3712098 ] ] } },
{ "type": "Feature", "properties": { "voltage_kv": "380 kV", "operator_show": "–", "name_show": "Ltg MR Bärwalde" }, "geometry": { "type": "LineString", "coordinates": [ [ 14.581163, 51.4188859 ], [ 14.5783485, 51.415085699999985 ] ] } },
{ "type": "Feature", "properties": { "voltage_kv": "380 kV", "operator_show": "50Hertz Transmission", "name_show": "Ltg 547 Preilack - Eisenhüttenstadt - Neuenhagen und Ltg 548 Preilack - Eisenhüttenstadt - Heinersdorf" }, "geometry": { "type": "LineString", "coordinates": [ [ 14.5112165, 52.1616153 ], [ 14.4427738, 52.2766082 ], [ 14.3222402, 52.320182599999981 ], [ 14.3085831, 52.36155260000001 ], [ 14.215387, 52.441608099999982 ], [ 14.1357167, 52.4417992 ] ] } },
{ "type": "Feature", "properties": { "voltage_kv": "380 kV", "operator_show": "TenneT TSO", "name_show": "–" }, "geometry": { "type": "LineString", "coordinates": [ [ 9.5139857, 51.2597738 ], [ 9.5127871, 51.259598199999971 ] ] } },
{ "type": "Feature", "properties": { "voltage_kv": "380 kV", "operator_show": "TenneT TSO", "name_show": "–" }, "geometry": { "type": "LineString", "coordinates": [ [ 9.9181706, 52.2781516 ], [ 9.9166521, 52.277837 ] ] } },
{ "type": "Feature", "properties": { "voltage_kv": "380 kV", "operator_show": "TenneT TSO", "name_show": "–" }, "geometry": { "type": "LineString", "coordinates": [ [ 9.9162122, 52.2777982 ], [ 9.9181706, 52.2781516 ] ] } },
{ "type": "Feature", "properties": { "voltage_kv": "380 kV", "operator_show": "TenneT TSO GmbH", "name_show": "Leitung 3026" }, "geometry": { "type": "LineString", "coordinates": [ [ 10.2353196, 52.2929669 ], [ 10.233142, 52.293298 ] ] } },
{ "type": "Feature", "properties": { "voltage_kv": "380 kV", "operator_show": "TenneT TSO", "name_show": "Ltg 3021 Lüneburg - Stadorf" }, "geometry": { "type": "LineString", "coordinates": [ [ 10.380524, 52.995125 ], [ 10.380235, 53.218488 ] ] } },
{ "type": "Feature", "properties": { "voltage_kv": "380 kV", "operator_show": "TenneT TSO", "name_show": "Ltg Krümmel - Lüneburg" }, "geometry": { "type": "LineString", "coordinates": [ [ 10.376584, 53.2197072 ], [ 10.373261, 53.220868 ] ] } },
{ "type": "Feature", "properties": { "voltage_kv": "380 kV", "operator_show": "TenneT TSO", "name_show": "Leitung 3007" }, "geometry": { "type": "LineString", "coordinates": [ [ 10.3818966, 52.9917596 ], [ 10.395652, 52.929952 ], [ 10.237289, 52.710033 ], [ 10.268269, 52.6897846 ], [ 10.259063, 52.665336 ], [ 10.311484, 52.604945 ], [ 10.282656, 52.4564808 ], [ 10.3550371, 52.374227 ], [ 10.3797735, 52.302790400000013 ], [ 10.3660767, 52.2865801 ] ] } },
{ "type": "Feature", "properties": { "voltage_kv": "380 kV", "operator_show": "50Hertz Transmission", "name_show": "Ltg 502 Ragow - Jessen Nord und Ltg 501 Ragow - Schönewalde" }, "geometry": { "type": "LineString", "coordinates": [ [ 13.8989056, 51.8775954 ], [ 13.8271937, 51.9043253 ], [ 13.726402, 51.9019925 ], [ 13.6736355, 51.8728962 ], [ 13.6201844, 51.865928099999969 ], [ 13.1588185, 51.8295866 ] ] } },
{ "type": "Feature", "properties": { "voltage_kv": "380 kV", "operator_show": "50Hertz Transmission", "name_show": "Ltg 532 Förderstedt" }, "geometry": { "type": "LineString", "coordinates": [ [ 13.9019659, 51.8767887 ], [ 13.8996702, 51.877846899999987 ] ] } },
{ "type": "Feature", "properties": { "voltage_kv": "380 kV", "operator_show": "50Hertz Transmission", "name_show": "Ltg 502 Jessen Nord" }, "geometry": { "type": "LineString", "coordinates": [ [ 13.8989056, 51.8775954 ], [ 13.9012677, 51.8765421 ] ] } },
{ "type": "Feature", "properties": { "voltage_kv": "380 kV", "operator_show": "50Hertz Transmission", "name_show": "Ltg 535 Klostermansfeld" }, "geometry": { "type": "LineString", "coordinates": [ [ 11.8913376, 51.4064509 ], [ 11.8894951, 51.4073815 ] ] } },
{ "type": "Feature", "properties": { "voltage_kv": "380 kV", "operator_show": "50Hertz Transmission", "name_show": "Ltg 431 und Ltg 432 Schkopau - Lauchstädt" }, "geometry": { "type": "LineString", "coordinates": [ [ 11.948361, 51.400509099999987 ], [ 11.8901388, 51.40790530000001 ] ] } },
{ "type": "Feature", "properties": { "voltage_kv": "380 kV", "operator_show": "50Hertz Transmission", "name_show": "Ltg 431 Schkopau" }, "geometry": { "type": "LineString", "coordinates": [ [ 11.8918096, 51.406855799999988 ], [ 11.8901388, 51.40790530000001 ] ] } },
{ "type": "Feature", "properties": { "voltage_kv": "380 kV", "operator_show": "50Hertz Transmission", "name_show": "Ltg 504 Marke" }, "geometry": { "type": "LineString", "coordinates": [ [ 11.8921207, 51.4071168 ], [ 11.8912047, 51.4088626 ] ] } },
{ "type": "Feature", "properties": { "voltage_kv": "380 kV", "operator_show": "50Hertz Transmission", "name_show": "Ltg 499 Jessen Nord" }, "geometry": { "type": "LineString", "coordinates": [ [ 11.8922771, 51.4072482 ], [ 11.8912047, 51.4088626 ] ] } },
{ "type": "Feature", "properties": { "voltage_kv": "380 kV", "operator_show": "50Hertz Transmission", "name_show": "–" }, "geometry": { "type": "LineString", "coordinates": [ [ 11.8939446, 51.4068859 ], [ 11.8946688, 51.406711899999983 ] ] } },
{ "type": "Feature", "properties": { "voltage_kv": "380 kV", "operator_show": "50Hertz Transmission", "name_show": "Ltg 471 Vieselbach" }, "geometry": { "type": "LineString", "coordinates": [ [ 11.8945025, 51.4072674 ], [ 11.8955644, 51.406848099999984 ] ] } },
{ "type": "Feature", "properties": { "voltage_kv": "380 kV", "operator_show": "50Hertz Transmission", "name_show": "–" }, "geometry": { "type": "LineString", "coordinates": [ [ 11.8937944, 51.406755399999987 ], [ 11.8943845, 51.406474299999985 ] ] } },
{ "type": "Feature", "properties": { "voltage_kv": "380 kV", "operator_show": "TenneT TSO", "name_show": "–" }, "geometry": { "type": "LineString", "coordinates": [ [ 9.3322302, 54.7210228 ], [ 9.4196699, 54.671169399999989 ], [ 9.4048876, 54.5905153 ], [ 9.4345675, 54.5141508 ], [ 9.42319, 54.441436 ], [ 9.515254, 54.378053 ], [ 9.72636, 54.340588 ], [ 9.7529408, 54.3113178 ], [ 9.7271436, 54.2892096 ] ] } },
{ "type": "Feature", "properties": { "voltage_kv": "380 kV", "operator_show": "–", "name_show": "–" }, "geometry": { "type": "LineString", "coordinates": [ [ 14.570069, 51.4184027 ], [ 14.5700272, 51.4185141 ] ] } },
{ "type": "Feature", "properties": { "voltage_kv": "380 kV", "operator_show": "–", "name_show": "–" }, "geometry": { "type": "LineString", "coordinates": [ [ 14.5713214, 51.418584 ], [ 14.5712854, 51.418691700000011 ] ] } },
{ "type": "Feature", "properties": { "voltage_kv": "380 kV", "operator_show": "50Hertz Transmission", "name_show": "–" }, "geometry": { "type": "LineString", "coordinates": [ [ 14.5069863, 51.4117238 ], [ 14.4666705, 51.360411699999986 ], [ 14.3232862, 51.3464262 ], [ 14.2243436, 51.359711800000014 ], [ 14.16153, 51.3814823 ], [ 14.1379927, 51.42263470000001 ], [ 14.0622319, 51.4281477 ], [ 13.962786, 51.470876 ], [ 13.8498284, 51.468125599999979 ], [ 13.5275811, 51.4251538 ], [ 13.4923905, 51.3844524 ], [ 13.3869691, 51.354006 ] ] } },
{ "type": "Feature", "properties": { "voltage_kv": "380 kV", "operator_show": "Amprion", "name_show": "Persebeck" }, "geometry": { "type": "LineString", "coordinates": [ [ 7.4181357, 51.4585609 ], [ 7.41861, 51.458649399999985 ] ] } },
{ "type": "Feature", "properties": { "voltage_kv": "380 kV", "operator_show": "Amprion", "name_show": "–" }, "geometry": { "type": "LineString", "coordinates": [ [ 7.4129489, 52.4701048 ], [ 7.4177183, 52.4729856 ] ] } },
{ "type": "Feature", "properties": { "voltage_kv": "380 kV; 110 kV", "operator_show": "Amprion", "name_show": "380kV Meppen,380kV Emsland West blau" }, "geometry": { "type": "LineString", "coordinates": [ [ 7.2694884, 52.6538053 ], [ 7.3335263, 52.6384609 ], [ 7.3407728, 52.5892519 ] ] } },
{ "type": "Feature", "properties": { "voltage_kv": "380 kV; 110 kV", "operator_show": "Amprion", "name_show": "–" }, "geometry": { "type": "LineString", "coordinates": [ [ 7.4177183, 52.4729856 ], [ 7.4155708, 52.5004566 ], [ 7.3941685, 52.5082751 ], [ 7.3992539, 52.5650436 ], [ 7.3414776, 52.5894791 ], [ 7.3341418, 52.63877320000001 ], [ 7.2700025, 52.6541188 ] ] } },
{ "type": "Feature", "properties": { "voltage_kv": "380 kV; 220 kV; 110 kV; 30 kV", "operator_show": "Amprion", "name_show": "–" }, "geometry": { "type": "LineString", "coordinates": [ [ 7.8456625, 52.4291364 ], [ 7.8270571, 52.4620929 ] ] } },
{ "type": "Feature", "properties": { "voltage_kv": "380 kV; 220 kV; 110 kV", "operator_show": "Amprion", "name_show": "–" }, "geometry": { "type": "LineString", "coordinates": [ [ 7.840079, 52.466876 ], [ 7.9831016, 52.457552299999982 ] ] } },
{ "type": "Feature", "properties": { "voltage_kv": "380 kV; 380 kV; 220 kV; 110 kV", "operator_show": "Amprion", "name_show": "–" }, "geometry": { "type": "LineString", "coordinates": [ [ 7.9038906, 52.3031387 ], [ 7.8676825, 52.385107499999982 ] ] } },
{ "type": "Feature", "properties": { "voltage_kv": "380 kV; 380 kV; 220 kV; 110 kV; 110 kV; 110 kV", "operator_show": "Amprion;Westnetz", "name_show": "–" }, "geometry": { "type": "LineString", "coordinates": [ [ 7.8978644, 52.2815035 ], [ 7.9038906, 52.3031387 ] ] } },
{ "type": "Feature", "properties": { "voltage_kv": "380 kV", "operator_show": "TenneT TSO GmbH", "name_show": "307 UW Wilster - UW Dollern, 308 AKW Brokdorf - UW Wilster" }, "geometry": { "type": "LineString", "coordinates": [ [ 9.3508194, 53.9214169 ], [ 9.3557308, 53.878343299999983 ] ] } },
{ "type": "Feature", "properties": { "voltage_kv": "380 kV; 220 kV; 110 kV; 110 kV", "operator_show": "Amprion;Westnetz", "name_show": "–" }, "geometry": { "type": "LineString", "coordinates": [ [ 7.7295212, 52.280556 ], [ 7.7277985, 52.2786447 ] ] } },
{ "type": "Feature", "properties": { "voltage_kv": "380 kV; 110 kV", "operator_show": "DB Energie GmbH;EnBW", "name_show": "Anlage 373;NWH-SEE 220 kV, NWH-MUL 220 kV, Bahnstrom Neckarwestheim - Stuttgart-Zazenhausen" }, "geometry": { "type": "LineString", "coordinates": [ [ 9.2105088, 49.0291631 ], [ 9.2140096, 48.9470177 ], [ 9.2410995, 48.922082899999985 ] ] } },
{ "type": "Feature", "properties": { "voltage_kv": "380 kV; 220 kV", "operator_show": "EnBW", "name_show": "–" }, "geometry": { "type": "LineString", "coordinates": [ [ 9.2047674, 49.0404173 ], [ 9.209175, 49.030637400000018 ] ] } },
{ "type": "Feature", "properties": { "voltage_kv": "380 kV; 220 kV", "operator_show": "Amprion", "name_show": "220kV Westerkappeln Nord+Süd" }, "geometry": { "type": "LineString", "coordinates": [ [ 7.8807455, 52.265688 ], [ 7.8826595, 52.2638063 ] ] } },
{ "type": "Feature", "properties": { "voltage_kv": "380 kV; 110 kV", "operator_show": "50Hertz Transmission", "name_show": "Ltg 461 und 462 Goldisthal - Altenfeld sowie Kh - Atf 3 und Tau - Atf 4" }, "geometry": { "type": "LineString", "coordinates": [ [ 10.9977015, 50.530292399999986 ], [ 10.9884959, 50.5699241 ] ] } },
{ "type": "Feature", "properties": { "voltage_kv": "380 kV", "operator_show": "EnBW", "name_show": "–" }, "geometry": { "type": "LineString", "coordinates": [ [ 9.2166898, 48.853417399999984 ], [ 9.2154701, 48.8524385 ] ] } },
{ "type": "Feature", "properties": { "voltage_kv": "380 kV", "operator_show": "EnBW", "name_show": "–" }, "geometry": { "type": "LineString", "coordinates": [ [ 9.2158764, 48.8525673 ], [ 9.2155255, 48.8521483 ] ] } },
{ "type": "Feature", "properties": { "voltage_kv": "380 kV", "operator_show": "EnBW", "name_show": "–" }, "geometry": { "type": "LineString", "coordinates": [ [ 9.2154197, 48.8527268 ], [ 9.2150749, 48.8522966 ] ] } },
{ "type": "Feature", "properties": { "voltage_kv": "380 kV", "operator_show": "EnBW", "name_show": "–" }, "geometry": { "type": "LineString", "coordinates": [ [ 9.216459, 48.8518131 ], [ 9.2168238, 48.8522402 ] ] } },
{ "type": "Feature", "properties": { "voltage_kv": "380 kV", "operator_show": "EnBW", "name_show": "–" }, "geometry": { "type": "LineString", "coordinates": [ [ 9.2145815, 48.8524096 ], [ 9.2150267, 48.8529444 ] ] } },
{ "type": "Feature", "properties": { "voltage_kv": "380 kV", "operator_show": "–", "name_show": "–" }, "geometry": { "type": "LineString", "coordinates": [ [ 9.2161888, 48.853699099999986 ], [ 9.2150187, 48.852587899999989 ] ] } },
{ "type": "Feature", "properties": { "voltage_kv": "380 kV", "operator_show": "TenneT TSO", "name_show": "–" }, "geometry": { "type": "LineString", "coordinates": [ [ 9.0892661, 49.9703332 ], [ 9.0896686, 49.969213199999977 ] ] } },
{ "type": "Feature", "properties": { "voltage_kv": "380 kV", "operator_show": "TenneT TSO", "name_show": "–" }, "geometry": { "type": "LineString", "coordinates": [ [ 9.0887902, 49.9691485 ], [ 9.0892661, 49.9703332 ] ] } },
{ "type": "Feature", "properties": { "voltage_kv": "380 kV", "operator_show": "TenneT TSO GmbH", "name_show": "Isar - Pleinting" }, "geometry": { "type": "LineString", "coordinates": [ [ 13.1003192, 48.6661239 ], [ 13.1007537, 48.6678854 ] ] } },
{ "type": "Feature", "properties": { "voltage_kv": "380 kV", "operator_show": "TenneT TSO GmbH", "name_show": "Isar - Pleinting" }, "geometry": { "type": "LineString", "coordinates": [ [ 13.1003192, 48.6661239 ], [ 13.100357, 48.6680747 ] ] } },
{ "type": "Feature", "properties": { "voltage_kv": "380 kV", "operator_show": "TenneT TSO GmbH", "name_show": "309 AKW Brunsbüttel - UW Wilster" }, "geometry": { "type": "LineString", "coordinates": [ [ 9.2474899, 53.8981792 ], [ 9.3387554, 53.923626099999986 ] ] } },
{ "type": "Feature", "properties": { "voltage_kv": "380 kV", "operator_show": "TenneT TSO", "name_show": "Ltg 414 Remptendorf" }, "geometry": { "type": "LineString", "coordinates": [ [ 11.1928496, 50.1631409 ], [ 11.19199, 50.163171799999986 ] ] } },
{ "type": "Feature", "properties": { "voltage_kv": "380 kV", "operator_show": "–", "name_show": "Herbertingen - Tiengen" }, "geometry": { "type": "LineString", "coordinates": [ [ 8.2602404, 47.6363726 ], [ 8.2611338, 47.6344878 ] ] } },
{ "type": "Feature", "properties": { "voltage_kv": "380 kV", "operator_show": "50Hertz Transmission", "name_show": "Ltg 589 und 590 Pulgar-Vieselbach" }, "geometry": { "type": "LineString", "coordinates": [ [ 12.1715109, 51.018825599999985 ], [ 11.8731661, 51.0216174 ], [ 11.838019, 51.0469311 ], [ 11.5959979, 51.085430299999985 ], [ 11.3342242, 51.0672109 ], [ 11.2236795, 51.0421196 ], [ 11.1258031, 50.997479699999978 ] ] } },
{ "type": "Feature", "properties": { "voltage_kv": "380 kV", "operator_show": "50Hertz Transmission", "name_show": "Ltg 454 Eisenach" }, "geometry": { "type": "LineString", "coordinates": [ [ 11.12342, 50.9968593 ], [ 11.1245945, 50.9962701 ] ] } },
{ "type": "Feature", "properties": { "voltage_kv": "380 kV", "operator_show": "50Hertz Transmission", "name_show": "Ltg 468 Altenfeld" }, "geometry": { "type": "LineString", "coordinates": [ [ 11.1226164, 50.996203 ], [ 11.1237241, 50.995562800000016 ] ] } },
{ "type": "Feature", "properties": { "voltage_kv": "380 kV", "operator_show": "50Hertz Transmission", "name_show": "Ltg 468 Vieselbach - Altenfeld" }, "geometry": { "type": "LineString", "coordinates": [ [ 11.1237241, 50.995562800000016 ], [ 11.1252479, 50.9943084 ] ] } },
{ "type": "Feature", "properties": { "voltage_kv": "380 kV", "operator_show": "50Hertz Transmission", "name_show": "Ltg 589 Pulgar" }, "geometry": { "type": "LineString", "coordinates": [ [ 11.1247119, 50.9979127 ], [ 11.1258031, 50.997479699999978 ] ] } },
{ "type": "Feature", "properties": { "voltage_kv": "380 kV", "operator_show": "TenneT TSO GmbH", "name_show": "–" }, "geometry": { "type": "LineString", "coordinates": [ [ 7.2582305, 52.9802727 ], [ 7.2573216, 52.9793821 ] ] } },
{ "type": "Feature", "properties": { "voltage_kv": "380 kV", "operator_show": "TenneT TSO", "name_show": "–" }, "geometry": { "type": "LineString", "coordinates": [ [ 7.2587799, 52.981318399999985 ], [ 7.2587922, 52.9831445 ] ] } },
{ "type": "Feature", "properties": { "voltage_kv": "380 kV", "operator_show": "TenneT TSO", "name_show": "–" }, "geometry": { "type": "LineString", "coordinates": [ [ 9.810976, 50.8576892 ], [ 9.801347, 50.7931503 ], [ 9.8396405, 50.734484799999983 ], [ 9.7995986, 50.6430807 ], [ 9.8122307, 50.606184199999987 ], [ 9.7810746, 50.5967043 ], [ 9.7510743, 50.5593668 ] ] } },
{ "type": "Feature", "properties": { "voltage_kv": "380 kV; 110 kV", "operator_show": "TenneT TSO GmbH;Avacon Netz GmbH", "name_show": "–" }, "geometry": { "type": "LineString", "coordinates": [ [ 9.7528023, 50.9156262 ], [ 9.810976, 50.8576892 ] ] } },
{ "type": "Feature", "properties": { "voltage_kv": "380 kV; 110 kV", "operator_show": "TenneT TSO GmbH;Avacon Netz GmbH", "name_show": "–" }, "geometry": { "type": "LineString", "coordinates": [ [ 9.6407165, 50.4616502 ], [ 9.5736759, 50.3882401 ] ] } },
{ "type": "Feature", "properties": { "voltage_kv": "380 kV", "operator_show": "RWE", "name_show": "Vöhringen - Gundremmingen" }, "geometry": { "type": "LineString", "coordinates": [ [ 10.0809843, 48.2664048 ], [ 10.0800811, 48.2672014 ] ] } },
{ "type": "Feature", "properties": { "voltage_kv": "380 kV", "operator_show": "RWE", "name_show": "–" }, "geometry": { "type": "LineString", "coordinates": [ [ 10.0804461, 48.2652703 ], [ 10.0810407, 48.2657617 ] ] } },
{ "type": "Feature", "properties": { "voltage_kv": "380 kV", "operator_show": "–", "name_show": "–" }, "geometry": { "type": "LineString", "coordinates": [ [ 10.0804461, 48.2652703 ], [ 10.081108, 48.265586599999985 ] ] } },
{ "type": "Feature", "properties": { "voltage_kv": "380 kV", "operator_show": "TenneT TSO", "name_show": "–" }, "geometry": { "type": "LineString", "coordinates": [ [ 10.8437826, 49.3813052 ], [ 10.8444895, 49.3817123 ] ] } },
{ "type": "Feature", "properties": { "voltage_kv": "380 kV", "operator_show": "TenneT TSO", "name_show": "–" }, "geometry": { "type": "LineString", "coordinates": [ [ 10.8438277, 49.3811391 ], [ 10.8444895, 49.3817123 ] ] } },
{ "type": "Feature", "properties": { "voltage_kv": "380 kV", "operator_show": "–", "name_show": "Irsching - Raitersaich" }, "geometry": { "type": "LineString", "coordinates": [ [ 10.8421337, 49.3801001 ], [ 10.8413165, 49.3800419 ] ] } },
{ "type": "Feature", "properties": { "voltage_kv": "380 kV", "operator_show": "–", "name_show": "Irsching - Raitersaich" }, "geometry": { "type": "LineString", "coordinates": [ [ 10.8421116, 49.3799336 ], [ 10.8413165, 49.3800419 ] ] } },
{ "type": "Feature", "properties": { "voltage_kv": "380 kV", "operator_show": "TenneT TSO", "name_show": "–" }, "geometry": { "type": "LineString", "coordinates": [ [ 10.8435258, 49.379207500000014 ], [ 10.8450879, 49.3792968 ] ] } },
{ "type": "Feature", "properties": { "voltage_kv": "380 kV", "operator_show": "TenneT TSO", "name_show": "–" }, "geometry": { "type": "LineString", "coordinates": [ [ 10.8435442, 49.379370599999987 ], [ 10.8450879, 49.3792968 ] ] } },
{ "type": "Feature", "properties": { "voltage_kv": "380 kV", "operator_show": "RWE", "name_show": "–" }, "geometry": { "type": "LineString", "coordinates": [ [ 8.0651377, 50.4077849 ], [ 8.0769789, 50.495309499999969 ], [ 8.0559181, 50.603036 ], [ 8.0148851, 50.6391619 ] ] } },
{ "type": "Feature", "properties": { "voltage_kv": "380 kV", "operator_show": "TenneT TSO GmbH", "name_show": "–" }, "geometry": { "type": "LineString", "coordinates": [ [ 9.2284836, 51.8121502 ], [ 9.2319021, 51.8101933 ] ] } },
{ "type": "Feature", "properties": { "voltage_kv": "380 kV", "operator_show": "TransnetBW", "name_show": "–" }, "geometry": { "type": "LineString", "coordinates": [ [ 8.5634012, 49.1326642 ], [ 8.5742252, 49.130406700000016 ] ] } },
{ "type": "Feature", "properties": { "voltage_kv": "380 kV; 110 kV", "operator_show": "–", "name_show": "–" }, "geometry": { "type": "LineString", "coordinates": [ [ 8.810701, 50.3168098 ], [ 8.8056316, 50.3472038 ] ] } },
{ "type": "Feature", "properties": { "voltage_kv": "380 kV", "operator_show": "TenneT TSO", "name_show": "Ltg 3011" }, "geometry": { "type": "LineString", "coordinates": [ [ 8.8087546, 50.2043156 ], [ 8.8043585, 50.205271599999989 ] ] } },
{ "type": "Feature", "properties": { "voltage_kv": "380 kV; 110 kV", "operator_show": "TenneT TSO GmbH;Avacon Netz GmbH", "name_show": "Leitung 3012" }, "geometry": { "type": "LineString", "coordinates": [ [ 9.3271215, 51.6299197 ], [ 9.3500632, 51.6349947 ] ] } },
{ "type": "Feature", "properties": { "voltage_kv": "380 kV", "operator_show": "TenneT TSO", "name_show": "–" }, "geometry": { "type": "LineString", "coordinates": [ [ 9.5843235, 51.3310207 ], [ 9.5850088, 51.288306 ], [ 9.5153825, 51.2583513 ] ] } },
{ "type": "Feature", "properties": { "voltage_kv": "380 kV", "operator_show": "Amprion", "name_show": "–" }, "geometry": { "type": "LineString", "coordinates": [ [ 9.2096976, 48.9233795 ], [ 9.2055102, 48.9234551 ] ] } },
{ "type": "Feature", "properties": { "voltage_kv": "380 kV", "operator_show": "–", "name_show": "–" }, "geometry": { "type": "LineString", "coordinates": [ [ 9.2096976, 48.9233795 ], [ 9.2075576, 48.9231934 ] ] } },
{ "type": "Feature", "properties": { "voltage_kv": "380 kV", "operator_show": "Amprion", "name_show": "Dümmersee Süd;Leitung 3017" }, "geometry": { "type": "LineString", "coordinates": [ [ 8.404487, 52.497794 ], [ 8.4019613, 52.49668549999997 ] ] } },
{ "type": "Feature", "properties": { "voltage_kv": "380 kV", "operator_show": "50Hertz Transmission", "name_show": "Tr" }, "geometry": { "type": "LineString", "coordinates": [ [ 11.6451144, 50.534037799999986 ], [ 11.6470238, 50.534270500000012 ] ] } },
{ "type": "Feature", "properties": { "voltage_kv": "380 kV", "operator_show": "50Hertz Transmission", "name_show": "–" }, "geometry": { "type": "LineString", "coordinates": [ [ 11.644897, 50.5345206 ], [ 11.6467317, 50.5349158 ] ] } },
{ "type": "Feature", "properties": { "voltage_kv": "380 kV", "operator_show": "50Hertz Transmission", "name_show": "Ltg 414 Redwitz" }, "geometry": { "type": "LineString", "coordinates": [ [ 11.6454011, 50.5334011 ], [ 11.6443391, 50.5334034 ] ] } },
{ "type": "Feature", "properties": { "voltage_kv": "380 kV", "operator_show": "50Hertz Transmission", "name_show": "Ltg 416 Vieselbach" }, "geometry": { "type": "LineString", "coordinates": [ [ 11.6448256, 50.5346791 ], [ 11.6432528, 50.5346016 ] ] } },
{ "type": "Feature", "properties": { "voltage_kv": "380 kV; 0 kV", "operator_show": "TransnetBW GmbH", "name_show": "LFBSS-TRSNG 1x 380 kV" }, "geometry": { "type": "LineString", "coordinates": [ [ 8.618327, 48.064273100000015 ], [ 8.6258009, 48.0565531 ] ] } },
{ "type": "Feature", "properties": { "voltage_kv": "380 kV", "operator_show": "LEW", "name_show": "–" }, "geometry": { "type": "LineString", "coordinates": [ [ 10.7037423, 47.826416 ], [ 10.7026046, 47.826534499999987 ] ] } },
{ "type": "Feature", "properties": { "voltage_kv": "380 kV; 220 kV", "operator_show": "RWE", "name_show": "380 kV Knapsack 1a; 220 kV Knapsack 2b" }, "geometry": { "type": "LineString", "coordinates": [ [ 6.8432327, 50.8607423 ], [ 6.8434031, 50.8623353 ] ] } },
{ "type": "Feature", "properties": { "voltage_kv": "380 kV", "operator_show": "RWE", "name_show": "380 kV Walberberg West" }, "geometry": { "type": "LineString", "coordinates": [ [ 6.84681, 50.8639348 ], [ 6.8433073, 50.8636889 ] ] } },
{ "type": "Feature", "properties": { "voltage_kv": "380 kV; 220 kV", "operator_show": "RWE", "name_show": "380 kV Walberberg West;220 kV Knapsack 2b" }, "geometry": { "type": "LineString", "coordinates": [ [ 6.8701888, 50.8569308 ], [ 6.8941865, 50.8479295 ] ] } },
{ "type": "Feature", "properties": { "voltage_kv": "380 kV; 220 kV", "operator_show": "RWE", "name_show": "380 kV Brauweiler West" }, "geometry": { "type": "LineString", "coordinates": [ [ 6.8368488, 50.8735056 ], [ 6.8430705, 50.8647703 ] ] } },
{ "type": "Feature", "properties": { "voltage_kv": "380 kV", "operator_show": "50Hertz Transmission", "name_show": "Ltg 551 und 552 Bärwalde - Schmölln" }, "geometry": { "type": "LineString", "coordinates": [ [ 14.5100305, 51.4111184 ], [ 14.4655739, 51.35801750000001 ], [ 14.4708011, 51.3257103 ], [ 14.4339098, 51.2681489 ], [ 14.3648928, 51.23942310000001 ], [ 14.252385, 51.2344465 ], [ 14.2080534, 51.1914232 ], [ 14.2314102, 51.1452716 ], [ 14.2192635, 51.1233716 ] ] } },
{ "type": "Feature", "properties": { "voltage_kv": "380 kV", "operator_show": "TransnetBW GmbH", "name_show": "–" }, "geometry": { "type": "LineString", "coordinates": [ [ 8.8705871, 48.308486799999983 ], [ 8.861742, 48.3044376 ] ] } },
{ "type": "Feature", "properties": { "voltage_kv": "380 kV", "operator_show": "–", "name_show": "–" }, "geometry": { "type": "LineString", "coordinates": [ [ 9.1144108, 52.544704299999985 ], [ 9.114329, 52.542813 ] ] } },
{ "type": "Feature", "properties": { "voltage_kv": "380 kV", "operator_show": "–", "name_show": "HUEFF-HOEPF" }, "geometry": { "type": "LineString", "coordinates": [ [ 9.1676839, 49.3338439 ], [ 9.2030842, 49.3474005 ] ] } },
{ "type": "Feature", "properties": { "voltage_kv": "380 kV; 110 kV; 110 kV", "operator_show": "–", "name_show": "–" }, "geometry": { "type": "LineString", "coordinates": [ [ 9.1391422, 49.3186081 ], [ 9.1676839, 49.3338439 ] ] } },
{ "type": "Feature", "properties": { "voltage_kv": "380 kV; 0 kV", "operator_show": "–", "name_show": "HUEFF-HOEPF" }, "geometry": { "type": "LineString", "coordinates": [ [ 9.2030842, 49.3474005 ], [ 9.2719556, 49.4197587 ], [ 9.3095828, 49.4318551 ], [ 9.3503647, 49.4911782 ] ] } },
{ "type": "Feature", "properties": { "voltage_kv": "380 kV", "operator_show": "–", "name_show": "–" }, "geometry": { "type": "LineString", "coordinates": [ [ 7.8175024, 49.9218531 ], [ 7.8185618, 49.9218667 ] ] } },
{ "type": "Feature", "properties": { "voltage_kv": "380 kV", "operator_show": "–", "name_show": "–" }, "geometry": { "type": "LineString", "coordinates": [ [ 7.8173576, 49.9224864 ], [ 7.8183062, 49.922685199999982 ] ] } },
{ "type": "Feature", "properties": { "voltage_kv": "380 kV", "operator_show": "Amprion", "name_show": "380 kV Gilzem Ost;Uchtelfangen West" }, "geometry": { "type": "LineString", "coordinates": [ [ 6.5120236, 49.8835779 ], [ 6.5193928, 49.8775222 ] ] } },
{ "type": "Feature", "properties": { "voltage_kv": "380 kV; 220 kV", "operator_show": "Amprion", "name_show": "380 kV Gilzem Ost;Uchtelfangen West;220 kV Niederstedem Ost|West" }, "geometry": { "type": "LineString", "coordinates": [ [ 6.5193928, 49.8775222 ], [ 6.5667245, 49.8017566 ] ] } },
{ "type": "Feature", "properties": { "voltage_kv": "380 kV; 110 kV", "operator_show": "RWE", "name_show": "–" }, "geometry": { "type": "LineString", "coordinates": [ [ 8.0462344, 47.5530068 ], [ 8.0387717, 47.558930500000017 ] ] } },
{ "type": "Feature", "properties": { "voltage_kv": "380 kV; 220 kV", "operator_show": "–", "name_show": "–" }, "geometry": { "type": "LineString", "coordinates": [ [ 7.8749742, 47.5998391 ], [ 7.8988742, 47.6042316 ] ] } },
{ "type": "Feature", "properties": { "voltage_kv": "380 kV", "operator_show": "–", "name_show": "Koppelleitung Laufenburg (CH) - Sierentz (F)" }, "geometry": { "type": "LineString", "coordinates": [ [ 7.8723114, 47.6017183 ], [ 7.792739, 47.6284066 ], [ 7.7488041, 47.6284232 ] ] } },
{ "type": "Feature", "properties": { "voltage_kv": "380 kV", "operator_show": "–", "name_show": "Koppelleitung Laufenburg (CH) - Sierentz (F)" }, "geometry": { "type": "LineString", "coordinates": [ [ 7.9472115, 47.594320499999981 ], [ 7.939881, 47.5976487 ] ] } },
{ "type": "Feature", "properties": { "voltage_kv": "380 kV", "operator_show": "–", "name_show": "Koppelleitung Laufenburg (CH) - Sierentz (F)" }, "geometry": { "type": "LineString", "coordinates": [ [ 7.8723114, 47.6017183 ], [ 7.8749742, 47.5998391 ] ] } },
{ "type": "Feature", "properties": { "voltage_kv": "380 kV", "operator_show": "–", "name_show": "Koppelleitung Laufenburg (CH) - Sierentz (F)" }, "geometry": { "type": "LineString", "coordinates": [ [ 7.8750534, 47.6002662 ], [ 7.8723114, 47.6017183 ] ] } },
{ "type": "Feature", "properties": { "voltage_kv": "380 kV; 220 kV", "operator_show": "–", "name_show": "Koppelleitung Laufenburg (CH) - Sierentz (F)" }, "geometry": { "type": "LineString", "coordinates": [ [ 7.939881, 47.5976487 ], [ 7.8750534, 47.6002662 ] ] } },
{ "type": "Feature", "properties": { "voltage_kv": "380 kV; 220 kV", "operator_show": "–", "name_show": "Herbertingen - Tiengen" }, "geometry": { "type": "LineString", "coordinates": [ [ 8.2563764, 47.6309724 ], [ 8.2551206, 47.63081 ] ] } },
{ "type": "Feature", "properties": { "voltage_kv": "380 kV; 0 kV", "operator_show": "RWE", "name_show": "–" }, "geometry": { "type": "LineString", "coordinates": [ [ 8.2508173, 47.6342231 ], [ 8.2550741, 47.634038 ] ] } },
{ "type": "Feature", "properties": { "voltage_kv": "380 kV", "operator_show": "RWE", "name_show": "–" }, "geometry": { "type": "LineString", "coordinates": [ [ 8.2550741, 47.634038 ], [ 8.2571305, 47.633666399999989 ] ] } },
{ "type": "Feature", "properties": { "voltage_kv": "380 kV; 220 kV", "operator_show": "Amprion GmbH", "name_show": "–" }, "geometry": { "type": "LineString", "coordinates": [ [ 8.173769, 47.6512308 ], [ 8.2508173, 47.6342231 ] ] } },
{ "type": "Feature", "properties": { "voltage_kv": "380 kV", "operator_show": "TransnetBW GmbH", "name_show": "PULVE-OBJTT-ENGST 380 kV, OBJTT-ENGST 380 kV, TRSNG-WDLNG 220 kV" }, "geometry": { "type": "LineString", "coordinates": [ [ 8.8748127, 48.3199858 ], [ 8.8725352, 48.3121149 ] ] } },
{ "type": "Feature", "properties": { "voltage_kv": "380 kV", "operator_show": "Amprion", "name_show": "–" }, "geometry": { "type": "LineString", "coordinates": [ [ 7.7277098, 52.2772188 ], [ 7.7277985, 52.2786447 ] ] } },
{ "type": "Feature", "properties": { "voltage_kv": "400 kV", "operator_show": "RTE", "name_show": "Liaisons 400 kV n°1 et 2 Ensdorf (Allemagne) - Vigy" }, "geometry": { "type": "LineString", "coordinates": [ [ 6.2866994, 49.1979197 ], [ 6.4303204, 49.2075438 ], [ 6.6692668, 49.2728289 ] ] } },
{ "type": "Feature", "properties": { "voltage_kv": "380 kV; 110 kV", "operator_show": "TenneT TSO GmbH;Avacon Netz GmbH", "name_show": "–" }, "geometry": { "type": "LineString", "coordinates": [ [ 9.0572639, 51.1653019 ], [ 9.0957174, 51.163896699999988 ] ] } },
{ "type": "Feature", "properties": { "voltage_kv": "380 kV", "operator_show": "TenneT", "name_show": "–" }, "geometry": { "type": "LineString", "coordinates": [ [ 8.9079328, 51.39009810000001 ], [ 8.9071635, 51.3949158 ] ] } },
{ "type": "Feature", "properties": { "voltage_kv": "380 kV", "operator_show": "RWE", "name_show": "380 kV Neurath 4d|5e" }, "geometry": { "type": "LineString", "coordinates": [ [ 6.6488332, 51.0317443 ], [ 6.6366629, 51.0338645 ] ] } },
{ "type": "Feature", "properties": { "voltage_kv": "380 kV", "operator_show": "–", "name_show": "Ltg MD Preilack" }, "geometry": { "type": "LineString", "coordinates": [ [ 14.4582761, 51.833796300000017 ], [ 14.4585492, 51.8355403 ] ] } },
{ "type": "Feature", "properties": { "voltage_kv": "380 kV; 220 kV; 110 kV", "operator_show": "Westnetz", "name_show": "–" }, "geometry": { "type": "LineString", "coordinates": [ [ 7.0969703, 50.5828297 ], [ 7.1388611, 50.5740839 ], [ 7.1562043, 50.5527308 ] ] } },
{ "type": "Feature", "properties": { "voltage_kv": "380 kV; 220 kV; 110 kV", "operator_show": "Amprion", "name_show": "110 kV Neuenahr Ltg.;Sinzig Ltg." }, "geometry": { "type": "LineString", "coordinates": [ [ 7.0931992, 50.5845582 ], [ 7.0204979, 50.6176939 ] ] } },
{ "type": "Feature", "properties": { "voltage_kv": "380 kV; 220 kV", "operator_show": "–", "name_show": "Anlage 9340" }, "geometry": { "type": "LineString", "coordinates": [ [ 9.2032448, 49.0419791 ], [ 9.2042047, 49.0403506 ] ] } },
{ "type": "Feature", "properties": { "voltage_kv": "380 kV; 220 kV", "operator_show": "50Hertz Transmission", "name_show": "Ltg 525 Ragow - (Thyrow) - Wustermark und Ltg 526 Thyrow - Wustermark" }, "geometry": { "type": "LineString", "coordinates": [ [ 13.2995558, 52.227234 ], [ 13.1521089, 52.2706606 ], [ 12.9805794, 52.259622600000014 ], [ 12.8234251, 52.319466199999979 ], [ 12.7843406, 52.354861899999989 ], [ 12.8320163, 52.484966399999983 ], [ 12.9474856, 52.5620291 ] ] } },
{ "type": "Feature", "properties": { "voltage_kv": "380 kV", "operator_show": "50Hertz Transmission", "name_show": "Ltg 525" }, "geometry": { "type": "LineString", "coordinates": [ [ 13.3078708, 52.228716799999987 ], [ 13.3071585, 52.227322600000015 ] ] } },
{ "type": "Feature", "properties": { "voltage_kv": "380 kV; 220 kV; 110 kV", "operator_show": "Amprion", "name_show": "–" }, "geometry": { "type": "LineString", "coordinates": [ [ 6.5307831, 51.750565199999961 ], [ 6.5257046, 51.753063799999985 ] ] } },
{ "type": "Feature", "properties": { "voltage_kv": "380 kV; 220 kV", "operator_show": "Amprion", "name_show": "–" }, "geometry": { "type": "LineString", "coordinates": [ [ 6.5347999, 51.7485512 ], [ 6.5307831, 51.750565199999961 ] ] } },
{ "type": "Feature", "properties": { "voltage_kv": "380 kV; 220 kV", "operator_show": "Amprion", "name_show": "–" }, "geometry": { "type": "LineString", "coordinates": [ [ 6.5837127, 51.7111326 ], [ 6.5808159, 51.7143932 ] ] } },
{ "type": "Feature", "properties": { "voltage_kv": "380 kV; 220 kV; 110 kV", "operator_show": "–", "name_show": "–" }, "geometry": { "type": "LineString", "coordinates": [ [ 6.5808159, 51.7143932 ], [ 6.5347999, 51.7485512 ] ] } },
{ "type": "Feature", "properties": { "voltage_kv": "380 kV; 220 kV; 110 kV", "operator_show": "RWE", "name_show": "–" }, "geometry": { "type": "LineString", "coordinates": [ [ 7.1640237, 51.3946252 ], [ 7.1543563, 51.4125515 ], [ 7.179217, 51.4218287 ] ] } },
{ "type": "Feature", "properties": { "voltage_kv": "380 kV", "operator_show": "TransnetBW", "name_show": "–" }, "geometry": { "type": "LineString", "coordinates": [ [ 8.3582787, 49.064247 ], [ 8.4078316, 49.0892064 ], [ 8.4320535, 49.1317414 ], [ 8.4414088, 49.24592530000001 ] ] } },
{ "type": "Feature", "properties": { "voltage_kv": "380 kV; 110 kV", "operator_show": "TransnetBW", "name_show": "Grafenrheinfeld - Kupferzell" }, "geometry": { "type": "LineString", "coordinates": [ [ 9.8763522, 49.3987047 ], [ 9.8094479, 49.3735433 ], [ 9.7560933, 49.283075799999985 ], [ 9.6992351, 49.2345535 ] ] } },
{ "type": "Feature", "properties": { "voltage_kv": "380 kV; 110 kV", "operator_show": "TransnetBW GmbH", "name_show": "–" }, "geometry": { "type": "LineString", "coordinates": [ [ 9.405105, 48.6677377 ], [ 9.4077778, 48.669471 ] ] } },
{ "type": "Feature", "properties": { "voltage_kv": "380 kV", "operator_show": "TransnetBW GmbH", "name_show": "Anlage 303 Mühlhausen - Wendlingen und Laichingen - Wendlingen" }, "geometry": { "type": "LineString", "coordinates": [ [ 9.4072458, 48.6697961 ], [ 9.4201527, 48.6744466 ] ] } },
{ "type": "Feature", "properties": { "voltage_kv": "380 kV", "operator_show": "TransnetBW", "name_show": "AL1-BZW 380 kV, BZW-WDL/MEZ 380 kV" }, "geometry": { "type": "LineString", "coordinates": [ [ 9.561845, 48.7028961 ], [ 9.563191, 48.701321 ] ] } },
{ "type": "Feature", "properties": { "voltage_kv": "380 kV", "operator_show": "50Hertz Transmission", "name_show": "Ltg 420 Krümmel" }, "geometry": { "type": "LineString", "coordinates": [ [ 11.6988838, 53.572561799999988 ], [ 11.6988822, 53.5732858 ] ] } },
{ "type": "Feature", "properties": { "voltage_kv": "380 kV; 110 kV", "operator_show": "50Hertz Transmission;WEMAG Netz GmbH", "name_show": "Ltg 419 Krümmel - Görries und 420 Krümmel - Wessin" }, "geometry": { "type": "LineString", "coordinates": [ [ 10.8251912, 53.5131298 ], [ 11.1000402, 53.514681 ] ] } },
{ "type": "Feature", "properties": { "voltage_kv": "380 kV", "operator_show": "50Hertz Transmission", "name_show": "Ltg 424 Güstrow" }, "geometry": { "type": "LineString", "coordinates": [ [ 11.6993328, 53.5727564 ], [ 11.6988822, 53.5732858 ] ] } },
{ "type": "Feature", "properties": { "voltage_kv": "380 kV", "operator_show": "50Hertz Transmission", "name_show": "Ltg 419 Krümmel - Görries und 420 Krümmel - Wessin" }, "geometry": { "type": "LineString", "coordinates": [ [ 11.3584564, 53.5984419 ], [ 11.3636415, 53.5971105 ] ] } },
{ "type": "Feature", "properties": { "voltage_kv": "380 kV", "operator_show": "50Hertz Transmission", "name_show": "Ltg 423 Görries - Güstrow und 424 Wessin - Güstrow" }, "geometry": { "type": "LineString", "coordinates": [ [ 11.6988822, 53.5732858 ], [ 11.797493, 53.606323 ], [ 11.8212866, 53.6658804 ], [ 11.853594, 53.687598 ], [ 11.955324, 53.703434 ], [ 12.10409, 53.762623 ], [ 12.167841, 53.821234 ], [ 12.189009, 53.817054 ] ] } },
{ "type": "Feature", "properties": { "voltage_kv": "380 kV", "operator_show": "–", "name_show": "Ltg MQ und MR Boxberg - Bärwalde" }, "geometry": { "type": "LineString", "coordinates": [ [ 14.5783485, 51.415085699999985 ], [ 14.567854, 51.4106186 ] ] } },
{ "type": "Feature", "properties": { "voltage_kv": "380 kV", "operator_show": "50Hertz Transmission", "name_show": "Ltg 437 und 438 Wolmirstedt - Förderstedt sowie 532 Ragow - Förderstedt und 533 Jessen Nord - Förderstedt" }, "geometry": { "type": "LineString", "coordinates": [ [ 11.6413772, 51.9896751 ], [ 11.6436703, 51.90647 ] ] } },
{ "type": "Feature", "properties": { "voltage_kv": "380 kV", "operator_show": "50Hertz Transmission", "name_show": "Ltg 438 Wolmirstedt" }, "geometry": { "type": "LineString", "coordinates": [ [ 11.6452043, 51.9074243 ], [ 11.6436703, 51.90647 ] ] } },
{ "type": "Feature", "properties": { "voltage_kv": "380 kV", "operator_show": "50Hertz Transmission", "name_show": "Ltg 533 Jessen Nord" }, "geometry": { "type": "LineString", "coordinates": [ [ 11.6436366, 51.9076572 ], [ 11.6436703, 51.90647 ] ] } },
{ "type": "Feature", "properties": { "voltage_kv": "380 kV", "operator_show": "50Hertz Transmission", "name_show": "Ltg 532 Ragow" }, "geometry": { "type": "LineString", "coordinates": [ [ 11.6446805, 51.9075016 ], [ 11.6436703, 51.90647 ] ] } },
{ "type": "Feature", "properties": { "voltage_kv": "380 kV", "operator_show": "50Hertz Transmission", "name_show": "Ltg 437 Wolmirstedt" }, "geometry": { "type": "LineString", "coordinates": [ [ 11.6431141, 51.9077339 ], [ 11.6436703, 51.90647 ] ] } },
{ "type": "Feature", "properties": { "voltage_kv": "380 kV", "operator_show": "TransnetBW GmbH", "name_show": "–" }, "geometry": { "type": "LineString", "coordinates": [ [ 9.0342933, 48.8979331 ], [ 9.0429004, 48.9010329 ] ] } },
{ "type": "Feature", "properties": { "voltage_kv": "380 kV", "operator_show": "Amprion", "name_show": "380kV Stummhafen 1A + ANK" }, "geometry": { "type": "LineString", "coordinates": [ [ 7.4607467, 51.6146491 ], [ 7.4598061, 51.6161384 ] ] } },
{ "type": "Feature", "properties": { "voltage_kv": "380 kV", "operator_show": "TenneT TSO", "name_show": "–" }, "geometry": { "type": "LineString", "coordinates": [ [ 8.2863728, 50.7577905 ], [ 8.2905436, 50.7580309 ] ] } },
{ "type": "Feature", "properties": { "voltage_kv": "380 kV", "operator_show": "–", "name_show": "–" }, "geometry": { "type": "LineString", "coordinates": [ [ 8.2863728, 50.7577905 ], [ 8.2848749, 50.7587164 ] ] } },
{ "type": "Feature", "properties": { "voltage_kv": "380 kV; 220 kV; 110 kV", "operator_show": "TransnetBW GmbH", "name_show": "Anlage 326" }, "geometry": { "type": "LineString", "coordinates": [ [ 9.2098683, 48.9227737 ], [ 9.2370128, 48.9221859 ] ] } },
{ "type": "Feature", "properties": { "voltage_kv": "380 kV; 110 kV", "operator_show": "Amprion;Westnetz", "name_show": "–" }, "geometry": { "type": "LineString", "coordinates": [ [ 8.0504364, 51.8329719 ], [ 8.125082, 51.8530766 ] ] } },
{ "type": "Feature", "properties": { "voltage_kv": "380 kV", "operator_show": "–", "name_show": "–" }, "geometry": { "type": "LineString", "coordinates": [ [ 6.4855922, 50.880609 ], [ 6.487602, 50.880712 ] ] } },
{ "type": "Feature", "properties": { "voltage_kv": "380 kV", "operator_show": "–", "name_show": "–" }, "geometry": { "type": "LineString", "coordinates": [ [ 6.4855922, 50.880609 ], [ 6.4870514, 50.8811933 ] ] } },
{ "type": "Feature", "properties": { "voltage_kv": "380 kV", "operator_show": "–", "name_show": "–" }, "geometry": { "type": "LineString", "coordinates": [ [ 6.4855922, 50.880609 ], [ 6.4872863, 50.880988 ] ] } },
{ "type": "Feature", "properties": { "voltage_kv": "380 kV", "operator_show": "TenneT TSO", "name_show": "315" }, "geometry": { "type": "LineString", "coordinates": [ [ 8.049677, 53.3341085 ], [ 8.0505661, 53.3328305 ] ] } },
{ "type": "Feature", "properties": { "voltage_kv": "380 kV", "operator_show": "TransnetBW GmbH", "name_show": "–" }, "geometry": { "type": "LineString", "coordinates": [ [ 9.1404945, 49.1525824 ], [ 9.1480475, 49.1427428 ] ] } },
{ "type": "Feature", "properties": { "voltage_kv": "380 kV", "operator_show": "Stadtwerke München", "name_show": "Oberbachern - Menzing" }, "geometry": { "type": "LineString", "coordinates": [ [ 11.4309284, 48.1785476 ], [ 11.4341833, 48.215005899999987 ] ] } },
{ "type": "Feature", "properties": { "voltage_kv": "380 kV", "operator_show": "TenneT TSO", "name_show": "–" }, "geometry": { "type": "LineString", "coordinates": [ [ 9.1269305, 52.5390188 ], [ 9.1251556, 52.5392143 ] ] } },
{ "type": "Feature", "properties": { "voltage_kv": "380 kV", "operator_show": "–", "name_show": "–" }, "geometry": { "type": "LineString", "coordinates": [ [ 9.1130633, 52.542817099999979 ], [ 9.1131321, 52.5447997 ] ] } },
{ "type": "Feature", "properties": { "voltage_kv": "380 kV; 220 kV", "operator_show": "TenneT TSO GmbH", "name_show": "Leitung 3004" }, "geometry": { "type": "LineString", "coordinates": [ [ 9.114329, 52.542813 ], [ 9.123738, 52.539446 ] ] } },
{ "type": "Feature", "properties": { "voltage_kv": "380 kV", "operator_show": "TenneT TSO", "name_show": "Sottrum–Landesbergen" }, "geometry": { "type": "LineString", "coordinates": [ [ 9.166085, 52.847766 ], [ 9.1254119, 52.814611 ], [ 8.9802554, 52.577227 ] ] } },
{ "type": "Feature", "properties": { "voltage_kv": "380 kV", "operator_show": "–", "name_show": "HUEFF-HOEPF" }, "geometry": { "type": "LineString", "coordinates": [ [ 9.0927215, 49.2927252 ], [ 9.096256, 49.2923273 ] ] } },
{ "type": "Feature", "properties": { "voltage_kv": "380 kV", "operator_show": "–", "name_show": "Großgartach - Obrigheim 1x 220 kV" }, "geometry": { "type": "LineString", "coordinates": [ [ 9.0975125, 49.291505299999976 ], [ 9.096256, 49.2923273 ] ] } },
{ "type": "Feature", "properties": { "voltage_kv": "380 kV", "operator_show": "–", "name_show": "HUEFF-HOEPF" }, "geometry": { "type": "LineString", "coordinates": [ [ 9.096256, 49.2923273 ], [ 9.1248169, 49.2949 ], [ 9.1391422, 49.3186081 ] ] } },
{ "type": "Feature", "properties": { "voltage_kv": "380 kV; 220 kV", "operator_show": "–", "name_show": "Großgartach - Obrigheim 1x 220 kV" }, "geometry": { "type": "LineString", "coordinates": [ [ 9.0975125, 49.291505299999976 ], [ 9.0985749, 49.2647706 ], [ 9.1330765, 49.2377891 ], [ 9.1404945, 49.1525824 ] ] } },
{ "type": "Feature", "properties": { "voltage_kv": "380 kV; 220 kV", "operator_show": "50Hertz Transmission", "name_show": "Ltg 494 Wolmirstedt - Wustermark und 498 Wustermark - Teufelsbruch" }, "geometry": { "type": "LineString", "coordinates": [ [ 12.9064616, 52.5948973 ], [ 12.9393531, 52.5628746 ] ] } },
{ "type": "Feature", "properties": { "voltage_kv": "380 kV", "operator_show": "50Hertz Transmission", "name_show": "–" }, "geometry": { "type": "LineString", "coordinates": [ [ 13.3071044, 52.229189899999987 ], [ 13.3056033, 52.2294195 ] ] } },
{ "type": "Feature", "properties": { "voltage_kv": "380 kV", "operator_show": "50Hertz Transmission", "name_show": "Ltg 504 Lauchstädt" }, "geometry": { "type": "LineString", "coordinates": [ [ 12.2618932, 51.7394876 ], [ 12.2611724, 51.7392816 ] ] } },
{ "type": "Feature", "properties": { "voltage_kv": "380 kV", "operator_show": "50Hertz Transmission", "name_show": "Ltg 500 Jessen Nord" }, "geometry": { "type": "LineString", "coordinates": [ [ 12.2620092, 51.7393385 ], [ 12.2611724, 51.7392816 ] ] } },
{ "type": "Feature", "properties": { "voltage_kv": "380 kV", "operator_show": "–", "name_show": "Ltg MC Preilack" }, "geometry": { "type": "LineString", "coordinates": [ [ 14.4570396, 51.8340436 ], [ 14.4585492, 51.8355403 ] ] } },
{ "type": "Feature", "properties": { "voltage_kv": "380 kV", "operator_show": "–", "name_show": "Ltg ME Preilack" }, "geometry": { "type": "LineString", "coordinates": [ [ 14.4612121, 51.8339724 ], [ 14.4627634, 51.835424 ] ] } },
{ "type": "Feature", "properties": { "voltage_kv": "380 kV", "operator_show": "–", "name_show": "Ltg MF Preilack" }, "geometry": { "type": "LineString", "coordinates": [ [ 14.4624485, 51.8337248 ], [ 14.4627634, 51.835424 ] ] } },
{ "type": "Feature", "properties": { "voltage_kv": "380 kV", "operator_show": "–", "name_show": "Ltg MC und MD Jänschwalde - Preilack" }, "geometry": { "type": "LineString", "coordinates": [ [ 14.4585492, 51.8355403 ], [ 14.4305442, 51.8871652 ] ] } },
{ "type": "Feature", "properties": { "voltage_kv": "380 kV", "operator_show": "–", "name_show": "Ltg MA und MB Jänschwalde - Preilack" }, "geometry": { "type": "LineString", "coordinates": [ [ 14.454387, 51.8355877 ], [ 14.4297998, 51.8867757 ] ] } },
{ "type": "Feature", "properties": { "voltage_kv": "380 kV", "operator_show": "–", "name_show": "Ltg ME und MF Jänschwalde - Preilack" }, "geometry": { "type": "LineString", "coordinates": [ [ 14.4627634, 51.835424 ], [ 14.4311751, 51.88772740000001 ] ] } },
{ "type": "Feature", "properties": { "voltage_kv": "380 kV", "operator_show": "50Hertz Transmission", "name_show": "Ltg 420 Wessin" }, "geometry": { "type": "LineString", "coordinates": [ [ 10.4145031, 53.4133285 ], [ 10.4166525, 53.41407 ] ] } },
{ "type": "Feature", "properties": { "voltage_kv": "380 kV", "operator_show": "50Hertz Transmission", "name_show": "Ltg 419 Görries" }, "geometry": { "type": "LineString", "coordinates": [ [ 10.414075, 53.4135386 ], [ 10.4166525, 53.41407 ] ] } },
{ "type": "Feature", "properties": { "voltage_kv": "380 kV", "operator_show": "–", "name_show": "Ltg 994 Krümmel - Krümmel" }, "geometry": { "type": "LineString", "coordinates": [ [ 10.4126032, 53.412873 ], [ 10.4152409, 53.4115655 ] ] } },
{ "type": "Feature", "properties": { "voltage_kv": "380 kV; 110 kV", "operator_show": "RWE", "name_show": "–" }, "geometry": { "type": "LineString", "coordinates": [ [ 6.6804305, 51.6489364 ], [ 6.6776118, 51.6539159 ] ] } },
{ "type": "Feature", "properties": { "voltage_kv": "400 kV", "operator_show": "Polskie Sieci Elektroenergetyczne", "name_show": "LNN 400kV Mikułowa–Hagenwerder I" }, "geometry": { "type": "LineString", "coordinates": [ [ 14.9655276, 51.05294580000001 ], [ 15.0715261, 51.093311299999989 ] ] } },
{ "type": "Feature", "properties": { "voltage_kv": "380 kV", "operator_show": "RWE", "name_show": "380 kV Siegtal Nord|Süd" }, "geometry": { "type": "LineString", "coordinates": [ [ 6.9755287, 50.796765 ], [ 6.9766421, 50.795549499999986 ] ] } },
{ "type": "Feature", "properties": { "voltage_kv": "380 kV; 110 kV", "operator_show": "Amprion;Westnetz", "name_show": "380 kV Siegtal Nord|Süd;110 kV Stockem Ost|West" }, "geometry": { "type": "LineString", "coordinates": [ [ 7.0586911, 50.810155699999989 ], [ 7.0729996, 50.8175962 ] ] } },
{ "type": "Feature", "properties": { "voltage_kv": "380 kV", "operator_show": "RWE", "name_show": "380 kV Knapsack 1a" }, "geometry": { "type": "LineString", "coordinates": [ [ 6.8431501, 50.8636203 ], [ 6.8434031, 50.8623353 ] ] } },
{ "type": "Feature", "properties": { "voltage_kv": "380 kV", "operator_show": "RWE", "name_show": "380 kV Knapsack 1a" }, "geometry": { "type": "LineString", "coordinates": [ [ 6.8414818, 50.860088599999983 ], [ 6.8432327, 50.8607423 ] ] } },
{ "type": "Feature", "properties": { "voltage_kv": "380 kV", "operator_show": "RWE", "name_show": "380 kV Brauweiler West" }, "geometry": { "type": "LineString", "coordinates": [ [ 6.8430705, 50.8647703 ], [ 6.8431395, 50.8637788 ] ] } },
{ "type": "Feature", "properties": { "voltage_kv": "380 kV", "operator_show": "50Hertz Transmission", "name_show": "–" }, "geometry": { "type": "LineString", "coordinates": [ [ 11.6396932, 52.268446299999979 ], [ 11.6383323, 52.2680749 ] ] } },
{ "type": "Feature", "properties": { "voltage_kv": "380 kV", "operator_show": "50Hertz Transmission", "name_show": "–" }, "geometry": { "type": "LineString", "coordinates": [ [ 11.1225957, 50.998525099999981 ], [ 11.1213805, 50.99911740000001 ] ] } },
{ "type": "Feature", "properties": { "voltage_kv": "380 kV", "operator_show": "50Hertz Transmission", "name_show": "Tr" }, "geometry": { "type": "LineString", "coordinates": [ [ 11.1232407, 50.9990522 ], [ 11.1218639, 50.999510799999989 ] ] } },
{ "type": "Feature", "properties": { "voltage_kv": "380 kV", "operator_show": "Amprion", "name_show": "Anlage 315" }, "geometry": { "type": "LineString", "coordinates": [ [ 9.1919545, 48.916212199999983 ], [ 9.2055102, 48.9234551 ] ] } },
{ "type": "Feature", "properties": { "voltage_kv": "380 kV", "operator_show": "Amprion GmbH", "name_show": "–" }, "geometry": { "type": "LineString", "coordinates": [ [ 9.1909958, 48.9151979 ], [ 9.1950729, 48.9215584 ] ] } },
{ "type": "Feature", "properties": { "voltage_kv": "380 kV; 220 kV; 110 kV", "operator_show": "TransnetBW", "name_show": "–" }, "geometry": { "type": "LineString", "coordinates": [ [ 8.0393837, 47.5590574 ], [ 8.046746, 47.55320660000001 ] ] } },
{ "type": "Feature", "properties": { "voltage_kv": "380 kV", "operator_show": "RWE", "name_show": "–" }, "geometry": { "type": "LineString", "coordinates": [ [ 8.0387717, 47.558930500000017 ], [ 8.0391299, 47.5611523 ] ] } },
{ "type": "Feature", "properties": { "voltage_kv": "380 kV; 220 kV", "operator_show": "Amprion", "name_show": "–" }, "geometry": { "type": "LineString", "coordinates": [ [ 8.0391299, 47.5611523 ], [ 8.173769, 47.6512308 ] ] } },
{ "type": "Feature", "properties": { "voltage_kv": "380 kV; 220 kV", "operator_show": "Amprion", "name_show": "Herbertingen - Grünkraut;Bludenz West" }, "geometry": { "type": "LineString", "coordinates": [ [ 9.4236264, 48.0616421 ], [ 9.4259572, 48.0217802 ], [ 9.5220696, 47.9045044 ], [ 9.5431027, 47.838942 ], [ 9.5856829, 47.779748 ], [ 9.6440394, 47.744610499999972 ] ] } },
{ "type": "Feature", "properties": { "voltage_kv": "380 kV; 220 kV", "operator_show": "Amprion", "name_show": "Herbertingen - Tiengen" }, "geometry": { "type": "LineString", "coordinates": [ [ 8.2602404, 47.6363726 ], [ 8.2544948, 47.66246060000001 ], [ 8.3053535, 47.6946928 ], [ 8.3892758, 47.7161066 ], [ 8.5424093, 47.8102689 ], [ 8.8740025, 47.8779883 ], [ 9.046408, 47.9383869 ], [ 9.1233975, 47.9326617 ], [ 9.1444899, 47.9474573 ], [ 9.332722, 47.937069199999989 ], [ 9.3852296, 47.9637459 ], [ 9.4255819, 48.0216984 ], [ 9.4232304, 48.06326640000001 ] ] } },
{ "type": "Feature", "properties": { "voltage_kv": "380 kV; 220 kV", "operator_show": "Amprion", "name_show": "Obermooweiler-Grünkraut;Bludenz West" }, "geometry": { "type": "LineString", "coordinates": [ [ 9.6453776, 47.7439007 ], [ 9.7445857, 47.6805629 ], [ 9.7529041, 47.648081099999985 ] ] } },
{ "type": "Feature", "properties": { "voltage_kv": "380 kV", "operator_show": "–", "name_show": "–" }, "geometry": { "type": "LineString", "coordinates": [ [ 9.8031666, 47.6525789 ], [ 9.8018594, 47.6528507 ] ] } },
{ "type": "Feature", "properties": { "voltage_kv": "380 kV; 220 kV; 110 kV", "operator_show": "EnBW;Amprion", "name_show": "–" }, "geometry": { "type": "LineString", "coordinates": [ [ 9.8061542, 47.6549016 ], [ 9.8031666, 47.6525789 ] ] } },
{ "type": "Feature", "properties": { "voltage_kv": "380 kV", "operator_show": "Amprion", "name_show": "–" }, "geometry": { "type": "LineString", "coordinates": [ [ 8.5438373, 51.9482337 ], [ 8.55475, 51.9521361 ] ] } },
{ "type": "Feature", "properties": { "voltage_kv": "380 kV; 110 kV", "operator_show": "Amprion", "name_show": "–" }, "geometry": { "type": "LineString", "coordinates": [ [ 8.5255173, 51.9442851 ], [ 8.5438373, 51.9482337 ] ] } },
{ "type": "Feature", "properties": { "voltage_kv": "380 kV", "operator_show": "Amprion", "name_show": "–" }, "geometry": { "type": "LineString", "coordinates": [ [ 8.5089061, 51.933984 ], [ 8.5255173, 51.9442851 ] ] } },
{ "type": "Feature", "properties": { "voltage_kv": "380 kV; 110 kV", "operator_show": "Amprion GmbH", "name_show": "Dümmersee Süd;Leitung 3017" }, "geometry": { "type": "LineString", "coordinates": [ [ 8.5455596, 52.5634806 ], [ 8.404487, 52.497794 ] ] } },
{ "type": "Feature", "properties": { "voltage_kv": "380 kV", "operator_show": "Amprion", "name_show": "380kV Gersteinwerk K2" }, "geometry": { "type": "LineString", "coordinates": [ [ 7.7086586, 51.678372 ], [ 7.7179344, 51.674846 ] ] } },
{ "type": "Feature", "properties": { "voltage_kv": "380 kV", "operator_show": "TenneT TSO", "name_show": "–" }, "geometry": { "type": "LineString", "coordinates": [ [ 9.7271699, 54.287463799999983 ], [ 9.7279842, 54.2888442 ] ] } },
{ "type": "Feature", "properties": { "voltage_kv": "380 kV; 110 kV", "operator_show": "50Hertz Transmission", "name_show": "–" }, "geometry": { "type": "LineString", "coordinates": [ [ 9.9112072, 53.487583 ], [ 9.944509, 53.48941330000001 ] ] } },
{ "type": "Feature", "properties": { "voltage_kv": "380 kV", "operator_show": "50Hertz Transmission", "name_show": "–" }, "geometry": { "type": "LineString", "coordinates": [ [ 9.944509, 53.48941330000001 ], [ 9.9518292, 53.4901337 ] ] } },
{ "type": "Feature", "properties": { "voltage_kv": "380 kV", "operator_show": "50Hertz Transmission", "name_show": "Ltg 501 Ragow" }, "geometry": { "type": "LineString", "coordinates": [ [ 13.1576136, 51.8281303 ], [ 13.1588185, 51.8295866 ] ] } },
{ "type": "Feature", "properties": { "voltage_kv": "380 kV", "operator_show": "TenneT TSO", "name_show": "304" }, "geometry": { "type": "LineString", "coordinates": [ [ 7.3133948, 53.1269154 ], [ 7.3134826, 53.127494 ] ] } },
{ "type": "Feature", "properties": { "voltage_kv": "380 kV", "operator_show": "TenneT TSO", "name_show": "306" }, "geometry": { "type": "LineString", "coordinates": [ [ 7.3108581, 53.1266835 ], [ 7.310429, 53.127890500000014 ] ] } },
{ "type": "Feature", "properties": { "voltage_kv": "380 kV", "operator_show": "–", "name_show": "–" }, "geometry": { "type": "LineString", "coordinates": [ [ 6.0399276, 51.0987664 ], [ 6.1004118, 51.0490092 ] ] } },
{ "type": "Feature", "properties": { "voltage_kv": "380 kV", "operator_show": "50Hertz Transmission", "name_show": "Ltg 555 und 556 Schmölln - Dresden Süd" }, "geometry": { "type": "LineString", "coordinates": [ [ 13.8438935, 50.98984870000001 ], [ 13.8429921, 50.9903735 ] ] } },
{ "type": "Feature", "properties": { "voltage_kv": "380 kV", "operator_show": "TenneT", "name_show": "–" }, "geometry": { "type": "LineString", "coordinates": [ [ 8.8056316, 50.3472038 ], [ 8.7997028, 50.3542687 ] ] } },
{ "type": "Feature", "properties": { "voltage_kv": "400 kV", "operator_show": "–", "name_show": "–" }, "geometry": { "type": "LineString", "coordinates": [ [ 12.2171957, 54.1009198 ], [ 12.2173166, 54.1010716 ] ] } },
{ "type": "Feature", "properties": { "voltage_kv": "380 kV", "operator_show": "50Hertz Transmission", "name_show": "544" }, "geometry": { "type": "LineString", "coordinates": [ [ 12.2129656, 54.0990654 ], [ 12.211595, 54.0978593 ] ] } },
{ "type": "Feature", "properties": { "voltage_kv": "380 kV; 110 kV", "operator_show": "Amprion", "name_show": "–" }, "geometry": { "type": "LineString", "coordinates": [ [ 8.55475, 51.9521361 ], [ 8.5907578, 51.9655112 ] ] } },
{ "type": "Feature", "properties": { "voltage_kv": "380 kV", "operator_show": "50Hertz Transmission", "name_show": "Ltg 592 Dresden Süd" }, "geometry": { "type": "LineString", "coordinates": [ [ 13.2571403, 50.9286148 ], [ 13.2558513, 50.9296814 ] ] } },
{ "type": "Feature", "properties": { "voltage_kv": "380 kV", "operator_show": "50Hertz Transmission", "name_show": "Ltg 594 Röhrsdorf" }, "geometry": { "type": "LineString", "coordinates": [ [ 13.2546686, 50.930517 ], [ 13.2493623, 50.930324699999986 ] ] } },
{ "type": "Feature", "properties": { "voltage_kv": "380 kV", "operator_show": "50Hertz Transmission", "name_show": "Ltg 589 und Ltg 590 Pulgar-Vieselbach" }, "geometry": { "type": "LineString", "coordinates": [ [ 12.3376199, 51.1949447 ], [ 12.3155707, 51.190171300000017 ] ] } },
{ "type": "Feature", "properties": { "voltage_kv": "380 kV; 110 kV", "operator_show": "50Hertz Transmission", "name_show": "Ltg 589 und 590 Pulgar-Vieselbach" }, "geometry": { "type": "LineString", "coordinates": [ [ 12.3155707, 51.190171300000017 ], [ 12.2924915, 51.169335 ] ] } },
{ "type": "Feature", "properties": { "voltage_kv": "380 kV", "operator_show": "–", "name_show": "Ltg MP Boxberg" }, "geometry": { "type": "LineString", "coordinates": [ [ 14.5076593, 51.4143156 ], [ 14.5083161, 51.4160108 ] ] } },
{ "type": "Feature", "properties": { "voltage_kv": "380 kV", "operator_show": "–", "name_show": "Ltg MR Boxberg" }, "geometry": { "type": "LineString", "coordinates": [ [ 14.5095796, 51.4143214 ], [ 14.5089768, 51.4157372 ] ] } },
{ "type": "Feature", "properties": { "voltage_kv": "380 kV", "operator_show": "50Hertz Transmission", "name_show": "Ltg 552 Schmölln" }, "geometry": { "type": "LineString", "coordinates": [ [ 14.5098592, 51.413121 ], [ 14.5100305, 51.4111184 ] ] } },
{ "type": "Feature", "properties": { "voltage_kv": "380 kV", "operator_show": "50Hertz Transmission", "name_show": "Ltg 557 Streumen" }, "geometry": { "type": "LineString", "coordinates": [ [ 14.507942, 51.4131164 ], [ 14.5069863, 51.4117238 ] ] } },
{ "type": "Feature", "properties": { "voltage_kv": "380 kV", "operator_show": "50Hertz Transmission", "name_show": "Ltg 566 Graustein" }, "geometry": { "type": "LineString", "coordinates": [ [ 14.5060603, 51.414310799999974 ], [ 14.5074524, 51.4158933 ] ] } },
{ "type": "Feature", "properties": { "voltage_kv": "400 kV", "operator_show": "50Hertz", "name_show": "Mikułowa – Hagenwerder" }, "geometry": { "type": "LineString", "coordinates": [ [ 14.9624026, 51.0525502 ], [ 14.9655276, 51.05294580000001 ] ] } },
{ "type": "Feature", "properties": { "voltage_kv": "380 kV; 220 kV", "operator_show": "50Hertz Transmission", "name_show": "Ltg 332 Wolmirstedt - Parchim Süd sowie 596 Putlitz Süd - Perleberg und 516 Perleberg - Stendal West" }, "geometry": { "type": "LineString", "coordinates": [ [ 11.8812418, 53.0833613 ], [ 11.8560796, 53.0904032 ] ] } },
{ "type": "Feature", "properties": { "voltage_kv": "380 kV", "operator_show": "50Hertz Transmission", "name_show": "Ltg 596 Putlitz Süd - Perleberg und 516 Perleberg - Stendal West" }, "geometry": { "type": "LineString", "coordinates": [ [ 11.8560796, 53.0904032 ], [ 11.8511636, 53.088214299999976 ] ] } },
{ "type": "Feature", "properties": { "voltage_kv": "380 kV", "operator_show": "Amprion", "name_show": "Emsland Ost/West" }, "geometry": { "type": "LineString", "coordinates": [ [ 7.2400322, 52.7606039 ], [ 7.2515083, 52.7464635 ], [ 7.2758091, 52.7509001 ] ] } },
{ "type": "Feature", "properties": { "voltage_kv": "380 kV", "operator_show": "TenneT TSO GmbH", "name_show": "–" }, "geometry": { "type": "LineString", "coordinates": [ [ 9.3882635, 52.026786899999976 ], [ 9.3871424, 52.026117 ] ] } },
{ "type": "Feature", "properties": { "voltage_kv": "380 kV", "operator_show": "TenneT TSO GmbH", "name_show": "–" }, "geometry": { "type": "LineString", "coordinates": [ [ 9.3913152, 52.025465199999978 ], [ 9.3906516, 52.024596599999981 ] ] } },
{ "type": "Feature", "properties": { "voltage_kv": "380 kV", "operator_show": "TenneT TSO GmbH", "name_show": "–" }, "geometry": { "type": "LineString", "coordinates": [ [ 9.3918081, 52.026693099999989 ], [ 9.3919781, 52.0270214 ] ] } },
{ "type": "Feature", "properties": { "voltage_kv": "380 kV", "operator_show": "50Hertz Transmission", "name_show": "Ltg 461 Goldisthal" }, "geometry": { "type": "LineString", "coordinates": [ [ 10.9907858, 50.5734347 ], [ 10.9895822, 50.5721988 ] ] } },
{ "type": "Feature", "properties": { "voltage_kv": "380 kV", "operator_show": "50Hertz Transmission", "name_show": "Ltg 459 Redwitz" }, "geometry": { "type": "LineString", "coordinates": [ [ 10.9905779, 50.573613 ], [ 10.9895822, 50.5721988 ] ] } },
{ "type": "Feature", "properties": { "voltage_kv": "380 kV", "operator_show": "Amprion", "name_show": "–" }, "geometry": { "type": "LineString", "coordinates": [ [ 7.5410106, 50.9719763 ], [ 7.543635, 50.971606099999981 ] ] } },
{ "type": "Feature", "properties": { "voltage_kv": "380 kV", "operator_show": "Amprion", "name_show": "380kV Gersteinwerk Ost+Gütersloh Süd" }, "geometry": { "type": "LineString", "coordinates": [ [ 7.8344791, 51.7523438 ], [ 7.8314301, 51.753842300000017 ] ] } },
{ "type": "Feature", "properties": { "voltage_kv": "380 kV", "operator_show": "Amprion", "name_show": "380kV Gersteinwerk Ost+Gütersloh Süd" }, "geometry": { "type": "LineString", "coordinates": [ [ 7.8344791, 51.7523438 ], [ 7.9893687, 51.684293899999986 ] ] } },
{ "type": "Feature", "properties": { "voltage_kv": "380 kV; 110 kV", "operator_show": "Tennet", "name_show": "–" }, "geometry": { "type": "LineString", "coordinates": [ [ 8.7013947, 51.7046793 ], [ 8.7034793, 51.7155715 ] ] } },
{ "type": "Feature", "properties": { "voltage_kv": "380 kV", "operator_show": "50Hertz Transmission", "name_show": "Ltg 596" }, "geometry": { "type": "LineString", "coordinates": [ [ 12.0876311, 53.2506971 ], [ 12.0875305, 53.250110899999981 ] ] } },
{ "type": "Feature", "properties": { "voltage_kv": "380 kV", "operator_show": "TenneT TSO", "name_show": "3011" }, "geometry": { "type": "LineString", "coordinates": [ [ 8.6031634, 50.109580099999988 ], [ 8.6178568, 50.0925855 ] ] } },
{ "type": "Feature", "properties": { "voltage_kv": "380 kV", "operator_show": "TenneT TSO GmbH", "name_show": "Ltg 449 Mecklar - Vieselbach und 450 Mecklar - Eisenach" }, "geometry": { "type": "LineString", "coordinates": [ [ 9.7865918, 50.950847399999986 ], [ 9.7918599, 50.9511478 ] ] } },
{ "type": "Feature", "properties": { "voltage_kv": "380 kV; 110 kV", "operator_show": "–", "name_show": "2 x 380 kV, 2 x 220 kV, 2 x 110 kV" }, "geometry": { "type": "LineString", "coordinates": [ [ 8.7786074, 49.968744299999983 ], [ 8.7301723, 49.9447832 ], [ 8.6834493, 49.9426912 ] ] } },
{ "type": "Feature", "properties": { "voltage_kv": "380 kV; 110 kV", "operator_show": "–", "name_show": "2 x 380 kV, 2 x 220 kV, 1 x 110 kV" }, "geometry": { "type": "LineString", "coordinates": [ [ 8.6733135, 49.9422309 ], [ 8.6834493, 49.9426912 ] ] } },
{ "type": "Feature", "properties": { "voltage_kv": "380 kV; 110 kV", "operator_show": "–", "name_show": "2 x 380 kV, 2 x 220 kV, 2 x 110 kV" }, "geometry": { "type": "LineString", "coordinates": [ [ 8.5957992, 49.949122499999987 ], [ 8.6733135, 49.9422309 ] ] } },
{ "type": "Feature", "properties": { "voltage_kv": "380 kV", "operator_show": "RWE", "name_show": "380 kV" }, "geometry": { "type": "LineString", "coordinates": [ [ 8.7761617, 49.9741511 ], [ 8.7741584, 49.9741587 ] ] } },
{ "type": "Feature", "properties": { "voltage_kv": "380 kV", "operator_show": "RWE", "name_show": "380 kV" }, "geometry": { "type": "LineString", "coordinates": [ [ 8.7739156, 49.9734383 ], [ 8.7761617, 49.9741511 ] ] } },
{ "type": "Feature", "properties": { "voltage_kv": "380 kV; 220 kV", "operator_show": "TenneT TSO", "name_show": "–" }, "geometry": { "type": "LineString", "coordinates": [ [ 8.9567241, 50.0830909 ], [ 8.9533521, 50.084419 ] ] } },
{ "type": "Feature", "properties": { "voltage_kv": "380 kV", "operator_show": "Lechwerke", "name_show": "Leupolz - Oberottmarshausen" }, "geometry": { "type": "LineString", "coordinates": [ [ 10.7037423, 47.826416 ], [ 10.6623085, 47.7989947 ], [ 10.6149444, 47.798497 ], [ 10.5232221, 47.7594373 ], [ 10.3760169, 47.75578729999998 ], [ 10.3639453, 47.7389864 ] ] } },
{ "type": "Feature", "properties": { "voltage_kv": "380 kV", "operator_show": "50Hertz Transmission", "name_show": "Ltg 591 Dresden Süd - Röhrsdorf" }, "geometry": { "type": "LineString", "coordinates": [ [ 13.2571403, 50.9286148 ], [ 13.2493623, 50.930324699999986 ] ] } },
{ "type": "Feature", "properties": { "voltage_kv": "380 kV", "operator_show": "50Hertz Transmission", "name_show": "Ltg 591 Dresden Süd - Röhrsdorf und Ltg 594 Freiberg Nord - Röhrsdorf" }, "geometry": { "type": "LineString", "coordinates": [ [ 13.2493623, 50.930324699999986 ], [ 13.1956976, 50.9215173 ], [ 13.1314324, 50.946042 ], [ 13.0069185, 50.956807299999987 ], [ 12.8665211, 50.9175976 ], [ 12.8143359, 50.8607101 ] ] } },
{ "type": "Feature", "properties": { "voltage_kv": "380 kV", "operator_show": "TransnetBW", "name_show": "–" }, "geometry": { "type": "LineString", "coordinates": [ [ 8.605843, 49.1616908 ], [ 8.4495721, 49.248105899999985 ] ] } },
{ "type": "Feature", "properties": { "voltage_kv": "380 kV; 110 kV", "operator_show": "Amprion;Westnetz", "name_show": "–" }, "geometry": { "type": "LineString", "coordinates": [ [ 7.4215171, 51.4555266 ], [ 7.427704, 51.4288504 ] ] } },
{ "type": "Feature", "properties": { "voltage_kv": "380 kV", "operator_show": "Amprion", "name_show": "–" }, "geometry": { "type": "LineString", "coordinates": [ [ 7.3682203, 51.5897169 ], [ 7.3658461, 51.6300824 ], [ 7.3375209, 51.631291399999988 ] ] } },
{ "type": "Feature", "properties": { "voltage_kv": "380 kV", "operator_show": "RWE", "name_show": "380kV Mengede Nord+Süd" }, "geometry": { "type": "LineString", "coordinates": [ [ 7.3687795, 51.589808899999987 ], [ 7.3688186, 51.6297475 ] ] } },
{ "type": "Feature", "properties": { "voltage_kv": "380 kV", "operator_show": "Amprion", "name_show": "380kV Recklinghausen" }, "geometry": { "type": "LineString", "coordinates": [ [ 7.3473602, 51.5721012 ], [ 7.3512899, 51.5757839 ] ] } },
{ "type": "Feature", "properties": { "voltage_kv": "380 kV; 110 kV", "operator_show": "Amprion;Westnetz", "name_show": "–" }, "geometry": { "type": "LineString", "coordinates": [ [ 7.3578158, 51.5641476 ], [ 7.3547309, 51.562898099999977 ] ] } },
{ "type": "Feature", "properties": { "voltage_kv": "380 kV; 110 kV", "operator_show": "Amprion;Westnetz", "name_show": "–" }, "geometry": { "type": "LineString", "coordinates": [ [ 7.3547309, 51.562898099999977 ], [ 7.3717898, 51.5306056 ] ] } },
{ "type": "Feature", "properties": { "voltage_kv": "380 kV", "operator_show": "RWE", "name_show": "380kV Recklinghausen + ANK" }, "geometry": { "type": "LineString", "coordinates": [ [ 7.2552679, 51.5824117 ], [ 7.1841658, 51.558870300000017 ] ] } },
{ "type": "Feature", "properties": { "voltage_kv": "380 kV", "operator_show": "–", "name_show": "–" }, "geometry": { "type": "LineString", "coordinates": [ [ 9.8031666, 47.6525789 ], [ 9.8017918, 47.6526937 ] ] } },
{ "type": "Feature", "properties": { "voltage_kv": "380 kV", "operator_show": "TenneT", "name_show": "3103 Dollern-(Niedervieland/Unterweser)-Alfstedt" }, "geometry": { "type": "LineString", "coordinates": [ [ 9.0701858, 53.5660158 ], [ 9.09992, 53.5733409 ], [ 9.202412, 53.551527900000011 ], [ 9.2322186, 53.5290567 ], [ 9.364289, 53.509599 ], [ 9.4402076, 53.5113888 ], [ 9.4981964, 53.5437247 ] ] } },
{ "type": "Feature", "properties": { "voltage_kv": "380 kV", "operator_show": "Amprion", "name_show": "–" }, "geometry": { "type": "LineString", "coordinates": [ [ 6.5330366, 50.3922428 ], [ 6.4887332, 50.373539399999977 ], [ 6.4959555, 50.2858748 ], [ 6.4449824, 50.237407099999984 ], [ 6.4611617, 50.1886441 ], [ 6.4367063, 50.158131899999987 ], [ 6.4790416, 50.1135224 ], [ 6.4954976, 49.9753769 ], [ 6.4761281, 49.9247862 ] ] } },
{ "type": "Feature", "properties": { "voltage_kv": "380 kV", "operator_show": "TransnetBW", "name_show": "–" }, "geometry": { "type": "LineString", "coordinates": [ [ 8.3166406, 49.0101591 ], [ 8.3116431, 49.0123618 ] ] } },
{ "type": "Feature", "properties": { "voltage_kv": "380 kV", "operator_show": "Amprion GmbH;TransnetBW GmbH", "name_show": "–" }, "geometry": { "type": "LineString", "coordinates": [ [ 8.1164301, 48.736476899999985 ], [ 7.9527173, 48.6550646 ], [ 7.8583135, 48.569891 ], [ 7.8294928, 48.4318264 ], [ 7.7505313, 48.355434699999989 ], [ 7.7628653, 48.3083118 ], [ 7.7251806, 48.256863699999982 ], [ 7.7522233, 48.1040774 ] ] } },
{ "type": "Feature", "properties": { "voltage_kv": "380 kV", "operator_show": "TransnetBW", "name_show": "–" }, "geometry": { "type": "LineString", "coordinates": [ [ 8.3127798, 49.006481 ], [ 8.3135273, 49.007782599999985 ] ] } },
{ "type": "Feature", "properties": { "voltage_kv": "380 kV", "operator_show": "TransnetBW", "name_show": "–" }, "geometry": { "type": "LineString", "coordinates": [ [ 8.3166406, 49.0101591 ], [ 8.3161363, 49.0088634 ] ] } },
{ "type": "Feature", "properties": { "voltage_kv": "380 kV", "operator_show": "50Hertz Transmission", "name_show": "Ltg 467 Vieselbach - Altenfeld" }, "geometry": { "type": "LineString", "coordinates": [ [ 11.1242074, 50.9959549 ], [ 11.1252479, 50.9943084 ] ] } },
{ "type": "Feature", "properties": { "voltage_kv": "380 kV", "operator_show": "50Hertz Transmission", "name_show": "Ltg 467 Altenfeld" }, "geometry": { "type": "LineString", "coordinates": [ [ 11.1230991, 50.9965965 ], [ 11.1242074, 50.9959549 ] ] } },
{ "type": "Feature", "properties": { "voltage_kv": "380 kV", "operator_show": "50Hertz Transmission", "name_show": "R" }, "geometry": { "type": "LineString", "coordinates": [ [ 11.1227758, 50.9963339 ], [ 11.1237241, 50.995562800000016 ] ] } },
{ "type": "Feature", "properties": { "voltage_kv": "380 kV", "operator_show": "50Hertz Transmission", "name_show": "Ltg 449 Mecklar" }, "geometry": { "type": "LineString", "coordinates": [ [ 11.1232595, 50.9967278 ], [ 11.1245945, 50.9962701 ] ] } },
{ "type": "Feature", "properties": { "voltage_kv": "380 kV", "operator_show": "Amprion", "name_show": "–" }, "geometry": { "type": "LineString", "coordinates": [ [ 6.8368189, 51.783294 ], [ 6.8379155, 51.7840763 ] ] } },
{ "type": "Feature", "properties": { "voltage_kv": "380 kV", "operator_show": "TenneT TSO GmbH", "name_show": "–" }, "geometry": { "type": "LineString", "coordinates": [ [ 9.2319021, 51.8101933 ], [ 9.2094882, 51.7697649 ], [ 9.2938299, 51.6423244 ], [ 9.3271215, 51.6299197 ] ] } },
{ "type": "Feature", "properties": { "voltage_kv": "380 kV", "operator_show": "Amprion", "name_show": "380kV Geithe West+Lippborg Tr412" }, "geometry": { "type": "LineString", "coordinates": [ [ 7.9823489, 51.6771796 ], [ 7.9813476, 51.6754823 ] ] } },
{ "type": "Feature", "properties": { "voltage_kv": "380 kV", "operator_show": "RWE", "name_show": "380kV Oerkhaus West" }, "geometry": { "type": "LineString", "coordinates": [ [ 7.1238546, 51.44732590000001 ], [ 7.1220893, 51.4462694 ] ] } },
{ "type": "Feature", "properties": { "voltage_kv": "380 kV", "operator_show": "TenneT TSO", "name_show": "Ltg 3024-1 Hattorf" }, "geometry": { "type": "LineString", "coordinates": [ [ 10.9980197, 52.200602 ], [ 10.997336, 52.202019 ] ] } },
{ "type": "Feature", "properties": { "voltage_kv": "380 kV", "operator_show": "TenneT TSO", "name_show": "Ltg  491 Wolmirstedt" }, "geometry": { "type": "LineString", "coordinates": [ [ 11.0001023, 52.200977 ], [ 10.999986, 52.202131 ] ] } },
{ "type": "Feature", "properties": { "voltage_kv": "380 kV", "operator_show": "TenneT TSO", "name_show": "–" }, "geometry": { "type": "LineString", "coordinates": [ [ 9.5144936, 51.258329699999976 ], [ 9.5153825, 51.2583513 ] ] } },
{ "type": "Feature", "properties": { "voltage_kv": "380 kV", "operator_show": "TenneT TSO", "name_show": "–" }, "geometry": { "type": "LineString", "coordinates": [ [ 9.5153825, 51.2583513 ], [ 9.5144497, 51.2584786 ] ] } },
{ "type": "Feature", "properties": { "voltage_kv": "380 kV", "operator_show": "TenneT TSO", "name_show": "–" }, "geometry": { "type": "LineString", "coordinates": [ [ 9.514032, 51.2596185 ], [ 9.5127871, 51.259598199999971 ] ] } },
{ "type": "Feature", "properties": { "voltage_kv": "380 kV", "operator_show": "TenneT TSO", "name_show": "–" }, "geometry": { "type": "LineString", "coordinates": [ [ 9.5127871, 51.259598199999971 ], [ 9.3847497, 51.137750199999978 ], [ 9.2609876, 51.0792584 ], [ 9.256937, 51.0614874 ] ] } },
{ "type": "Feature", "properties": { "voltage_kv": "380 kV; 220 kV", "operator_show": "Amprion", "name_show": "Ensdorf - Uchtelfangen Nord |Süd;Uchtelfangen Taubental Nord|Süd" }, "geometry": { "type": "LineString", "coordinates": [ [ 6.7970342, 49.333398699999989 ], [ 6.7970403, 49.3354461 ] ] } },
{ "type": "Feature", "properties": { "voltage_kv": "380 kV; 220 kV", "operator_show": "Amprion", "name_show": "Ensdorf - Uchtelfangen Nord |Süd;Uchtelfangen Taubental Nord|Süd" }, "geometry": { "type": "LineString", "coordinates": [ [ 6.7970403, 49.3354461 ], [ 6.9785533, 49.383267899999979 ], [ 6.9908181, 49.373962 ] ] } },
{ "type": "Feature", "properties": { "voltage_kv": "380 kV", "operator_show": "TenneT TSO GmbH", "name_show": "313 Emsland Ost/West" }, "geometry": { "type": "LineString", "coordinates": [ [ 7.2573216, 52.9793821 ], [ 7.1915374, 52.872393 ] ] } },
{ "type": "Feature", "properties": { "voltage_kv": "380 kV; 110 kV", "operator_show": "Stadtwerke München", "name_show": "Oberbachern - Menzing;Karlsfeld - Augsburg" }, "geometry": { "type": "LineString", "coordinates": [ [ 11.4341833, 48.215005899999987 ], [ 11.4078515, 48.2228902 ] ] } },
{ "type": "Feature", "properties": { "voltage_kv": "380 kV", "operator_show": "Stadtwerke München", "name_show": "Oberbachern - Menzing" }, "geometry": { "type": "LineString", "coordinates": [ [ 11.4078515, 48.2228902 ], [ 11.3572028, 48.28096189999998 ], [ 11.3714515, 48.290335 ] ] } },
{ "type": "Feature", "properties": { "voltage_kv": "380 kV", "operator_show": "TenneT TSO GmbH", "name_show": "–" }, "geometry": { "type": "LineString", "coordinates": [ [ 9.198664, 54.8491602 ], [ 9.2634628, 54.7542998 ], [ 9.313547, 54.730007199999989 ] ] } },
{ "type": "Feature", "properties": { "voltage_kv": "380 kV", "operator_show": "Amprion", "name_show": "380kV Kusenhorst+Lippe Süd" }, "geometry": { "type": "LineString", "coordinates": [ [ 7.0198626, 51.6259255 ], [ 6.9531238, 51.632001700000018 ], [ 6.9427856, 51.600077899999988 ] ] } },
{ "type": "Feature", "properties": { "voltage_kv": "380 kV", "operator_show": "Amprion", "name_show": "380kV Lippe Nord+Süd" }, "geometry": { "type": "LineString", "coordinates": [ [ 7.0203649, 51.626793799999987 ], [ 7.0159058, 51.6276393 ] ] } },
{ "type": "Feature", "properties": { "voltage_kv": "380 kV", "operator_show": "Amprion", "name_show": "380kV Lippe Süd" }, "geometry": { "type": "LineString", "coordinates": [ [ 7.0216205, 51.6258976 ], [ 7.0198626, 51.6259255 ] ] } },
{ "type": "Feature", "properties": { "voltage_kv": "380 kV", "operator_show": "Amprion", "name_show": "380kV Kusenhorst+Scholven F" }, "geometry": { "type": "LineString", "coordinates": [ [ 7.0254895, 51.624193899999987 ], [ 7.0289345, 51.625702 ] ] } },
{ "type": "Feature", "properties": { "voltage_kv": "380 kV", "operator_show": "Amprion", "name_show": "380kV Lippe Nord+Scholven B" }, "geometry": { "type": "LineString", "coordinates": [ [ 7.0253953, 51.624606 ], [ 7.0289345, 51.625702 ] ] } },
{ "type": "Feature", "properties": { "voltage_kv": "380 kV", "operator_show": "Amprion", "name_show": "–" }, "geometry": { "type": "LineString", "coordinates": [ [ 6.8030265, 51.7603709 ], [ 6.8024922, 51.7600682 ] ] } },
{ "type": "Feature", "properties": { "voltage_kv": "380 kV", "operator_show": "–", "name_show": "–" }, "geometry": { "type": "LineString", "coordinates": [ [ 6.6785102, 51.6447302 ], [ 6.6794853, 51.6463016 ] ] } },
{ "type": "Feature", "properties": { "voltage_kv": "380 kV", "operator_show": "–", "name_show": "–" }, "geometry": { "type": "LineString", "coordinates": [ [ 6.6785102, 51.6447302 ], [ 6.6780638, 51.6461799 ] ] } },
{ "type": "Feature", "properties": { "voltage_kv": "380 kV", "operator_show": "–", "name_show": "–" }, "geometry": { "type": "LineString", "coordinates": [ [ 6.6819446, 51.6490772 ], [ 6.6813663, 51.647493799999978 ] ] } },
{ "type": "Feature", "properties": { "voltage_kv": "380 kV", "operator_show": "–", "name_show": "GRFLD-HOEPF" }, "geometry": { "type": "LineString", "coordinates": [ [ 9.4469609, 49.589603199999971 ], [ 9.6630762, 49.573122 ], [ 9.7576608, 49.624381599999978 ], [ 9.8400382, 49.6353095 ], [ 9.9846531, 49.6042379 ] ] } },
{ "type": "Feature", "properties": { "voltage_kv": "380 kV", "operator_show": "Amprion", "name_show": "–" }, "geometry": { "type": "LineString", "coordinates": [ [ 8.6306197, 51.994052799999984 ], [ 8.6315668, 51.991254299999987 ] ] } },
{ "type": "Feature", "properties": { "voltage_kv": "380 kV", "operator_show": "Amprion", "name_show": "380kV Bielefeld-Ost – Bechterdissen" }, "geometry": { "type": "LineString", "coordinates": [ [ 8.6317117, 51.996544499999985 ], [ 8.6306197, 51.994052799999984 ] ] } },
{ "type": "Feature", "properties": { "voltage_kv": "380 kV", "operator_show": "Amprion", "name_show": "–" }, "geometry": { "type": "LineString", "coordinates": [ [ 8.6528265, 52.0035622 ], [ 8.6561397, 52.00029940000001 ] ] } },
{ "type": "Feature", "properties": { "voltage_kv": "380 kV; 110 kV", "operator_show": "Amprion", "name_show": "–" }, "geometry": { "type": "LineString", "coordinates": [ [ 8.6315668, 51.991254299999987 ], [ 8.5907578, 51.9655112 ] ] } },
{ "type": "Feature", "properties": { "voltage_kv": "380 kV; 220 kV; 110 kV", "operator_show": "Amprion", "name_show": "–" }, "geometry": { "type": "LineString", "coordinates": [ [ 8.6528265, 52.0035622 ], [ 8.6341176, 52.0032844 ] ] } },
{ "type": "Feature", "properties": { "voltage_kv": "380 kV", "operator_show": "TenneT TSO GmbH", "name_show": "–" }, "geometry": { "type": "LineString", "coordinates": [ [ 8.5177835, 53.2033638 ], [ 8.5153597, 53.2036323 ] ] } },
{ "type": "Feature", "properties": { "voltage_kv": "380 kV", "operator_show": "TenneT TSO GmbH", "name_show": "–" }, "geometry": { "type": "LineString", "coordinates": [ [ 8.5171624, 53.2032835 ], [ 8.5160521, 53.2039277 ] ] } },
{ "type": "Feature", "properties": { "voltage_kv": "380 kV", "operator_show": "TenneT TSO GmbH", "name_show": "–" }, "geometry": { "type": "LineString", "coordinates": [ [ 8.5162922, 53.204027 ], [ 8.5177835, 53.2033638 ] ] } },
{ "type": "Feature", "properties": { "voltage_kv": "380 kV", "operator_show": "–", "name_show": "–" }, "geometry": { "type": "LineString", "coordinates": [ [ 10.802365, 53.8989653 ], [ 10.7986864, 53.8979015 ] ] } },
{ "type": "Feature", "properties": { "voltage_kv": "380 kV; 110 kV", "operator_show": "TenneT", "name_show": "–" }, "geometry": { "type": "LineString", "coordinates": [ [ 9.9104011, 53.4879267 ], [ 9.9112072, 53.487583 ] ] } },
{ "type": "Feature", "properties": { "voltage_kv": "380 kV", "operator_show": "50Hertz Transmission", "name_show": "–" }, "geometry": { "type": "LineString", "coordinates": [ [ 9.9518292, 53.4901337 ], [ 9.9521338, 53.489064500000012 ] ] } },
{ "type": "Feature", "properties": { "voltage_kv": "380 kV", "operator_show": "50Hertz Transmission", "name_show": "C" }, "geometry": { "type": "LineString", "coordinates": [ [ 9.9097403, 53.4867385 ], [ 9.9104467, 53.4862974 ] ] } },
{ "type": "Feature", "properties": { "voltage_kv": "380 kV", "operator_show": "–", "name_show": "E" }, "geometry": { "type": "LineString", "coordinates": [ [ 9.9077785, 53.4869351 ], [ 9.9068111, 53.4870448 ] ] } },
{ "type": "Feature", "properties": { "voltage_kv": "220 kV; 380 kV", "operator_show": "TransnetBW", "name_show": "–" }, "geometry": { "type": "LineString", "coordinates": [ [ 8.5759442, 49.2821625 ], [ 8.6288118, 49.333326599999985 ] ] } },
{ "type": "Feature", "properties": { "voltage_kv": "380 kV", "operator_show": "Amprion", "name_show": "–" }, "geometry": { "type": "LineString", "coordinates": [ [ 8.3127367, 49.007811299999986 ], [ 8.3111218, 49.0065458 ] ] } },
{ "type": "Feature", "properties": { "voltage_kv": "380 kV", "operator_show": "TransnetBW", "name_show": "–" }, "geometry": { "type": "LineString", "coordinates": [ [ 8.3163798, 49.0088545 ], [ 8.3166406, 49.0101591 ] ] } },
{ "type": "Feature", "properties": { "voltage_kv": "380 kV", "operator_show": "TransnetBW", "name_show": "–" }, "geometry": { "type": "LineString", "coordinates": [ [ 8.3044576, 49.0115534 ], [ 8.310638, 49.0090633 ] ] } },
{ "type": "Feature", "properties": { "voltage_kv": "380 kV", "operator_show": "TransnetBW", "name_show": "–" }, "geometry": { "type": "LineString", "coordinates": [ [ 8.30624, 49.012605399999984 ], [ 8.3116567, 49.009003 ] ] } },
{ "type": "Feature", "properties": { "voltage_kv": "380 kV", "operator_show": "Amprion", "name_show": "–" }, "geometry": { "type": "LineString", "coordinates": [ [ 8.3137784, 49.007773499999985 ], [ 8.3127798, 49.006481 ] ] } },
{ "type": "Feature", "properties": { "voltage_kv": "380 kV", "operator_show": "TenneT", "name_show": "–" }, "geometry": { "type": "LineString", "coordinates": [ [ 9.4981964, 53.5437247 ], [ 9.5005233, 53.543998699999982 ] ] } },
{ "type": "Feature", "properties": { "voltage_kv": "380 kV", "operator_show": "TenneT", "name_show": "3100 Dollern - Sottrum - Landsbergen" }, "geometry": { "type": "LineString", "coordinates": [ [ 9.5006193, 53.5428538 ], [ 9.4980831, 53.5430822 ] ] } },
{ "type": "Feature", "properties": { "voltage_kv": "380 kV", "operator_show": "TenneT", "name_show": "3101" }, "geometry": { "type": "LineString", "coordinates": [ [ 9.521154, 53.5460157 ], [ 9.506338, 53.542813699999975 ] ] } },
{ "type": "Feature", "properties": { "voltage_kv": "380 kV", "operator_show": "TenneT", "name_show": "3103 Dollern-(Niedervieland/Unterweser)-Alfstedt" }, "geometry": { "type": "LineString", "coordinates": [ [ 9.4981964, 53.5437247 ], [ 9.5005428, 53.5436671 ] ] } },
{ "type": "Feature", "properties": { "voltage_kv": "380 kV", "operator_show": "–", "name_show": "–" }, "geometry": { "type": "LineString", "coordinates": [ [ 7.8849838, 52.2760166 ], [ 7.8879105, 52.2768915 ] ] } },
{ "type": "Feature", "properties": { "voltage_kv": "380 kV; 110 kV", "operator_show": "Amprion", "name_show": "–" }, "geometry": { "type": "LineString", "coordinates": [ [ 7.8268604, 52.4671439 ], [ 7.840079, 52.466876 ] ] } },
{ "type": "Feature", "properties": { "voltage_kv": "380 kV", "operator_show": "Amprion", "name_show": "–" }, "geometry": { "type": "LineString", "coordinates": [ [ 7.2700025, 52.6541188 ], [ 7.2675821, 52.657734 ] ] } },
{ "type": "Feature", "properties": { "voltage_kv": "380 kV; 220 kV; 110 kV", "operator_show": "Amprion", "name_show": "–" }, "geometry": { "type": "LineString", "coordinates": [ [ 7.8676825, 52.385107499999982 ], [ 7.8791499, 52.4039441 ], [ 7.8456625, 52.4291364 ] ] } },
{ "type": "Feature", "properties": { "voltage_kv": "380 kV; 110 kV", "operator_show": "Amprion", "name_show": "–" }, "geometry": { "type": "LineString", "coordinates": [ [ 7.3407728, 52.5892519 ], [ 7.3461254, 52.5869812 ] ] } },
{ "type": "Feature", "properties": { "voltage_kv": "380 kV", "operator_show": "Amprion", "name_show": "–" }, "geometry": { "type": "LineString", "coordinates": [ [ 7.3508238, 52.5849796 ], [ 7.3461254, 52.5869812 ] ] } },
{ "type": "Feature", "properties": { "voltage_kv": "380 kV", "operator_show": "TenneT TSO", "name_show": "–" }, "geometry": { "type": "LineString", "coordinates": [ [ 9.1245846, 52.5382829 ], [ 9.123384, 52.538336 ] ] } },
{ "type": "Feature", "properties": { "voltage_kv": "380 kV", "operator_show": "TenneT TSO", "name_show": "–" }, "geometry": { "type": "LineString", "coordinates": [ [ 9.1234373, 52.536583599999986 ], [ 9.1237104, 52.5375482 ] ] } },
{ "type": "Feature", "properties": { "voltage_kv": "380 kV", "operator_show": "TenneT TSO", "name_show": "Sottrum–Landesbergen" }, "geometry": { "type": "LineString", "coordinates": [ [ 9.1243825, 52.5373878 ], [ 9.1236993, 52.537509 ] ] } },
{ "type": "Feature", "properties": { "voltage_kv": "380 kV", "operator_show": "TenneT TSO", "name_show": "–" }, "geometry": { "type": "LineString", "coordinates": [ [ 9.1249294, 52.539452599999983 ], [ 9.123738, 52.539446 ] ] } },
{ "type": "Feature", "properties": { "voltage_kv": "380 kV", "operator_show": "TenneT TSO", "name_show": "–" }, "geometry": { "type": "LineString", "coordinates": [ [ 9.1269305, 52.5390188 ], [ 9.127423, 52.538786 ] ] } },
{ "type": "Feature", "properties": { "voltage_kv": "380 kV", "operator_show": "TenneT TSO", "name_show": "–" }, "geometry": { "type": "LineString", "coordinates": [ [ 9.1268279, 52.53866129999998 ], [ 9.127423, 52.538786 ] ] } },
{ "type": "Feature", "properties": { "voltage_kv": "380 kV", "operator_show": "TenneT TSO", "name_show": "–" }, "geometry": { "type": "LineString", "coordinates": [ [ 9.1251284, 52.5388605 ], [ 9.1268279, 52.53866129999998 ] ] } },
{ "type": "Feature", "properties": { "voltage_kv": "380 kV", "operator_show": "TenneT TSO", "name_show": "Ltg 492 Wolmirstedt" }, "geometry": { "type": "LineString", "coordinates": [ [ 11.0006081, 52.2010619 ], [ 10.999986, 52.202131 ] ] } },
{ "type": "Feature", "properties": { "voltage_kv": "380 kV", "operator_show": "TenneT TSO GmbH", "name_show": "–" }, "geometry": { "type": "LineString", "coordinates": [ [ 8.6601401, 51.9977383 ], [ 8.6599166, 51.9986414 ] ] } },
{ "type": "Feature", "properties": { "voltage_kv": "380 kV", "operator_show": "TenneT TSO GmbH", "name_show": "–" }, "geometry": { "type": "LineString", "coordinates": [ [ 8.6601401, 51.9977383 ], [ 8.6596755, 51.9986074 ] ] } },
{ "type": "Feature", "properties": { "voltage_kv": "380 kV", "operator_show": "Amprion", "name_show": "380 kV Oerkhaus West; St. Peter Nord" }, "geometry": { "type": "LineString", "coordinates": [ [ 7.0068983, 51.1746292 ], [ 7.0039303, 51.1767074 ] ] } },
{ "type": "Feature", "properties": { "voltage_kv": "380 kV", "operator_show": "Amprion", "name_show": "Feld 401" }, "geometry": { "type": "LineString", "coordinates": [ [ 7.0068983, 51.1746292 ], [ 7.0070735, 51.1746596 ] ] } },
{ "type": "Feature", "properties": { "voltage_kv": "380 kV", "operator_show": "Amprion", "name_show": "–" }, "geometry": { "type": "LineString", "coordinates": [ [ 6.7050498, 51.0108583 ], [ 6.7052711, 51.009871699999984 ] ] } },
{ "type": "Feature", "properties": { "voltage_kv": "380 kV", "operator_show": "–", "name_show": "–" }, "geometry": { "type": "LineString", "coordinates": [ [ 6.7066585, 51.0074695 ], [ 6.7065841, 51.007997099999983 ] ] } },
{ "type": "Feature", "properties": { "voltage_kv": "380 kV", "operator_show": "–", "name_show": "–" }, "geometry": { "type": "LineString", "coordinates": [ [ 6.7046078, 51.0069352 ], [ 6.7045903, 51.0076112 ] ] } },
{ "type": "Feature", "properties": { "voltage_kv": "380 kV", "operator_show": "–", "name_show": "–" }, "geometry": { "type": "LineString", "coordinates": [ [ 6.7066585, 51.0074695 ], [ 6.7057569, 51.0078642 ] ] } },
{ "type": "Feature", "properties": { "voltage_kv": "380 kV", "operator_show": "–", "name_show": "–" }, "geometry": { "type": "LineString", "coordinates": [ [ 6.7046078, 51.0069352 ], [ 6.7043099, 51.007567099999989 ] ] } },
{ "type": "Feature", "properties": { "voltage_kv": "380 kV", "operator_show": "Amprion", "name_show": "–" }, "geometry": { "type": "LineString", "coordinates": [ [ 6.7056413, 51.010958699999982 ], [ 6.7063882, 51.0100392 ] ] } },
{ "type": "Feature", "properties": { "voltage_kv": "380 kV", "operator_show": "Amprion", "name_show": "–" }, "geometry": { "type": "LineString", "coordinates": [ [ 6.7056413, 51.010958699999982 ], [ 6.7060911, 51.0099878 ] ] } },
{ "type": "Feature", "properties": { "voltage_kv": "380 kV", "operator_show": "Amprion", "name_show": "–" }, "geometry": { "type": "LineString", "coordinates": [ [ 6.7050498, 51.0108583 ], [ 6.7055539, 51.0099065 ] ] } },
{ "type": "Feature", "properties": { "voltage_kv": "380 kV", "operator_show": "–", "name_show": "–" }, "geometry": { "type": "LineString", "coordinates": [ [ 6.6991959, 51.005030900000015 ], [ 6.7002182, 51.0069315 ] ] } },
{ "type": "Feature", "properties": { "voltage_kv": "380 kV", "operator_show": "RWE", "name_show": "380 kV Neurath 4d|5e" }, "geometry": { "type": "LineString", "coordinates": [ [ 6.6344385, 51.033959 ], [ 6.6338592, 51.0344303 ] ] } },
{ "type": "Feature", "properties": { "voltage_kv": "380 kV", "operator_show": "RWE", "name_show": "380 kV Neurath 4d|5e" }, "geometry": { "type": "LineString", "coordinates": [ [ 6.6366629, 51.0338645 ], [ 6.6344385, 51.033959 ] ] } },
{ "type": "Feature", "properties": { "voltage_kv": "380 kV", "operator_show": "RWE", "name_show": "380 kV Niederaußem 6f|7g" }, "geometry": { "type": "LineString", "coordinates": [ [ 6.6999472, 51.0068886 ], [ 6.6991959, 51.005030900000015 ] ] } },
{ "type": "Feature", "properties": { "voltage_kv": "380 kV", "operator_show": "RWE", "name_show": "380 kV Niederaußem 8h" }, "geometry": { "type": "LineString", "coordinates": [ [ 6.699691, 51.006848 ], [ 6.6991959, 51.005030900000015 ] ] } },
{ "type": "Feature", "properties": { "voltage_kv": "380 kV", "operator_show": "RWE", "name_show": "380 kV Paffendorf Süd" }, "geometry": { "type": "LineString", "coordinates": [ [ 6.7007784, 51.0070202 ], [ 6.6999101, 51.0051084 ] ] } },
{ "type": "Feature", "properties": { "voltage_kv": "380 kV", "operator_show": "RWE", "name_show": "380 kV Selfkant Weiß" }, "geometry": { "type": "LineString", "coordinates": [ [ 6.7004982, 51.0069758 ], [ 6.6999101, 51.0051084 ] ] } },
{ "type": "Feature", "properties": { "voltage_kv": "380 kV", "operator_show": "TenneT TSO", "name_show": "–" }, "geometry": { "type": "LineString", "coordinates": [ [ 9.7856365, 53.7061647 ], [ 9.9272409, 53.7202941 ], [ 9.9736963, 53.7421871 ] ] } },
{ "type": "Feature", "properties": { "voltage_kv": "380 kV; 110 kV", "operator_show": "TenneT TSO", "name_show": "–" }, "geometry": { "type": "LineString", "coordinates": [ [ 9.7760634, 53.6975394 ], [ 9.7856365, 53.7061647 ] ] } },
{ "type": "Feature", "properties": { "voltage_kv": "380 kV; 110 kV", "operator_show": "TenneT;Schleswig-Holstein Netz AG", "name_show": "–" }, "geometry": { "type": "LineString", "coordinates": [ [ 9.7731939, 53.6951128 ], [ 9.7760634, 53.6975394 ] ] } },
{ "type": "Feature", "properties": { "voltage_kv": "380 kV", "operator_show": "TenneT TSO", "name_show": "–" }, "geometry": { "type": "LineString", "coordinates": [ [ 9.775343, 53.6906779 ], [ 9.7734275, 53.691822 ] ] } },
{ "type": "Feature", "properties": { "voltage_kv": "380 kV", "operator_show": "TenneT", "name_show": "–" }, "geometry": { "type": "LineString", "coordinates": [ [ 9.7760634, 53.6975394 ], [ 9.7684758, 53.69687889999998 ] ] } },
{ "type": "Feature", "properties": { "voltage_kv": "380 kV", "operator_show": "TenneT", "name_show": "–" }, "geometry": { "type": "LineString", "coordinates": [ [ 9.7684758, 53.69687889999998 ], [ 9.645111, 53.654823699999987 ] ] } },
{ "type": "Feature", "properties": { "voltage_kv": "380 kV", "operator_show": "TenneT TSO GmbH", "name_show": "Kriegenbrunn - Redwitz;Raitersaich - Kriegenbrunn" }, "geometry": { "type": "LineString", "coordinates": [ [ 10.9713022, 49.55895490000001 ], [ 10.9727287, 49.5587709 ] ] } },
{ "type": "Feature", "properties": { "voltage_kv": "380 kV", "operator_show": "TenneT TSO GmbH", "name_show": "Kriegenbrunn - Redwitz;Raitersaich - Kriegenbrunn" }, "geometry": { "type": "LineString", "coordinates": [ [ 10.9713022, 49.55895490000001 ], [ 10.9354552, 49.5636824 ] ] } },
{ "type": "Feature", "properties": { "voltage_kv": "380 kV", "operator_show": "TransnetBW", "name_show": "–" }, "geometry": { "type": "LineString", "coordinates": [ [ 8.3127798, 49.006481 ], [ 8.3129945, 49.007802 ] ] } },
{ "type": "Feature", "properties": { "voltage_kv": "380 kV; 110 kV", "operator_show": "Netze BW GmbH;TransnetBW GmbH", "name_show": "AL1-EDS 380 kV, EDS-WDL 380 kV, AL1-EDS/AIC 2x 110 kV" }, "geometry": { "type": "LineString", "coordinates": [ [ 9.395663, 48.744143200000011 ], [ 9.4037327, 48.7797475 ], [ 9.3787149, 48.809531399999976 ] ] } },
{ "type": "Feature", "properties": { "voltage_kv": "380 kV", "operator_show": "TenneT TSO", "name_show": "–" }, "geometry": { "type": "LineString", "coordinates": [ [ 9.0475793, 51.167863699999984 ], [ 9.0503676, 51.16782929999998 ] ] } },
{ "type": "Feature", "properties": { "voltage_kv": "380 kV", "operator_show": "TenneT TSO", "name_show": "Ltg 442 Přeštice (Cz)" }, "geometry": { "type": "LineString", "coordinates": [ [ 12.1144994, 49.6307489 ], [ 12.1154139, 49.631477 ] ] } },
{ "type": "Feature", "properties": { "voltage_kv": "380 kV", "operator_show": "TenneT TSO", "name_show": "Ltg 441 Hradec (CZ)" }, "geometry": { "type": "LineString", "coordinates": [ [ 12.1154139, 49.631477 ], [ 12.1141465, 49.6309927 ] ] } },
{ "type": "Feature", "properties": { "voltage_kv": "380 kV", "operator_show": "50Hertz Transmission", "name_show": "Tr" }, "geometry": { "type": "LineString", "coordinates": [ [ 12.8140832, 50.8583837 ], [ 12.8141627, 50.8575278 ] ] } },
{ "type": "Feature", "properties": { "voltage_kv": "380 kV", "operator_show": "TenneT", "name_show": "3702 II" }, "geometry": { "type": "LineString", "coordinates": [ [ 8.4650638, 50.600812399999988 ], [ 8.4645255, 50.600498 ] ] } },
{ "type": "Feature", "properties": { "voltage_kv": "380 kV; 110 kV; 0 kV", "operator_show": "Amprion;Avacon Netz", "name_show": "–" }, "geometry": { "type": "LineString", "coordinates": [ [ 8.4777095, 50.59428 ], [ 8.4645255, 50.600498 ] ] } },
{ "type": "Feature", "properties": { "voltage_kv": "380 kV", "operator_show": "Tennet", "name_show": "–" }, "geometry": { "type": "LineString", "coordinates": [ [ 8.4779759, 50.5947312 ], [ 8.4777095, 50.59428 ] ] } },
{ "type": "Feature", "properties": { "voltage_kv": "380 kV", "operator_show": "–", "name_show": "–" }, "geometry": { "type": "LineString", "coordinates": [ [ 8.3209411, 50.7294962 ], [ 8.4150577, 50.671302500000017 ], [ 8.4650638, 50.600812399999988 ] ] } },
{ "type": "Feature", "properties": { "voltage_kv": "380 kV; 0 kV", "operator_show": "–", "name_show": "–" }, "geometry": { "type": "LineString", "coordinates": [ [ 8.4650638, 50.600812399999988 ], [ 8.4779759, 50.5947312 ] ] } },
{ "type": "Feature", "properties": { "voltage_kv": "380 kV; 110 kV", "operator_show": "Amprion;Avacon Netz", "name_show": "–" }, "geometry": { "type": "LineString", "coordinates": [ [ 8.4645255, 50.600498 ], [ 8.3627987, 50.6107716 ] ] } },
{ "type": "Feature", "properties": { "voltage_kv": "380 kV", "operator_show": "–", "name_show": "–" }, "geometry": { "type": "LineString", "coordinates": [ [ 10.4000441, 48.515116199999987 ], [ 10.400573, 48.515247899999984 ] ] } },
{ "type": "Feature", "properties": { "voltage_kv": "380 kV", "operator_show": "–", "name_show": "–" }, "geometry": { "type": "LineString", "coordinates": [ [ 10.3946784, 48.5180314 ], [ 10.3922464, 48.517573199999987 ] ] } },
{ "type": "Feature", "properties": { "voltage_kv": "380 kV; 110 kV", "operator_show": "Lechwerke", "name_show": "–" }, "geometry": { "type": "LineString", "coordinates": [ [ 10.3944469, 48.5186523 ], [ 10.4041809, 48.5111012 ] ] } },
{ "type": "Feature", "properties": { "voltage_kv": "380 kV", "operator_show": "–", "name_show": "–" }, "geometry": { "type": "LineString", "coordinates": [ [ 10.3946784, 48.5180314 ], [ 10.3922365, 48.5177587 ] ] } },
{ "type": "Feature", "properties": { "voltage_kv": "380 kV", "operator_show": "–", "name_show": "–" }, "geometry": { "type": "LineString", "coordinates": [ [ 10.4002842, 48.5144076 ], [ 10.4000441, 48.515116199999987 ] ] } },
{ "type": "Feature", "properties": { "voltage_kv": "380 kV", "operator_show": "–", "name_show": "–" }, "geometry": { "type": "LineString", "coordinates": [ [ 10.3922562, 48.517392299999983 ], [ 10.3946784, 48.5180314 ] ] } },
{ "type": "Feature", "properties": { "voltage_kv": "380 kV", "operator_show": "Amprion", "name_show": "–" }, "geometry": { "type": "LineString", "coordinates": [ [ 10.3943344, 48.5190638 ], [ 10.3921981, 48.518472500000016 ] ] } },
{ "type": "Feature", "properties": { "voltage_kv": "380 kV", "operator_show": "–", "name_show": "–" }, "geometry": { "type": "LineString", "coordinates": [ [ 10.4002842, 48.5144076 ], [ 10.4008394, 48.514358 ] ] } },
{ "type": "Feature", "properties": { "voltage_kv": "380 kV", "operator_show": "–", "name_show": "–" }, "geometry": { "type": "LineString", "coordinates": [ [ 10.3946784, 48.5180314 ], [ 10.3922669, 48.5171934 ] ] } },
{ "type": "Feature", "properties": { "voltage_kv": "380 kV", "operator_show": "Amprion", "name_show": "–" }, "geometry": { "type": "LineString", "coordinates": [ [ 10.3943344, 48.5190638 ], [ 10.3922074, 48.518298499999986 ] ] } },
{ "type": "Feature", "properties": { "voltage_kv": "380 kV", "operator_show": "Amprion", "name_show": "–" }, "geometry": { "type": "LineString", "coordinates": [ [ 10.3943344, 48.5190638 ], [ 10.3921787, 48.5188324 ] ] } },
{ "type": "Feature", "properties": { "voltage_kv": "380 kV", "operator_show": "Amprion", "name_show": "–" }, "geometry": { "type": "LineString", "coordinates": [ [ 10.3921883, 48.5186539 ], [ 10.3943344, 48.5190638 ] ] } },
{ "type": "Feature", "properties": { "voltage_kv": "380 kV", "operator_show": "Lechwerke", "name_show": "–" }, "geometry": { "type": "LineString", "coordinates": [ [ 10.4041809, 48.5111012 ], [ 10.4021856, 48.5100982 ] ] } },
{ "type": "Feature", "properties": { "voltage_kv": "380 kV; 110 kV", "operator_show": "RWE", "name_show": "110kV Büren - Nehden Ost+West" }, "geometry": { "type": "LineString", "coordinates": [ [ 8.6245662, 51.4334547 ], [ 8.6195436, 51.4355063 ] ] } },
{ "type": "Feature", "properties": { "voltage_kv": "380 kV", "operator_show": "Amprion", "name_show": "380kV Scholven B" }, "geometry": { "type": "LineString", "coordinates": [ [ 7.021062, 51.624701799999983 ], [ 7.0112641, 51.6259384 ] ] } },
{ "type": "Feature", "properties": { "voltage_kv": "380 kV", "operator_show": "RWE", "name_show": "380kV Scholven F" }, "geometry": { "type": "LineString", "coordinates": [ [ 7.0224478, 51.6236938 ], [ 7.0254895, 51.624193899999987 ] ] } },
{ "type": "Feature", "properties": { "voltage_kv": "380 kV", "operator_show": "Amprion", "name_show": "380kV Lippe Nord" }, "geometry": { "type": "LineString", "coordinates": [ [ 7.0229504, 51.624729099999989 ], [ 7.0253953, 51.624606 ] ] } },
{ "type": "Feature", "properties": { "voltage_kv": "380 kV", "operator_show": "Amprion", "name_show": "380kV Kusenhorst" }, "geometry": { "type": "LineString", "coordinates": [ [ 7.0226074, 51.624041499999983 ], [ 7.0254895, 51.624193899999987 ] ] } },
{ "type": "Feature", "properties": { "voltage_kv": "380 kV; 220 kV", "operator_show": "–", "name_show": "–" }, "geometry": { "type": "LineString", "coordinates": [ [ 7.4914251, 50.35056560000001 ], [ 7.4904763, 50.3531138 ] ] } },
{ "type": "Feature", "properties": { "voltage_kv": "380 kV", "operator_show": "RWE", "name_show": "380kV Limburg Ost+West" }, "geometry": { "type": "LineString", "coordinates": [ [ 7.9654917, 50.6779415 ], [ 7.90956, 50.728823 ] ] } },
{ "type": "Feature", "properties": { "voltage_kv": "380 kV", "operator_show": "RWE", "name_show": "Westerwald West + Ost" }, "geometry": { "type": "LineString", "coordinates": [ [ 7.9659387, 50.678121 ], [ 7.9197472, 50.715155 ] ] } },
{ "type": "Feature", "properties": { "voltage_kv": "380 kV", "operator_show": "RWE", "name_show": "–" }, "geometry": { "type": "LineString", "coordinates": [ [ 7.9681342, 50.675753 ], [ 7.9654917, 50.6779415 ] ] } },
{ "type": "Feature", "properties": { "voltage_kv": "380 kV", "operator_show": "RWE", "name_show": "380kV Westerwald Ost+West" }, "geometry": { "type": "LineString", "coordinates": [ [ 7.9688232, 50.6757187 ], [ 7.9659387, 50.678121 ] ] } },
{ "type": "Feature", "properties": { "voltage_kv": "380 kV; 110 kV", "operator_show": "50Hertz Transmission", "name_show": "Ltg 467 und 468 Vieselbach - Altenfeld sowie Bahnstrom Eischleben - Wolfsberg 1|2" }, "geometry": { "type": "LineString", "coordinates": [ [ 11.003784, 50.828414 ], [ 10.9996467, 50.789388700000011 ] ] } },
{ "type": "Feature", "properties": { "voltage_kv": "380 kV; 110 kV", "operator_show": "50Hertz Transmission", "name_show": "Ltg 467 und 468 Vieselbach - Altenfeld sowie Law - Atf 1 und Law - Atf 2" }, "geometry": { "type": "LineString", "coordinates": [ [ 10.9881086, 50.6660615 ], [ 10.9873081, 50.577227699999987 ] ] } },
{ "type": "Feature", "properties": { "voltage_kv": "380 kV; 110 kV", "operator_show": "50Hertz Transmission;DB Energie GmbH", "name_show": "Ltg 467 und 468 Vieselbach - Altenfeld sowie Bahnstrom Weimar - Eischleben" }, "geometry": { "type": "LineString", "coordinates": [ [ 11.1157206, 50.899123299999985 ], [ 11.1146056, 50.8866904 ], [ 11.0850621, 50.8867026 ] ] } },
{ "type": "Feature", "properties": { "voltage_kv": "380 kV", "operator_show": "50Hertz Transmission", "name_show": "Ltg 467 und 468 Vieselbach - Altenfeld" }, "geometry": { "type": "LineString", "coordinates": [ [ 10.9900292, 50.6693764 ], [ 10.9881086, 50.6660615 ] ] } },
{ "type": "Feature", "properties": { "voltage_kv": "380 kV", "operator_show": "50Hertz Transmission", "name_show": "Ltg 467 und 468 Vieselbach - Altenfeld" }, "geometry": { "type": "LineString", "coordinates": [ [ 11.0850621, 50.8867026 ], [ 11.0093011, 50.867391399999988 ], [ 11.003784, 50.828414 ] ] } },
{ "type": "Feature", "properties": { "voltage_kv": "380 kV", "operator_show": "50Hertz Transmission", "name_show": "Ltg 467 und 468 Vieselbach - Altenfeld" }, "geometry": { "type": "LineString", "coordinates": [ [ 11.1252479, 50.9943084 ], [ 11.1427384, 50.943349400000017 ], [ 11.1157206, 50.899123299999985 ] ] } },
{ "type": "Feature", "properties": { "voltage_kv": "380 kV", "operator_show": "50Hertz Transmission", "name_show": "Ltg 467 und 468 Vieselbach - Altenfeld" }, "geometry": { "type": "LineString", "coordinates": [ [ 10.9996467, 50.789388700000011 ], [ 11.0091007, 50.7548333 ] ] } },
{ "type": "Feature", "properties": { "voltage_kv": "380 kV", "operator_show": "50Hertz Transmission", "name_show": "Ltg 467 Vieselbach" }, "geometry": { "type": "LineString", "coordinates": [ [ 10.9914474, 50.5746402 ], [ 10.9924623, 50.5755499 ] ] } },
{ "type": "Feature", "properties": { "voltage_kv": "380 kV", "operator_show": "50Hertz Transmission", "name_show": "Ltg 468 Vieselbach" }, "geometry": { "type": "LineString", "coordinates": [ [ 10.991294, 50.574773599999986 ], [ 10.9924623, 50.5755499 ] ] } },
{ "type": "Feature", "properties": { "voltage_kv": "380 kV; 110 kV", "operator_show": "50Hertz;Thüringer Energienetze", "name_show": "Ltg 467 und 468 Vieselbach - Altenfeld sowie Ar - Law 2 und Sti - Law 3" }, "geometry": { "type": "LineString", "coordinates": [ [ 11.0091007, 50.7548333 ], [ 10.9900292, 50.6693764 ] ] } },
{ "type": "Feature", "properties": { "voltage_kv": "380 kV", "operator_show": "–", "name_show": "–" }, "geometry": { "type": "LineString", "coordinates": [ [ 10.18681, 49.9786716 ], [ 10.1889333, 49.980551 ] ] } },
{ "type": "Feature", "properties": { "voltage_kv": "380 kV", "operator_show": "–", "name_show": "–" }, "geometry": { "type": "LineString", "coordinates": [ [ 10.1856515, 49.9797597 ], [ 10.1874895, 49.980741899999984 ] ] } },
{ "type": "Feature", "properties": { "voltage_kv": "380 kV", "operator_show": "–", "name_show": "–" }, "geometry": { "type": "LineString", "coordinates": [ [ 10.1871263, 49.9799001 ], [ 10.1884526, 49.9806168 ] ] } },
{ "type": "Feature", "properties": { "voltage_kv": "380 kV", "operator_show": "Tennet", "name_show": "Grafenrheinfeld - Kupferzell" }, "geometry": { "type": "LineString", "coordinates": [ [ 10.18681, 49.9786716 ], [ 10.1729454, 49.9832604 ], [ 10.1048991, 49.9352232 ], [ 10.0877492, 49.9030165 ], [ 10.1034046, 49.871188599999989 ], [ 10.0524994, 49.7642729 ] ] } },
{ "type": "Feature", "properties": { "voltage_kv": "380 kV", "operator_show": "TenneT TSO GmbH", "name_show": "–" }, "geometry": { "type": "LineString", "coordinates": [ [ 9.9736963, 53.7421871 ], [ 9.9782625, 53.74299520000001 ] ] } },
{ "type": "Feature", "properties": { "voltage_kv": "380 kV; 110 kV; 15 kV", "operator_show": "TenneT TSO", "name_show": "Ltg 3011 sowie Bahnstrom Höchst-Friedberg und Höchst-Rödelheim und 15kV Sp" }, "geometry": { "type": "LineString", "coordinates": [ [ 8.5941503, 50.143101 ], [ 8.5887849, 50.133948 ] ] } },
{ "type": "Feature", "properties": { "voltage_kv": "380 kV", "operator_show": "Westnetz", "name_show": "380 kV Niehl 3" }, "geometry": { "type": "LineString", "coordinates": [ [ 6.9611082, 51.0528451 ], [ 6.9368226, 51.0339474 ] ] } },
{ "type": "Feature", "properties": { "voltage_kv": "380 kV; 220 kV", "operator_show": "–", "name_show": "–" }, "geometry": { "type": "LineString", "coordinates": [ [ 8.3065715, 49.2565793 ], [ 8.3092864, 49.31326880000001 ] ] } },
{ "type": "Feature", "properties": { "voltage_kv": "380 kV", "operator_show": "TenneT TSO GmbH", "name_show": "–" }, "geometry": { "type": "LineString", "coordinates": [ [ 10.2357838, 52.2932527 ], [ 10.2352382, 52.2934658 ] ] } },
{ "type": "Feature", "properties": { "voltage_kv": "380 kV", "operator_show": "TenneT TSO GmbH", "name_show": "Leitung 3026" }, "geometry": { "type": "LineString", "coordinates": [ [ 10.237508, 52.2922001 ], [ 10.2353196, 52.2929669 ] ] } },
{ "type": "Feature", "properties": { "voltage_kv": "380 kV", "operator_show": "TenneT TSO GmbH", "name_show": "Leitung 3026" }, "geometry": { "type": "LineString", "coordinates": [ [ 10.233142, 52.293298 ], [ 10.237508, 52.2922001 ] ] } },
{ "type": "Feature", "properties": { "voltage_kv": "380 kV", "operator_show": "TenneT TSO GmbH", "name_show": "Leitung 3026" }, "geometry": { "type": "LineString", "coordinates": [ [ 10.233142, 52.293298 ], [ 10.192738, 52.30246 ] ] } },
{ "type": "Feature", "properties": { "voltage_kv": "380 kV; 220 kV", "operator_show": "RWE", "name_show": "–" }, "geometry": { "type": "LineString", "coordinates": [ [ 6.6896804, 51.575408 ], [ 6.684384, 51.5748504 ] ] } },
{ "type": "Feature", "properties": { "voltage_kv": "380 kV; 110 kV", "operator_show": "TenneT TSO GmbH", "name_show": "Ltg 459 und 460 Altenfeld - Redwitz sowie 158 Ebersdorf - Neustadt bei Coburg und 158 Coburg - Redwitz" }, "geometry": { "type": "LineString", "coordinates": [ [ 11.0225124, 50.261698799999984 ], [ 11.0517637, 50.2423262 ], [ 11.0840012, 50.2458406 ], [ 11.1142252, 50.2132705 ] ] } },
{ "type": "Feature", "properties": { "voltage_kv": "380 kV", "operator_show": "Amprion GmbH;TransnetBW GmbH", "name_show": "Kühmoos - Daxlanden" }, "geometry": { "type": "LineString", "coordinates": [ [ 7.8722116, 47.603242699999988 ], [ 7.9519306, 47.5964343 ] ] } },
{ "type": "Feature", "properties": { "voltage_kv": "380 kV", "operator_show": "50Hertz Transmission", "name_show": "Ltg 460 Redwitz" }, "geometry": { "type": "LineString", "coordinates": [ [ 10.9904234, 50.5737455 ], [ 10.9895822, 50.5721988 ] ] } },
{ "type": "Feature", "properties": { "voltage_kv": "380 kV", "operator_show": "50Hertz Transmission", "name_show": "525;526" }, "geometry": { "type": "LineString", "coordinates": [ [ 12.9474856, 52.5620291 ], [ 12.9452379, 52.5614658 ] ] } },
{ "type": "Feature", "properties": { "voltage_kv": "380 kV", "operator_show": "–", "name_show": "Herbertingen - Tiengen" }, "geometry": { "type": "LineString", "coordinates": [ [ 9.4231189, 48.0640468 ], [ 9.4232304, 48.06326640000001 ] ] } },
{ "type": "Feature", "properties": { "voltage_kv": "380 kV", "operator_show": "50Hertz Transmission", "name_show": "Ltg 493 Wolmirstedt - Teufelsbruch und 498 Wustermark - Teufelsbruch" }, "geometry": { "type": "LineString", "coordinates": [ [ 12.9076739, 52.5969292 ], [ 13.0478425, 52.6079313 ], [ 13.0896689, 52.6319642 ], [ 13.1362859, 52.6256867 ], [ 13.2115297, 52.58129 ] ] } },
{ "type": "Feature", "properties": { "voltage_kv": "380 kV", "operator_show": "50Hertz Transmission", "name_show": "493" }, "geometry": { "type": "LineString", "coordinates": [ [ 13.2115297, 52.58129 ], [ 13.2116817, 52.580788199999972 ] ] } },
{ "type": "Feature", "properties": { "voltage_kv": "380 kV; 0 kV", "operator_show": "RWE", "name_show": "–" }, "geometry": { "type": "LineString", "coordinates": [ [ 7.5904618, 50.3871094 ], [ 7.5943037, 50.3871373 ] ] } },
{ "type": "Feature", "properties": { "voltage_kv": "380 kV", "operator_show": "RWE", "name_show": "–" }, "geometry": { "type": "LineString", "coordinates": [ [ 7.5949661, 50.384798299999964 ], [ 7.5657274, 50.3835253 ], [ 7.5007765, 50.3450598 ] ] } },
{ "type": "Feature", "properties": { "voltage_kv": "380 kV", "operator_show": "TenneT TSO;Avacon Netz", "name_show": "–" }, "geometry": { "type": "LineString", "coordinates": [ [ 8.6265647, 51.9061875 ], [ 8.6373107, 51.8950664 ] ] } },
{ "type": "Feature", "properties": { "voltage_kv": "380 kV; 110 kV", "operator_show": "Amprion;Westnetz", "name_show": "–" }, "geometry": { "type": "LineString", "coordinates": [ [ 8.6840986, 51.435047299999987 ], [ 8.6677816, 51.4371488 ] ] } },
{ "type": "Feature", "properties": { "voltage_kv": "380 kV; 110 kV", "operator_show": "TenneT;Avacon Netz", "name_show": "–" }, "geometry": { "type": "LineString", "coordinates": [ [ 8.7997028, 50.3542687 ], [ 8.7153305, 50.462595699999987 ] ] } },
{ "type": "Feature", "properties": { "voltage_kv": "380 kV", "operator_show": "–", "name_show": "–" }, "geometry": { "type": "LineString", "coordinates": [ [ 9.198664, 54.8491602 ], [ 9.1963716, 54.8499921 ] ] } },
{ "type": "Feature", "properties": { "voltage_kv": "380 kV", "operator_show": "–", "name_show": "–" }, "geometry": { "type": "LineString", "coordinates": [ [ 9.1954142, 54.8526639 ], [ 9.1973537, 54.8515557 ] ] } },
{ "type": "Feature", "properties": { "voltage_kv": "380 kV", "operator_show": "–", "name_show": "–" }, "geometry": { "type": "LineString", "coordinates": [ [ 9.198664, 54.8491602 ], [ 9.1965605, 54.850305299999988 ] ] } },
{ "type": "Feature", "properties": { "voltage_kv": "380 kV", "operator_show": "–", "name_show": "–" }, "geometry": { "type": "LineString", "coordinates": [ [ 9.1954142, 54.8526639 ], [ 9.1975552, 54.851864799999987 ] ] } },
{ "type": "Feature", "properties": { "voltage_kv": "380 kV", "operator_show": "TenneT TSO", "name_show": "Ltg 432 Kriegenbrunn - Redwitz" }, "geometry": { "type": "LineString", "coordinates": [ [ 11.1066021, 49.9773295 ], [ 11.1091674, 49.9834574 ] ] } },
{ "type": "Feature", "properties": { "voltage_kv": "380 kV", "operator_show": "TenneT TSO", "name_show": "Ltg 431 Raitersaich" }, "geometry": { "type": "LineString", "coordinates": [ [ 11.105879, 49.9784147 ], [ 11.1066021, 49.9773295 ] ] } },
{ "type": "Feature", "properties": { "voltage_kv": "380 kV", "operator_show": "50Hertz Transmission", "name_show": "Grafenrheinfeld - Eltmann;Eltmann - Redwitz" }, "geometry": { "type": "LineString", "coordinates": [ [ 10.6626551, 49.9771451 ], [ 10.6625374, 49.9798565 ] ] } },
{ "type": "Feature", "properties": { "voltage_kv": "380 kV", "operator_show": "–", "name_show": "Eltmann - Redwitz" }, "geometry": { "type": "LineString", "coordinates": [ [ 10.6657834, 49.9764618 ], [ 10.6626551, 49.9771451 ] ] } },
{ "type": "Feature", "properties": { "voltage_kv": "380 kV", "operator_show": "–", "name_show": "Grafenrheinfeld - Eltmann" }, "geometry": { "type": "LineString", "coordinates": [ [ 10.6606693, 49.975222599999988 ], [ 10.6626551, 49.9771451 ] ] } },
{ "type": "Feature", "properties": { "voltage_kv": "380 kV", "operator_show": "TenneT TSO", "name_show": "Ltg 459 und 460 Altenfeld - Redwitz" }, "geometry": { "type": "LineString", "coordinates": [ [ 11.1879437, 50.1653763 ], [ 11.1908565, 50.162637 ] ] } },
{ "type": "Feature", "properties": { "voltage_kv": "380 kV; 110 kV", "operator_show": "TenneT TSO", "name_show": "Ltg 459 und 460 Altenfeld - Redwitz sowie 156 Ebersdorf - Redwitz und 158 Coburg - Redwitz" }, "geometry": { "type": "LineString", "coordinates": [ [ 11.1142252, 50.2132705 ], [ 11.159973, 50.2049213 ], [ 11.1879437, 50.1653763 ] ] } },
{ "type": "Feature", "properties": { "voltage_kv": "380 kV; 110 kV", "operator_show": "TenneT TSO", "name_show": "Ltg 459 und 460 Altenfeld - Redwitz sowie 157 Coburg - Neustadt bei Coburg und 158 Coburg - Redwitz" }, "geometry": { "type": "LineString", "coordinates": [ [ 11.0103861, 50.286307299999983 ], [ 11.0225124, 50.261698799999984 ] ] } },
{ "type": "Feature", "properties": { "voltage_kv": "380 kV", "operator_show": "TenneT TSO", "name_show": "Ltg 459 und 460 Altenfeld - Redwitz" }, "geometry": { "type": "LineString", "coordinates": [ [ 11.030904, 50.360112399999984 ], [ 11.0103861, 50.286307299999983 ] ] } },
{ "type": "Feature", "properties": { "voltage_kv": "380 kV", "operator_show": "–", "name_show": "–" }, "geometry": { "type": "LineString", "coordinates": [ [ 10.1899825, 49.9790215 ], [ 10.1896891, 49.980451399999986 ] ] } },
{ "type": "Feature", "properties": { "voltage_kv": "380 kV; 110 kV", "operator_show": "RWE", "name_show": "380 kV Weissweiler Nord|Süd; 110 kV Mariaweiler Ost|West" }, "geometry": { "type": "LineString", "coordinates": [ [ 6.4589712, 50.8384407 ], [ 6.431578, 50.832316 ] ] } },
{ "type": "Feature", "properties": { "voltage_kv": "380 kV; 110 kV", "operator_show": "TransnetBW GmbH", "name_show": "–" }, "geometry": { "type": "LineString", "coordinates": [ [ 9.221276, 49.2127751 ], [ 9.2118846, 49.2049863 ] ] } },
{ "type": "Feature", "properties": { "voltage_kv": "380 kV; 0 kV", "operator_show": "TransnetBW GmbH", "name_show": "–" }, "geometry": { "type": "LineString", "coordinates": [ [ 9.2118846, 49.2049863 ], [ 9.1511806, 49.1843323 ], [ 9.1399292, 49.1582246 ] ] } },
{ "type": "Feature", "properties": { "voltage_kv": "380 kV", "operator_show": "TenneT TSO GmbH", "name_show": "–" }, "geometry": { "type": "LineString", "coordinates": [ [ 9.38767, 51.639348799999986 ], [ 9.3860934, 51.639130799999982 ] ] } },
{ "type": "Feature", "properties": { "voltage_kv": "380 kV", "operator_show": "TenneT TSO GmbH", "name_show": "–" }, "geometry": { "type": "LineString", "coordinates": [ [ 9.3887347, 51.6420565 ], [ 9.3865133, 51.642698399999986 ] ] } },
{ "type": "Feature", "properties": { "voltage_kv": "380 kV", "operator_show": "–", "name_show": "–" }, "geometry": { "type": "LineString", "coordinates": [ [ 9.8856535, 48.3043767 ], [ 9.8853521, 48.305798 ] ] } },
{ "type": "Feature", "properties": { "voltage_kv": "380 kV", "operator_show": "TransnetBW GmbH", "name_show": "–" }, "geometry": { "type": "LineString", "coordinates": [ [ 9.8853521, 48.305798 ], [ 9.8861264, 48.3044695 ] ] } },
{ "type": "Feature", "properties": { "voltage_kv": "380 kV", "operator_show": "RWE", "name_show": "Donau-Ost" }, "geometry": { "type": "LineString", "coordinates": [ [ 9.8876378, 48.3036694 ], [ 9.8877922, 48.3023244 ] ] } },
{ "type": "Feature", "properties": { "voltage_kv": "380 kV; 110 kV", "operator_show": "Amprion;Westnetz", "name_show": "–" }, "geometry": { "type": "LineString", "coordinates": [ [ 7.3583911, 51.572485 ], [ 7.3578158, 51.5641476 ] ] } },
{ "type": "Feature", "properties": { "voltage_kv": "380 kV", "operator_show": "TransnetBW GmbH", "name_show": "–" }, "geometry": { "type": "LineString", "coordinates": [ [ 9.1475021, 49.1446876 ], [ 9.1485141, 49.1429153 ] ] } },
{ "type": "Feature", "properties": { "voltage_kv": "380 kV", "operator_show": "–", "name_show": "–" }, "geometry": { "type": "LineString", "coordinates": [ [ 9.1488546, 49.1417909 ], [ 9.1484828, 49.1422935 ] ] } },
{ "type": "Feature", "properties": { "voltage_kv": "380 kV", "operator_show": "–", "name_show": "–" }, "geometry": { "type": "LineString", "coordinates": [ [ 9.1495374, 49.1418311 ], [ 9.1491346, 49.1425266 ] ] } },
{ "type": "Feature", "properties": { "voltage_kv": "380 kV", "operator_show": "EnBW;Amprion", "name_show": "Kühmoos - Daxlanden" }, "geometry": { "type": "LineString", "coordinates": [ [ 7.7558144, 48.0987176 ], [ 7.7544931, 48.0993769 ] ] } },
{ "type": "Feature", "properties": { "voltage_kv": "380 kV", "operator_show": "–", "name_show": "–" }, "geometry": { "type": "LineString", "coordinates": [ [ 7.2396134, 49.3600082 ], [ 7.2342461, 49.365856 ] ] } },
{ "type": "Feature", "properties": { "voltage_kv": "380 kV", "operator_show": "RWE", "name_show": "–" }, "geometry": { "type": "LineString", "coordinates": [ [ 6.7746642, 49.291168699999986 ], [ 6.7765053, 49.2909653 ] ] } },
{ "type": "Feature", "properties": { "voltage_kv": "380 kV", "operator_show": "RWE", "name_show": "–" }, "geometry": { "type": "LineString", "coordinates": [ [ 6.7746807, 49.2910084 ], [ 6.7765053, 49.2909653 ] ] } },
{ "type": "Feature", "properties": { "voltage_kv": "380 kV", "operator_show": "TransnetBW", "name_show": "–" }, "geometry": { "type": "LineString", "coordinates": [ [ 8.5634012, 49.1326642 ], [ 8.5630329, 49.132972899999984 ] ] } },
{ "type": "Feature", "properties": { "voltage_kv": "380 kV; 110 kV", "operator_show": "–", "name_show": "HUEFF-WIESL-NEURO;LEIMN-WIESL-BAIER" }, "geometry": { "type": "LineString", "coordinates": [ [ 8.7058985, 49.3078456 ], [ 8.6753755, 49.3066213 ] ] } },
{ "type": "Feature", "properties": { "voltage_kv": "380 kV", "operator_show": "Amprion", "name_show": "380 kV Siegtal Nord|Süd" }, "geometry": { "type": "LineString", "coordinates": [ [ 6.9766421, 50.795549499999986 ], [ 6.9805991, 50.795251499999985 ] ] } },
{ "type": "Feature", "properties": { "voltage_kv": "380 kV", "operator_show": "RWE", "name_show": "380 kV Siegtal Nord|Süd" }, "geometry": { "type": "LineString", "coordinates": [ [ 6.9766421, 50.795549499999986 ], [ 6.975288, 50.796661200000017 ] ] } },
{ "type": "Feature", "properties": { "voltage_kv": "380 kV", "operator_show": "Amprion", "name_show": "380 kV Liessem Ost;380 kV Mittelrhein" }, "geometry": { "type": "LineString", "coordinates": [ [ 6.9761568, 50.7952376 ], [ 7.0327643, 50.7496903 ], [ 7.0344857, 50.7211153 ], [ 7.0098916, 50.705346699999978 ], [ 7.0103353, 50.6227427 ], [ 7.0741578, 50.5936577 ] ] } },
{ "type": "Feature", "properties": { "voltage_kv": "380 kV", "operator_show": "TenneT", "name_show": "–" }, "geometry": { "type": "LineString", "coordinates": [ [ 8.9925346, 51.3439027 ], [ 8.9915372, 51.3432902 ] ] } },
{ "type": "Feature", "properties": { "voltage_kv": "380 kV", "operator_show": "TenneT", "name_show": "–" }, "geometry": { "type": "LineString", "coordinates": [ [ 8.9926837, 51.343596 ], [ 8.9915372, 51.3432902 ] ] } },
{ "type": "Feature", "properties": { "voltage_kv": "380 kV", "operator_show": "TenneT", "name_show": "–" }, "geometry": { "type": "LineString", "coordinates": [ [ 8.9927596, 51.3434429 ], [ 8.9915372, 51.3432902 ] ] } },
{ "type": "Feature", "properties": { "voltage_kv": "380 kV", "operator_show": "TenneT", "name_show": "–" }, "geometry": { "type": "LineString", "coordinates": [ [ 8.9929063, 51.343133199999983 ], [ 8.9915372, 51.3432902 ] ] } },
{ "type": "Feature", "properties": { "voltage_kv": "380 kV; 0 kV", "operator_show": "Amprion", "name_show": "380kV Stummhafen 1A + ANK" }, "geometry": { "type": "LineString", "coordinates": [ [ 7.4598061, 51.6161384 ], [ 7.4050675, 51.645053699999977 ] ] } },
{ "type": "Feature", "properties": { "voltage_kv": "380 kV", "operator_show": "TenneT TSO", "name_show": "–" }, "geometry": { "type": "LineString", "coordinates": [ [ 9.2579682, 51.0598054 ], [ 9.2566376, 51.059225800000014 ] ] } },
{ "type": "Feature", "properties": { "voltage_kv": "380 kV", "operator_show": "TenneT TSO", "name_show": "–" }, "geometry": { "type": "LineString", "coordinates": [ [ 9.2579634, 51.0596258 ], [ 9.2566376, 51.059225800000014 ] ] } },
{ "type": "Feature", "properties": { "voltage_kv": "380 kV", "operator_show": "TenneT TSO", "name_show": "–" }, "geometry": { "type": "LineString", "coordinates": [ [ 9.2608413, 51.0626299 ], [ 9.2600678, 51.0624799 ] ] } },
{ "type": "Feature", "properties": { "voltage_kv": "380 kV", "operator_show": "TenneT TSO", "name_show": "–" }, "geometry": { "type": "LineString", "coordinates": [ [ 9.2608413, 51.0626299 ], [ 9.2600629, 51.0622676 ] ] } },
{ "type": "Feature", "properties": { "voltage_kv": "380 kV", "operator_show": "TenneT TSO", "name_show": "–" }, "geometry": { "type": "LineString", "coordinates": [ [ 9.256937, 51.0614874 ], [ 9.2580094, 51.0611496 ] ] } },
{ "type": "Feature", "properties": { "voltage_kv": "380 kV", "operator_show": "TenneT TSO", "name_show": "–" }, "geometry": { "type": "LineString", "coordinates": [ [ 9.256937, 51.0614874 ], [ 9.2580162, 51.0613198 ] ] } },
{ "type": "Feature", "properties": { "voltage_kv": "380 kV", "operator_show": "TenneT TSO GmbH", "name_show": "Leitung 3212;Leitung 3213" }, "geometry": { "type": "LineString", "coordinates": [ [ 9.2579732, 51.060161099999981 ], [ 9.2569079, 51.0602725 ] ] } },
{ "type": "Feature", "properties": { "voltage_kv": "380 kV", "operator_show": "TenneT TSO GmbH", "name_show": "Leitung 3212;Leitung 3213" }, "geometry": { "type": "LineString", "coordinates": [ [ 9.2579692, 51.0599719 ], [ 9.2569079, 51.0602725 ] ] } },
{ "type": "Feature", "properties": { "voltage_kv": "380 kV", "operator_show": "50Hertz Transmission", "name_show": "–" }, "geometry": { "type": "LineString", "coordinates": [ [ 9.2012961, 53.892765 ], [ 9.1998381, 53.894766299999986 ] ] } },
{ "type": "Feature", "properties": { "voltage_kv": "380 kV", "operator_show": "50Hertz Transmission", "name_show": "Ltg 424 Wessin" }, "geometry": { "type": "LineString", "coordinates": [ [ 12.1884143, 53.8170976 ], [ 12.189009, 53.817054 ] ] } },
{ "type": "Feature", "properties": { "voltage_kv": "380 kV", "operator_show": "50Hertz Transmission", "name_show": "Ltg 512 Siedenbrünzow" }, "geometry": { "type": "LineString", "coordinates": [ [ 12.1894703, 53.8158618 ], [ 12.1885828, 53.8159034 ] ] } },
{ "type": "Feature", "properties": { "voltage_kv": "380 kV; 110 kV", "operator_show": "50Hertz Transmission", "name_show": "Ltg 419 Krümmel - Görries und 420 Krümmel - Wessin" }, "geometry": { "type": "LineString", "coordinates": [ [ 10.4999855, 53.4251989 ], [ 10.5209746, 53.447585899999986 ], [ 10.5070512, 53.5146816 ] ] } },
{ "type": "Feature", "properties": { "voltage_kv": "380 kV; 220 kV", "operator_show": "–", "name_show": "–" }, "geometry": { "type": "LineString", "coordinates": [ [ 7.9433458, 47.5952826 ], [ 7.8988742, 47.6042316 ] ] } },
{ "type": "Feature", "properties": { "voltage_kv": "380 kV", "operator_show": "50Hertz Transmission", "name_show": "Ltg 459 und 460 Altenfeld - Redwitz" }, "geometry": { "type": "LineString", "coordinates": [ [ 10.9895822, 50.5721988 ], [ 11.030904, 50.360112399999984 ] ] } },
{ "type": "Feature", "properties": { "voltage_kv": "380 kV", "operator_show": "TransnetBW GmbH", "name_show": "–" }, "geometry": { "type": "LineString", "coordinates": [ [ 8.8705871, 48.308486799999983 ], [ 8.8716417, 48.3093667 ] ] } },
{ "type": "Feature", "properties": { "voltage_kv": "380 kV", "operator_show": "TransnetBW GmbH", "name_show": "–" }, "geometry": { "type": "LineString", "coordinates": [ [ 8.8714386, 48.3094396 ], [ 8.8705871, 48.308486799999983 ] ] } },
{ "type": "Feature", "properties": { "voltage_kv": "380 kV", "operator_show": "TenneT TSO", "name_show": "–" }, "geometry": { "type": "LineString", "coordinates": [ [ 9.7291338, 54.2882577 ], [ 9.769425, 54.250167500000011 ], [ 9.8015365, 54.1314145 ], [ 9.9684356, 53.939015 ], [ 9.9775224, 53.9090847 ], [ 9.941306, 53.881591599999986 ], [ 9.947758, 53.8553744 ], [ 9.9208847, 53.827922 ], [ 9.9471325, 53.7700822 ], [ 9.9822366, 53.752385099999977 ] ] } },
{ "type": "Feature", "properties": { "voltage_kv": "380 kV; 110 kV", "operator_show": "TenneT TSO;Schleswig-Holstein Netz", "name_show": "–" }, "geometry": { "type": "LineString", "coordinates": [ [ 9.1158902, 53.9528181 ], [ 9.1858631, 53.90862090000001 ] ] } },
{ "type": "Feature", "properties": { "voltage_kv": "380 kV", "operator_show": "50Hertz Transmission", "name_show": "Ltg 522 Ragow" }, "geometry": { "type": "LineString", "coordinates": [ [ 13.3083666, 52.2273255 ], [ 13.3071616, 52.2293482 ] ] } },
{ "type": "Feature", "properties": { "voltage_kv": "380 kV", "operator_show": "50Hertz Transmission", "name_show": "Ltg 500 Marke" }, "geometry": { "type": "LineString", "coordinates": [ [ 13.0584755, 51.7990278 ], [ 13.055846, 51.798168 ] ] } },
{ "type": "Feature", "properties": { "voltage_kv": "380 kV", "operator_show": "50Hertz Transmission", "name_show": "Ltg 450 Mecklar" }, "geometry": { "type": "LineString", "coordinates": [ [ 10.3870655, 51.002625299999984 ], [ 10.3869695, 51.003570199999984 ] ] } },
{ "type": "Feature", "properties": { "voltage_kv": "380 kV", "operator_show": "50Hertz Transmission", "name_show": "Ltg 454 Vieselbach" }, "geometry": { "type": "LineString", "coordinates": [ [ 10.387321, 51.002586899999983 ], [ 10.3869695, 51.003570199999984 ] ] } },
{ "type": "Feature", "properties": { "voltage_kv": "380 kV", "operator_show": "50Hertz Transmission", "name_show": "Ltg 513 Siedenbrünzow - Putlitz Süd und 514 Güstrow - Putlitz Süd" }, "geometry": { "type": "LineString", "coordinates": [ [ 12.6115772, 53.5855513 ], [ 12.525036, 53.532804 ], [ 12.444452, 53.527779 ], [ 12.3939524, 53.4900499 ], [ 12.4063358, 53.437785399999989 ], [ 12.34219, 53.3126561 ], [ 12.283058, 53.275859 ], [ 12.1103614, 53.2531409 ] ] } },
{ "type": "Feature", "properties": { "voltage_kv": "380 kV; 110 kV", "operator_show": "RWE", "name_show": "–" }, "geometry": { "type": "LineString", "coordinates": [ [ 6.133662, 50.979198499999988 ], [ 6.1238064, 51.008828 ] ] } },
{ "type": "Feature", "properties": { "voltage_kv": "380 kV", "operator_show": "TenneT TSO", "name_show": "–" }, "geometry": { "type": "LineString", "coordinates": [ [ 9.1149998, 53.957569199999988 ], [ 9.1158902, 53.9528181 ] ] } },
{ "type": "Feature", "properties": { "voltage_kv": "380 kV", "operator_show": "–", "name_show": "–" }, "geometry": { "type": "LineString", "coordinates": [ [ 11.3713057, 48.2914709 ], [ 11.3714515, 48.290335 ] ] } },
{ "type": "Feature", "properties": { "voltage_kv": "380 kV", "operator_show": "–", "name_show": "–" }, "geometry": { "type": "LineString", "coordinates": [ [ 11.3667283, 48.2904774 ], [ 11.3688814, 48.2916038 ] ] } },
{ "type": "Feature", "properties": { "voltage_kv": "380 kV", "operator_show": "–", "name_show": "–" }, "geometry": { "type": "LineString", "coordinates": [ [ 11.3667283, 48.2904774 ], [ 11.3686456, 48.291617 ] ] } },
{ "type": "Feature", "properties": { "voltage_kv": "380 kV; 110 kV", "operator_show": "TenneT TSO GmbH", "name_show": "–" }, "geometry": { "type": "LineString", "coordinates": [ [ 8.7034793, 51.7155715 ], [ 8.7014166, 51.734604899999987 ] ] } },
{ "type": "Feature", "properties": { "voltage_kv": "380 kV", "operator_show": "TenneT TSO GmbH", "name_show": "–" }, "geometry": { "type": "LineString", "coordinates": [ [ 9.5826254, 51.3345118 ], [ 9.5843235, 51.3310207 ] ] } },
{ "type": "Feature", "properties": { "voltage_kv": "380 kV", "operator_show": "TenneT TSO", "name_show": "–" }, "geometry": { "type": "LineString", "coordinates": [ [ 9.7286689, 54.286955299999981 ], [ 9.7285257, 54.286846400000016 ] ] } },
{ "type": "Feature", "properties": { "voltage_kv": "380 kV", "operator_show": "TenneT TSO", "name_show": "–" }, "geometry": { "type": "LineString", "coordinates": [ [ 9.7291338, 54.2882577 ], [ 9.7283109, 54.2869536 ] ] } },
{ "type": "Feature", "properties": { "voltage_kv": "380 kV", "operator_show": "TenneT TSO", "name_show": "–" }, "geometry": { "type": "LineString", "coordinates": [ [ 9.7291338, 54.2882577 ], [ 9.7287559, 54.2867518 ] ] } },
{ "type": "Feature", "properties": { "voltage_kv": "380 kV", "operator_show": "–", "name_show": "–" }, "geometry": { "type": "LineString", "coordinates": [ [ 7.9578613, 47.5982963 ], [ 7.9519306, 47.5964343 ] ] } },
{ "type": "Feature", "properties": { "voltage_kv": "380 kV", "operator_show": "–", "name_show": "–" }, "geometry": { "type": "LineString", "coordinates": [ [ 7.9569732, 47.5978392 ], [ 7.9578677, 47.5979529 ] ] } },
{ "type": "Feature", "properties": { "voltage_kv": "380 kV", "operator_show": "–", "name_show": "–" }, "geometry": { "type": "LineString", "coordinates": [ [ 7.9569732, 47.5978392 ], [ 7.9578646, 47.5981219 ] ] } },
{ "type": "Feature", "properties": { "voltage_kv": "380 kV", "operator_show": "–", "name_show": "–" }, "geometry": { "type": "LineString", "coordinates": [ [ 7.9597942, 47.5984796 ], [ 7.9640998, 47.5968971 ] ] } },
{ "type": "Feature", "properties": { "voltage_kv": "380 kV", "operator_show": "–", "name_show": "–" }, "geometry": { "type": "LineString", "coordinates": [ [ 7.9598185, 47.5978154 ], [ 7.9640998, 47.5968971 ] ] } },
{ "type": "Feature", "properties": { "voltage_kv": "380 kV", "operator_show": "–", "name_show": "–" }, "geometry": { "type": "LineString", "coordinates": [ [ 7.9598289, 47.5976379 ], [ 7.9663026, 47.594675 ] ] } },
{ "type": "Feature", "properties": { "voltage_kv": "380 kV", "operator_show": "–", "name_show": "–" }, "geometry": { "type": "LineString", "coordinates": [ [ 7.958124, 47.5962456 ], [ 7.9519306, 47.5964343 ] ] } },
{ "type": "Feature", "properties": { "voltage_kv": "380 kV", "operator_show": "–", "name_show": "–" }, "geometry": { "type": "LineString", "coordinates": [ [ 7.9598523, 47.595642 ], [ 7.9666633, 47.5950182 ] ] } },
{ "type": "Feature", "properties": { "voltage_kv": "380 kV", "operator_show": "–", "name_show": "–" }, "geometry": { "type": "LineString", "coordinates": [ [ 6.2142336, 50.914457399999989 ], [ 6.2140987, 50.9435798 ] ] } },
{ "type": "Feature", "properties": { "voltage_kv": "380 kV", "operator_show": "–", "name_show": "–" }, "geometry": { "type": "LineString", "coordinates": [ [ 6.2142336, 50.914457399999989 ], [ 6.214804, 50.913243799999989 ] ] } },
{ "type": "Feature", "properties": { "voltage_kv": "380 kV", "operator_show": "–", "name_show": "–" }, "geometry": { "type": "LineString", "coordinates": [ [ 8.5854366, 49.8163225 ], [ 8.5869044, 49.8168123 ] ] } },
{ "type": "Feature", "properties": { "voltage_kv": "380 kV", "operator_show": "–", "name_show": "–" }, "geometry": { "type": "LineString", "coordinates": [ [ 8.5834827, 49.8150292 ], [ 8.587139, 49.816353399999983 ] ] } },
{ "type": "Feature", "properties": { "voltage_kv": "380 kV", "operator_show": "–", "name_show": "–" }, "geometry": { "type": "LineString", "coordinates": [ [ 8.5872268, 49.8161984 ], [ 8.5860302, 49.8157772 ] ] } },
{ "type": "Feature", "properties": { "voltage_kv": "380 kV", "operator_show": "50Hertz Transmission", "name_show": "Tr 401" }, "geometry": { "type": "LineString", "coordinates": [ [ 13.3824676, 51.354791399999989 ], [ 13.3817117, 51.3557499 ] ] } },
{ "type": "Feature", "properties": { "voltage_kv": "380 kV", "operator_show": "50Hertz Transmission", "name_show": "Tr 402" }, "geometry": { "type": "LineString", "coordinates": [ [ 13.3827542, 51.3556727 ], [ 13.3818746, 51.356066 ] ] } },
{ "type": "Feature", "properties": { "voltage_kv": "380 kV", "operator_show": "50Hertz Transmission", "name_show": "Tr 403" }, "geometry": { "type": "LineString", "coordinates": [ [ 13.38287, 51.356024 ], [ 13.3819905, 51.3563967 ] ] } },
{ "type": "Feature", "properties": { "voltage_kv": "380 kV", "operator_show": "50Hertz Transmission", "name_show": "Ltg 572 Röhrsdorf" }, "geometry": { "type": "LineString", "coordinates": [ [ 13.3867403, 51.3534014 ], [ 13.3847546, 51.3533816 ] ] } },
{ "type": "Feature", "properties": { "voltage_kv": "380 kV", "operator_show": "50Hertz Transmission", "name_show": "Ltg 571 Röhrsdorf" }, "geometry": { "type": "LineString", "coordinates": [ [ 13.3848161, 51.3535565 ], [ 13.3867403, 51.3534014 ] ] } },
{ "type": "Feature", "properties": { "voltage_kv": "380 kV", "operator_show": "50Hertz Transmission", "name_show": "Ltg 558 Bärwalde" }, "geometry": { "type": "LineString", "coordinates": [ [ 13.3850011, 51.354083 ], [ 13.3869691, 51.354006 ] ] } },
{ "type": "Feature", "properties": { "voltage_kv": "380 kV", "operator_show": "50Hertz Transmission", "name_show": "Ltg 557 Bärwalde" }, "geometry": { "type": "LineString", "coordinates": [ [ 13.385063, 51.354259 ], [ 13.3869691, 51.354006 ] ] } },
{ "type": "Feature", "properties": { "voltage_kv": "380 kV", "operator_show": "50Hertz Transmission", "name_show": "Ltg ___ Altdöbern" }, "geometry": { "type": "LineString", "coordinates": [ [ 13.3851832, 51.3546009 ], [ 13.3871679, 51.35462 ] ] } },
{ "type": "Feature", "properties": { "voltage_kv": "380 kV", "operator_show": "50Hertz Transmission", "name_show": "Ltg 560 Preilack" }, "geometry": { "type": "LineString", "coordinates": [ [ 13.3852452, 51.3547774 ], [ 13.3871679, 51.35462 ] ] } },
{ "type": "Feature", "properties": { "voltage_kv": "380 kV", "operator_show": "50Hertz Transmission", "name_show": "Ltg 562 Ragow" }, "geometry": { "type": "LineString", "coordinates": [ [ 13.3853075, 51.3549545 ], [ 13.3872435, 51.355519399999984 ] ] } },
{ "type": "Feature", "properties": { "voltage_kv": "380 kV", "operator_show": "50Hertz Transmission", "name_show": "Ltg 561 Ragow" }, "geometry": { "type": "LineString", "coordinates": [ [ 13.3853693, 51.355130299999978 ], [ 13.3872435, 51.355519399999984 ] ] } },
{ "type": "Feature", "properties": { "voltage_kv": "380 kV", "operator_show": "50Hertz Transmission", "name_show": "Ltg 586 Eula" }, "geometry": { "type": "LineString", "coordinates": [ [ 13.3854923, 51.3554803 ], [ 13.3865642, 51.3557449 ] ] } },
{ "type": "Feature", "properties": { "voltage_kv": "380 kV", "operator_show": "50Hertz Transmission", "name_show": "Ltg 585 Eula" }, "geometry": { "type": "LineString", "coordinates": [ [ 13.3856157, 51.3558312 ], [ 13.3865642, 51.3557449 ] ] } },
{ "type": "Feature", "properties": { "voltage_kv": "380 kV", "operator_show": "TransnetBW GmbH", "name_show": "–" }, "geometry": { "type": "LineString", "coordinates": [ [ 9.4028979, 48.6660726 ], [ 9.4034293, 48.6677022 ] ] } },
{ "type": "Feature", "properties": { "voltage_kv": "380 kV", "operator_show": "TransnetBW GmbH", "name_show": "–" }, "geometry": { "type": "LineString", "coordinates": [ [ 9.4033968, 48.667140099999983 ], [ 9.4028979, 48.6660726 ] ] } },
{ "type": "Feature", "properties": { "voltage_kv": "380 kV", "operator_show": "TransnetBW GmbH", "name_show": "–" }, "geometry": { "type": "LineString", "coordinates": [ [ 9.405105, 48.6677377 ], [ 9.403554, 48.6670739 ] ] } },
{ "type": "Feature", "properties": { "voltage_kv": "380 kV", "operator_show": "–", "name_show": "–" }, "geometry": { "type": "LineString", "coordinates": [ [ 7.6188616, 51.637676299999981 ], [ 7.6188204, 51.637723399999985 ] ] } },
{ "type": "Feature", "properties": { "voltage_kv": "380 kV", "operator_show": "50Hertz Transmission", "name_show": "Ltg 476 Lubmin - Altentreptow Süd" }, "geometry": { "type": "LineString", "coordinates": [ [ 13.3177613, 53.7376018 ], [ 13.3160534, 53.7366505 ] ] } },
{ "type": "Feature", "properties": { "voltage_kv": "380 kV", "operator_show": "50Hertz Transmission", "name_show": "Ltg 476 Lubmin - Altentreptow Süd und Ltg 477 Altentreptow Nord - Altentreptow Süd" }, "geometry": { "type": "LineString", "coordinates": [ [ 13.3160534, 53.7366505 ], [ 13.2279677, 53.63933669999998 ], [ 13.1778685, 53.6250235 ] ] } },
{ "type": "Feature", "properties": { "voltage_kv": "380 kV", "operator_show": "50Hertz Transmission", "name_show": "Ltg 477 Altentreptow Süd" }, "geometry": { "type": "LineString", "coordinates": [ [ 13.3179206, 53.7371009 ], [ 13.3160534, 53.7366505 ] ] } },
{ "type": "Feature", "properties": { "voltage_kv": "380 kV", "operator_show": "RWE", "name_show": "Büscherhof West+Kusenhorst" }, "geometry": { "type": "LineString", "coordinates": [ [ 6.9915924, 51.5136121 ], [ 6.9924631, 51.511705299999981 ] ] } },
{ "type": "Feature", "properties": { "voltage_kv": "380 kV", "operator_show": "50Hertz Transmission", "name_show": "Ltg 444 Neuenhagen" }, "geometry": { "type": "LineString", "coordinates": [ [ 14.1339159, 52.4421628 ], [ 14.1330164, 52.4405759 ] ] } },
{ "type": "Feature", "properties": { "voltage_kv": "380 kV", "operator_show": "50Hertz Transmission", "name_show": "Ltg 548 Preilack / Eisenhüttenstadt" }, "geometry": { "type": "LineString", "coordinates": [ [ 14.134217, 52.4424713 ], [ 14.1357167, 52.4417992 ] ] } },
{ "type": "Feature", "properties": { "voltage_kv": "380 kV", "operator_show": "TenneT TSO", "name_show": "–" }, "geometry": { "type": "LineString", "coordinates": [ [ 9.9814205, 53.7427202 ], [ 9.9835005, 53.742930699999988 ] ] } },
{ "type": "Feature", "properties": { "voltage_kv": "380 kV", "operator_show": "TenneT TSO", "name_show": "–" }, "geometry": { "type": "LineString", "coordinates": [ [ 9.9814205, 53.7427202 ], [ 9.983574, 53.7430979 ] ] } },
{ "type": "Feature", "properties": { "voltage_kv": "380 kV", "operator_show": "TenneT TSO", "name_show": "–" }, "geometry": { "type": "LineString", "coordinates": [ [ 9.1858631, 53.90862090000001 ], [ 9.2242316, 53.9079158 ], [ 9.2046467, 53.8970145 ] ] } },
{ "type": "Feature", "properties": { "voltage_kv": "380 kV", "operator_show": "TenneT TSO GmbH", "name_show": "–" }, "geometry": { "type": "LineString", "coordinates": [ [ 9.9794258, 53.7447906 ], [ 9.9782625, 53.74299520000001 ] ] } },
{ "type": "Feature", "properties": { "voltage_kv": "380 kV; 220 kV; 110 kV", "operator_show": "TenneT TSO", "name_show": "–" }, "geometry": { "type": "LineString", "coordinates": [ [ 9.9794258, 53.7447906 ], [ 9.9822366, 53.752385099999977 ] ] } },
{ "type": "Feature", "properties": { "voltage_kv": "380 kV", "operator_show": "50Hertz Transmission", "name_show": "Ltg 592 Freiberg Nord" }, "geometry": { "type": "LineString", "coordinates": [ [ 13.8438935, 50.98984870000001 ], [ 13.8433732, 50.9893796 ] ] } },
{ "type": "Feature", "properties": { "voltage_kv": "380 kV", "operator_show": "50Hertz Transmission", "name_show": "Ltg 556 Schmölln" }, "geometry": { "type": "LineString", "coordinates": [ [ 13.8429921, 50.9903735 ], [ 13.8421995, 50.99029 ] ] } },
{ "type": "Feature", "properties": { "voltage_kv": "380 kV", "operator_show": "50Hertz Transmission", "name_show": "Ltg 555 und 556 Schmölln - Dresden Süd" }, "geometry": { "type": "LineString", "coordinates": [ [ 14.2172644, 51.1198304 ], [ 14.1874672, 51.075914299999987 ], [ 14.1012549, 51.0751597 ], [ 14.0711114, 51.052679099999978 ], [ 13.9717266, 51.0473773 ], [ 13.9552768, 51.0022638 ], [ 13.8564863, 50.988450199999988 ] ] } },
{ "type": "Feature", "properties": { "voltage_kv": "380 kV", "operator_show": "50Hertz Transmission", "name_show": "Ltg 547 Preilack - Eisenhüttenstadt - Neuenhagen" }, "geometry": { "type": "LineString", "coordinates": [ [ 14.1357167, 52.4417992 ], [ 14.1330164, 52.4405759 ] ] } },
{ "type": "Feature", "properties": { "voltage_kv": "380 kV", "operator_show": "50Hertz Transmission", "name_show": "Ltg 444 Heinersdorf - Neuenhagen und Ltg 547 Preilack - Eisenhüttenstadt - Neuenhagen" }, "geometry": { "type": "LineString", "coordinates": [ [ 14.1330164, 52.4405759 ], [ 14.0861465, 52.4191325 ], [ 14.0223314, 52.4207388 ], [ 13.9550891, 52.4704925 ], [ 13.9493101, 52.5441687 ], [ 13.8402905, 52.5653354 ], [ 13.7462796, 52.5571342 ], [ 13.7147842, 52.5382688 ] ] } },
{ "type": "Feature", "properties": { "voltage_kv": "380 kV", "operator_show": "TenneT TSO GmbH", "name_show": "–" }, "geometry": { "type": "LineString", "coordinates": [ [ 9.9782625, 53.74299520000001 ], [ 9.9814205, 53.7427202 ] ] } },
{ "type": "Feature", "properties": { "voltage_kv": "380 kV", "operator_show": "–", "name_show": "–" }, "geometry": { "type": "LineString", "coordinates": [ [ 10.1454428, 49.9816139 ], [ 10.1486005, 49.9811197 ] ] } },
{ "type": "Feature", "properties": { "voltage_kv": "380 kV", "operator_show": "–", "name_show": "–" }, "geometry": { "type": "LineString", "coordinates": [ [ 10.1582182, 49.9858244 ], [ 10.1522423, 49.9803175 ] ] } },
{ "type": "Feature", "properties": { "voltage_kv": "380 kV", "operator_show": "TenneT TSO GmbH", "name_show": "–" }, "geometry": { "type": "LineString", "coordinates": [ [ 9.9277191, 51.8811787 ], [ 9.9116309, 51.8647039 ], [ 9.825114, 51.8660303 ], [ 9.8370016, 51.8400003 ] ] } },
{ "type": "Feature", "properties": { "voltage_kv": "380 kV", "operator_show": "TenneT TSO GmbH", "name_show": "–" }, "geometry": { "type": "LineString", "coordinates": [ [ 9.995589, 51.969716 ], [ 9.992235, 51.956257 ] ] } },
{ "type": "Feature", "properties": { "voltage_kv": "380 kV; 110 kV", "operator_show": "TenneT TSO GmbH;DB Energie GmbH", "name_show": "–" }, "geometry": { "type": "LineString", "coordinates": [ [ 9.982829, 51.98598 ], [ 9.995589, 51.969716 ] ] } },
{ "type": "Feature", "properties": { "voltage_kv": "380 kV; 110 kV", "operator_show": "TenneT TSO GmbH;Avacon Netz GmbH", "name_show": "–" }, "geometry": { "type": "LineString", "coordinates": [ [ 10.124956, 52.020719 ], [ 10.108525, 52.025766 ] ] } },
{ "type": "Feature", "properties": { "voltage_kv": "380 kV", "operator_show": "TenneT TSO GmbH", "name_show": "–" }, "geometry": { "type": "LineString", "coordinates": [ [ 10.1939598, 52.0783766 ], [ 10.174395, 52.036448 ] ] } },
{ "type": "Feature", "properties": { "voltage_kv": "380 kV", "operator_show": "TenneT TSO", "name_show": "–" }, "geometry": { "type": "LineString", "coordinates": [ [ 10.2556292, 52.1704791 ], [ 10.2511857, 52.169312899999987 ] ] } },
{ "type": "Feature", "properties": { "voltage_kv": "380 kV; 220 kV", "operator_show": "TenneT TSO", "name_show": "–" }, "geometry": { "type": "LineString", "coordinates": [ [ 10.247831, 52.187619 ], [ 10.2573992, 52.171624199999982 ] ] } },
{ "type": "Feature", "properties": { "voltage_kv": "380 kV", "operator_show": "TenneT TSO", "name_show": "–" }, "geometry": { "type": "LineString", "coordinates": [ [ 10.362842, 52.284675 ], [ 10.347369, 52.23808 ], [ 10.274176, 52.23464 ], [ 10.247831, 52.187619 ] ] } },
{ "type": "Feature", "properties": { "voltage_kv": "380 kV", "operator_show": "TenneT TSO GmbH", "name_show": "–" }, "geometry": { "type": "LineString", "coordinates": [ [ 10.108525, 52.025766 ], [ 10.079456, 52.017063 ] ] } },
{ "type": "Feature", "properties": { "voltage_kv": "380 kV", "operator_show": "–", "name_show": "–" }, "geometry": { "type": "LineString", "coordinates": [ [ 8.0663247, 50.4064586 ], [ 8.0663761, 50.4064961 ] ] } },
{ "type": "Feature", "properties": { "voltage_kv": "380 kV", "operator_show": "–", "name_show": "–" }, "geometry": { "type": "LineString", "coordinates": [ [ 8.0658737, 50.4064196 ], [ 8.0657807, 50.406449099999989 ] ] } },
{ "type": "Feature", "properties": { "voltage_kv": "380 kV", "operator_show": "–", "name_show": "–" }, "geometry": { "type": "LineString", "coordinates": [ [ 8.0654518, 50.4064077 ], [ 8.0653623, 50.4064141 ] ] } },
{ "type": "Feature", "properties": { "voltage_kv": "380 kV", "operator_show": "–", "name_show": "–" }, "geometry": { "type": "LineString", "coordinates": [ [ 8.0653623, 50.4064141 ], [ 8.0653027, 50.4064794 ] ] } },
{ "type": "Feature", "properties": { "voltage_kv": "380 kV", "operator_show": "–", "name_show": "–" }, "geometry": { "type": "LineString", "coordinates": [ [ 8.0657807, 50.406449099999989 ], [ 8.0658056, 50.4065127 ] ] } },
{ "type": "Feature", "properties": { "voltage_kv": "380 kV", "operator_show": "–", "name_show": "–" }, "geometry": { "type": "LineString", "coordinates": [ [ 8.0663761, 50.4064961 ], [ 8.0663179, 50.4065495 ] ] } },
{ "type": "Feature", "properties": { "voltage_kv": "380 kV", "operator_show": "–", "name_show": "–" }, "geometry": { "type": "LineString", "coordinates": [ [ 8.0663357, 50.4063538 ], [ 8.0664003, 50.4063773 ] ] } },
{ "type": "Feature", "properties": { "voltage_kv": "380 kV", "operator_show": "–", "name_show": "–" }, "geometry": { "type": "LineString", "coordinates": [ [ 8.0663406, 50.4063076 ], [ 8.0663979, 50.406303599999987 ] ] } },
{ "type": "Feature", "properties": { "voltage_kv": "380 kV", "operator_show": "–", "name_show": "–" }, "geometry": { "type": "LineString", "coordinates": [ [ 8.0659496, 50.4063166 ], [ 8.0660275, 50.4063517 ] ] } },
{ "type": "Feature", "properties": { "voltage_kv": "380 kV", "operator_show": "–", "name_show": "–" }, "geometry": { "type": "LineString", "coordinates": [ [ 8.0659792, 50.4062765 ], [ 8.0660717, 50.4062786 ] ] } },
{ "type": "Feature", "properties": { "voltage_kv": "380 kV", "operator_show": "–", "name_show": "–" }, "geometry": { "type": "LineString", "coordinates": [ [ 8.065543, 50.4062542 ], [ 8.0656429, 50.4062567 ] ] } },
{ "type": "Feature", "properties": { "voltage_kv": "380 kV", "operator_show": "–", "name_show": "–" }, "geometry": { "type": "LineString", "coordinates": [ [ 8.0655095, 50.4063105 ], [ 8.065601, 50.4063209 ] ] } },
{ "type": "Feature", "properties": { "voltage_kv": "380 kV", "operator_show": "–", "name_show": "–" }, "geometry": { "type": "LineString", "coordinates": [ [ 8.0663198, 50.4065055 ], [ 8.0663515, 50.4062034 ] ] } },
{ "type": "Feature", "properties": { "voltage_kv": "380 kV", "operator_show": "–", "name_show": "–" }, "geometry": { "type": "LineString", "coordinates": [ [ 8.0658343, 50.406473 ], [ 8.0660402, 50.4061924 ] ] } },
{ "type": "Feature", "properties": { "voltage_kv": "380 kV", "operator_show": "–", "name_show": "–" }, "geometry": { "type": "LineString", "coordinates": [ [ 8.0654294, 50.4064455 ], [ 8.0655892, 50.406176399999985 ] ] } },
{ "type": "Feature", "properties": { "voltage_kv": "380 kV", "operator_show": "–", "name_show": "–" }, "geometry": { "type": "LineString", "coordinates": [ [ 8.0668981, 50.4064338 ], [ 8.0669126, 50.4063196 ] ] } },
{ "type": "Feature", "properties": { "voltage_kv": "380 kV", "operator_show": "–", "name_show": "–" }, "geometry": { "type": "LineString", "coordinates": [ [ 8.0669126, 50.4063196 ], [ 8.0669299, 50.406224 ] ] } },
{ "type": "Feature", "properties": { "voltage_kv": "380 kV", "operator_show": "–", "name_show": "–" }, "geometry": { "type": "LineString", "coordinates": [ [ 8.066849, 50.4065905 ], [ 8.0668981, 50.4064338 ] ] } },
{ "type": "Feature", "properties": { "voltage_kv": "380 kV; 110 kV", "operator_show": "Amprion;Westnetz", "name_show": "–" }, "geometry": { "type": "LineString", "coordinates": [ [ 7.5028644, 50.9782952 ], [ 7.5410106, 50.9719763 ] ] } },
{ "type": "Feature", "properties": { "voltage_kv": "380 kV", "operator_show": "Amprion", "name_show": "–" }, "geometry": { "type": "LineString", "coordinates": [ [ 7.4523968, 51.0581374 ], [ 7.4550344, 51.0552152 ] ] } },
{ "type": "Feature", "properties": { "voltage_kv": "380 kV; 110 kV", "operator_show": "Amprion;Westnetz", "name_show": "–" }, "geometry": { "type": "LineString", "coordinates": [ [ 7.3075413, 51.17046 ], [ 7.2429712, 51.2274331 ] ] } },
{ "type": "Feature", "properties": { "voltage_kv": "380 kV; 110 kV", "operator_show": "Amprion;Westnetz", "name_show": "–" }, "geometry": { "type": "LineString", "coordinates": [ [ 7.4550344, 51.0552152 ], [ 7.5014517, 50.981201099999986 ] ] } },
{ "type": "Feature", "properties": { "voltage_kv": "380 kV", "operator_show": "Amprion", "name_show": "–" }, "geometry": { "type": "LineString", "coordinates": [ [ 7.5014517, 50.981201099999986 ], [ 7.5028644, 50.9782952 ] ] } },
{ "type": "Feature", "properties": { "voltage_kv": "380 kV", "operator_show": "Amprion", "name_show": "–" }, "geometry": { "type": "LineString", "coordinates": [ [ 8.2923428, 49.5227263 ], [ 8.2935915, 49.5242944 ] ] } },
{ "type": "Feature", "properties": { "voltage_kv": "380 kV", "operator_show": "–", "name_show": "–" }, "geometry": { "type": "LineString", "coordinates": [ [ 8.2914412, 49.528176299999984 ], [ 8.2954763, 49.5264761 ] ] } },
{ "type": "Feature", "properties": { "voltage_kv": "380 kV", "operator_show": "Amprion", "name_show": "–" }, "geometry": { "type": "LineString", "coordinates": [ [ 8.2923428, 49.5227263 ], [ 8.2943344, 49.5241917 ] ] } },
{ "type": "Feature", "properties": { "voltage_kv": "380 kV", "operator_show": "–", "name_show": "–" }, "geometry": { "type": "LineString", "coordinates": [ [ 8.295656, 49.529997 ], [ 8.2963584, 49.5263582 ] ] } },
{ "type": "Feature", "properties": { "voltage_kv": "380 kV", "operator_show": "Amprion", "name_show": "–" }, "geometry": { "type": "LineString", "coordinates": [ [ 8.2923428, 49.5227263 ], [ 8.2950674, 49.5240904 ] ] } },
{ "type": "Feature", "properties": { "voltage_kv": "380 kV", "operator_show": "–", "name_show": "–" }, "geometry": { "type": "LineString", "coordinates": [ [ 6.9701695, 50.7956981 ], [ 6.9691455, 50.7964554 ] ] } },
{ "type": "Feature", "properties": { "voltage_kv": "380 kV; 220 kV", "operator_show": "–", "name_show": "–" }, "geometry": { "type": "LineString", "coordinates": [ [ 6.9271776, 50.8381764 ], [ 6.9710747, 50.7976979 ] ] } },
{ "type": "Feature", "properties": { "voltage_kv": "380 kV", "operator_show": "50Hertz Transmission", "name_show": "Ltg 536 Klostermansfeld" }, "geometry": { "type": "LineString", "coordinates": [ [ 11.639331, 52.2694172 ], [ 11.6376034, 52.269618200000011 ] ] } },
{ "type": "Feature", "properties": { "voltage_kv": "380 kV", "operator_show": "50Hertz Transmission", "name_show": "Ltg ___ Klostermansfeld" }, "geometry": { "type": "LineString", "coordinates": [ [ 11.6392053, 52.2697425 ], [ 11.6376034, 52.269618200000011 ] ] } },
{ "type": "Feature", "properties": { "voltage_kv": "380 kV", "operator_show": "50Hertz Transmission", "name_show": "Ltg 489 Stendal West" }, "geometry": { "type": "LineString", "coordinates": [ [ 11.6413137, 52.2688457 ], [ 11.642767, 52.2693126 ] ] } },
{ "type": "Feature", "properties": { "voltage_kv": "380 kV", "operator_show": "50Hertz Transmission", "name_show": "Tr" }, "geometry": { "type": "LineString", "coordinates": [ [ 11.6394765, 52.268929300000011 ], [ 11.6381823, 52.2685348 ] ] } },
{ "type": "Feature", "properties": { "voltage_kv": "380 kV", "operator_show": "50Hertz Transmission", "name_show": "Ltg 438 Förderstedt" }, "geometry": { "type": "LineString", "coordinates": [ [ 11.6419968, 52.2670302 ], [ 11.643498, 52.2674973 ] ] } },
{ "type": "Feature", "properties": { "voltage_kv": "380 kV", "operator_show": "50Hertz Transmission", "name_show": "Ltg 437 Förderstedt" }, "geometry": { "type": "LineString", "coordinates": [ [ 11.6419368, 52.2671926 ], [ 11.643498, 52.2674973 ] ] } },
{ "type": "Feature", "properties": { "voltage_kv": "380 kV", "operator_show": "50Hertz Transmission", "name_show": "Ltg 488 Stendal West" }, "geometry": { "type": "LineString", "coordinates": [ [ 11.6414471, 52.2684868 ], [ 11.6430146, 52.268622099999988 ] ] } },
{ "type": "Feature", "properties": { "voltage_kv": "380 kV", "operator_show": "50Hertz Transmission", "name_show": "Ltg 490 Stendal West" }, "geometry": { "type": "LineString", "coordinates": [ [ 11.6412513, 52.269007 ], [ 11.642767, 52.2693126 ] ] } },
{ "type": "Feature", "properties": { "voltage_kv": "380 kV", "operator_show": "50Hertz Transmission", "name_show": "Ltg 517 und 518" }, "geometry": { "type": "LineString", "coordinates": [ [ 13.2662777, 52.9934248 ], [ 13.258481, 52.915569 ], [ 13.282374, 52.894459 ], [ 13.263974, 52.871229 ], [ 13.3555304, 52.756298 ], [ 13.3540713, 52.6913882 ], [ 13.4764209, 52.6296306 ] ] } },
{ "type": "Feature", "properties": { "voltage_kv": "380 kV", "operator_show": "50Hertz", "name_show": "–" }, "geometry": { "type": "LineString", "coordinates": [ [ 13.2661199, 52.9946339 ], [ 13.2647757, 52.9944574 ] ] } },
{ "type": "Feature", "properties": { "voltage_kv": "380 kV", "operator_show": "TenneT TSO", "name_show": "–" }, "geometry": { "type": "LineString", "coordinates": [ [ 9.1083928, 53.971851599999987 ], [ 9.109456, 53.97064 ] ] } },
{ "type": "Feature", "properties": { "voltage_kv": "380 kV; 110 kV", "operator_show": "TenneT TSO;Schleswig-Holstein Netz", "name_show": "–" }, "geometry": { "type": "LineString", "coordinates": [ [ 9.109456, 53.97064 ], [ 9.1149998, 53.957569199999988 ] ] } },
{ "type": "Feature", "properties": { "voltage_kv": "380 kV", "operator_show": "TenneT TSO", "name_show": "–" }, "geometry": { "type": "LineString", "coordinates": [ [ 9.109456, 53.97064 ], [ 9.1089238, 53.9719837 ] ] } },
{ "type": "Feature", "properties": { "voltage_kv": "380 kV", "operator_show": "RWE", "name_show": "–" }, "geometry": { "type": "LineString", "coordinates": [ [ 6.680463, 51.6475998 ], [ 6.6804305, 51.6489364 ] ] } },
{ "type": "Feature", "properties": { "voltage_kv": "380 kV", "operator_show": "–", "name_show": "–" }, "geometry": { "type": "LineString", "coordinates": [ [ 6.6810731, 51.6474677 ], [ 6.6804305, 51.6489364 ] ] } },
{ "type": "Feature", "properties": { "voltage_kv": "380 kV", "operator_show": "–", "name_show": "–" }, "geometry": { "type": "LineString", "coordinates": [ [ 6.6819446, 51.6490772 ], [ 6.6822257, 51.6475704 ] ] } },
{ "type": "Feature", "properties": { "voltage_kv": "380 kV; 220 kV", "operator_show": "Amprion", "name_show": "380 kV Berggeist West;220 kV Nette Ost" }, "geometry": { "type": "LineString", "coordinates": [ [ 7.0315108, 50.7499537 ], [ 7.0283486, 50.752546399999986 ] ] } },
{ "type": "Feature", "properties": { "voltage_kv": "380 kV", "operator_show": "50Hertz Transmission", "name_show": "Ltg 502 Ragow" }, "geometry": { "type": "LineString", "coordinates": [ [ 13.0596146, 51.8005989 ], [ 13.0622297, 51.8006544 ] ] } },
{ "type": "Feature", "properties": { "voltage_kv": "380 kV", "operator_show": "50Hertz Transmission", "name_show": "Ltg 503 Schönewalde" }, "geometry": { "type": "LineString", "coordinates": [ [ 13.0598827, 51.799916 ], [ 13.0622297, 51.8006544 ] ] } },
{ "type": "Feature", "properties": { "voltage_kv": "380 kV", "operator_show": "50Hertz Transmission", "name_show": "Ltg 499 Jessen Nord - Lauchstädt und Ltg 500 Jessen Nord - Marke" }, "geometry": { "type": "LineString", "coordinates": [ [ 13.0500911, 51.7881786 ], [ 12.9282884, 51.7301959 ], [ 12.9020181, 51.6972281 ], [ 12.7758333, 51.6253169 ], [ 12.646261, 51.5875936 ], [ 12.5508429, 51.5280822 ], [ 12.4162948, 51.5225007 ], [ 12.3681153, 51.5448166 ], [ 12.3153209, 51.5479198 ], [ 12.2240801, 51.5147958 ], [ 12.122374, 51.5127726 ] ] } },
{ "type": "Feature", "properties": { "voltage_kv": "380 kV", "operator_show": "50Hertz Transmission", "name_show": "Ltg 499 Lauchstädt" }, "geometry": { "type": "LineString", "coordinates": [ [ 13.058598, 51.798702799999973 ], [ 13.055846, 51.798168 ] ] } },
{ "type": "Feature", "properties": { "voltage_kv": "380 kV", "operator_show": "50Hertz Transmission", "name_show": "Ltg 531 Ragow - Jessen Nord und 533 Jessen Nord - Förderstedt" }, "geometry": { "type": "LineString", "coordinates": [ [ 13.055409, 51.8007221 ], [ 13.0304176, 51.8042891 ] ] } },
{ "type": "Feature", "properties": { "voltage_kv": "380 kV", "operator_show": "RWE", "name_show": "380kV Mengede Nord" }, "geometry": { "type": "LineString", "coordinates": [ [ 7.4024883, 51.6444614 ], [ 7.4034255, 51.64526930000001 ] ] } },
{ "type": "Feature", "properties": { "voltage_kv": "380 kV", "operator_show": "RWE", "name_show": "380kV Mengede Nord" }, "geometry": { "type": "LineString", "coordinates": [ [ 7.4034255, 51.64526930000001 ], [ 7.4048954, 51.6455339 ] ] } },
{ "type": "Feature", "properties": { "voltage_kv": "400 kV", "operator_show": "–", "name_show": "–" }, "geometry": { "type": "LineString", "coordinates": [ [ 11.2236791, 53.8813259 ], [ 11.229571, 53.8830935 ] ] } },
{ "type": "Feature", "properties": { "voltage_kv": "380 kV", "operator_show": "Amprion", "name_show": "–" }, "geometry": { "type": "LineString", "coordinates": [ [ 6.7130751, 51.5263499 ], [ 6.7115912, 51.5262861 ] ] } },
{ "type": "Feature", "properties": { "voltage_kv": "400 kV", "operator_show": "–", "name_show": "–" }, "geometry": { "type": "LineString", "coordinates": [ [ 13.1065372, 53.5124907 ], [ 13.1048374, 53.5095044 ] ] } },
{ "type": "Feature", "properties": { "voltage_kv": "400 kV", "operator_show": "–", "name_show": "–" }, "geometry": { "type": "LineString", "coordinates": [ [ 13.9376056, 53.702580199999986 ], [ 13.9372848, 53.701837199999986 ] ] } },
{ "type": "Feature", "properties": { "voltage_kv": "380 kV; 110 kV", "operator_show": "–", "name_show": "–" }, "geometry": { "type": "LineString", "coordinates": [ [ 9.7460612, 54.2934365 ], [ 9.7622984, 54.29703 ], [ 9.7397905, 54.3229571 ] ] } },
{ "type": "Feature", "properties": { "voltage_kv": "380 kV", "operator_show": "–", "name_show": "–" }, "geometry": { "type": "LineString", "coordinates": [ [ 8.7749932, 49.9715437 ], [ 8.7737102, 49.9728556 ] ] } },
{ "type": "Feature", "properties": { "voltage_kv": "380 kV", "operator_show": "–", "name_show": "–" }, "geometry": { "type": "LineString", "coordinates": [ [ 8.7749932, 49.9715437 ], [ 8.7737748, 49.973039 ] ] } },
{ "type": "Feature", "properties": { "voltage_kv": "380 kV", "operator_show": "–", "name_show": "–" }, "geometry": { "type": "LineString", "coordinates": [ [ 8.7717654, 49.9741054 ], [ 8.7718225, 49.9740953 ] ] } },
{ "type": "Feature", "properties": { "voltage_kv": "380 kV", "operator_show": "–", "name_show": "–" }, "geometry": { "type": "LineString", "coordinates": [ [ 8.7718385, 49.9742992 ], [ 8.771892, 49.9742894 ] ] } },
{ "type": "Feature", "properties": { "voltage_kv": "380 kV", "operator_show": "–", "name_show": "–" }, "geometry": { "type": "LineString", "coordinates": [ [ 8.7723271, 49.9744178 ], [ 8.772449, 49.9742231 ] ] } },
{ "type": "Feature", "properties": { "voltage_kv": "380 kV", "operator_show": "–", "name_show": "–" }, "geometry": { "type": "LineString", "coordinates": [ [ 8.7722423, 49.9742221 ], [ 8.772449, 49.9742231 ] ] } },
{ "type": "Feature", "properties": { "voltage_kv": "380 kV", "operator_show": "–", "name_show": "–" }, "geometry": { "type": "LineString", "coordinates": [ [ 8.772175, 49.9740358 ], [ 8.772449, 49.9742231 ] ] } },
{ "type": "Feature", "properties": { "voltage_kv": "380 kV", "operator_show": "–", "name_show": "–" }, "geometry": { "type": "LineString", "coordinates": [ [ 8.771892, 49.9742894 ], [ 8.7719117, 49.974498699999984 ] ] } },
{ "type": "Feature", "properties": { "voltage_kv": "380 kV", "operator_show": "–", "name_show": "–" }, "geometry": { "type": "LineString", "coordinates": [ [ 8.7718225, 49.9740953 ], [ 8.771892, 49.9742894 ] ] } },
{ "type": "Feature", "properties": { "voltage_kv": "380 kV; 220 kV", "operator_show": "–", "name_show": "–" }, "geometry": { "type": "LineString", "coordinates": [ [ 10.2101214, 47.9368767 ], [ 10.2050832, 47.937087 ] ] } },
{ "type": "Feature", "properties": { "voltage_kv": "380 kV", "operator_show": "TenneT TSO", "name_show": "303" }, "geometry": { "type": "LineString", "coordinates": [ [ 9.7237416, 54.286864499999986 ], [ 9.7247856, 54.2884771 ] ] } },
{ "type": "Feature", "properties": { "voltage_kv": "380 kV", "operator_show": "TenneT TSO", "name_show": "303" }, "geometry": { "type": "LineString", "coordinates": [ [ 9.7237416, 54.286864499999986 ], [ 9.7252514, 54.288270700000012 ] ] } },
{ "type": "Feature", "properties": { "voltage_kv": "380 kV", "operator_show": "–", "name_show": "–" }, "geometry": { "type": "LineString", "coordinates": [ [ 9.0927215, 49.2927252 ], [ 9.0924456, 49.2940748 ] ] } },
{ "type": "Feature", "properties": { "voltage_kv": "380 kV", "operator_show": "Amprion", "name_show": "–" }, "geometry": { "type": "LineString", "coordinates": [ [ 8.5869251, 50.135291299999984 ], [ 8.5907979, 50.1373778 ] ] } },
{ "type": "Feature", "properties": { "voltage_kv": "380 kV", "operator_show": "Amprion", "name_show": "–" }, "geometry": { "type": "LineString", "coordinates": [ [ 8.4713139, 50.0982103 ], [ 8.4851705, 50.0984446 ] ] } },
{ "type": "Feature", "properties": { "voltage_kv": "380 kV", "operator_show": "Amprion", "name_show": "380 kV Trebur Nord" }, "geometry": { "type": "LineString", "coordinates": [ [ 8.4707245, 50.0965825 ], [ 8.471747, 50.094984099999984 ] ] } },
{ "type": "Feature", "properties": { "voltage_kv": "380 kV", "operator_show": "Amprion", "name_show": "380kV Trebur Süd" }, "geometry": { "type": "LineString", "coordinates": [ [ 8.4705105, 50.096487599999968 ], [ 8.471747, 50.094984099999984 ] ] } },
{ "type": "Feature", "properties": { "voltage_kv": "380 kV", "operator_show": "Amprion", "name_show": "380 kV Hessen Ost" }, "geometry": { "type": "LineString", "coordinates": [ [ 8.4703093, 50.0963718 ], [ 8.471747, 50.094984099999984 ] ] } },
{ "type": "Feature", "properties": { "voltage_kv": "380 kV", "operator_show": "TenneT", "name_show": "–" }, "geometry": { "type": "LineString", "coordinates": [ [ 9.506338, 53.542813699999975 ], [ 9.5025694, 53.542401799999979 ] ] } },
{ "type": "Feature", "properties": { "voltage_kv": "380 kV", "operator_show": "TenneT", "name_show": "–" }, "geometry": { "type": "LineString", "coordinates": [ [ 9.506338, 53.542813699999975 ], [ 9.5025563, 53.5427275 ] ] } },
{ "type": "Feature", "properties": { "voltage_kv": "380 kV", "operator_show": "TenneT", "name_show": "307" }, "geometry": { "type": "LineString", "coordinates": [ [ 9.6379897, 53.6426478 ], [ 9.6354017, 53.635655499999977 ] ] } },
{ "type": "Feature", "properties": { "voltage_kv": "380 kV", "operator_show": "RWE", "name_show": "380kV Trebur Nord" }, "geometry": { "type": "LineString", "coordinates": [ [ 8.5182763, 50.0495275 ], [ 8.5197553, 50.0494695 ] ] } },
{ "type": "Feature", "properties": { "voltage_kv": "380 kV", "operator_show": "–", "name_show": "–" }, "geometry": { "type": "LineString", "coordinates": [ [ 10.4110988, 53.413437599999988 ], [ 10.4084354, 53.4113928 ] ] } },
{ "type": "Feature", "properties": { "voltage_kv": "380 kV", "operator_show": "–", "name_show": "–" }, "geometry": { "type": "LineString", "coordinates": [ [ 10.4115192, 53.4132373 ], [ 10.4086822, 53.4112745 ] ] } },
{ "type": "Feature", "properties": { "voltage_kv": "380 kV", "operator_show": "TenneT TSO GmbH", "name_show": "–" }, "geometry": { "type": "LineString", "coordinates": [ [ 10.4183025, 53.4115575 ], [ 10.4150462, 53.410445499999987 ] ] } },
{ "type": "Feature", "properties": { "voltage_kv": "380 kV", "operator_show": "TenneT TSO GmbH", "name_show": "–" }, "geometry": { "type": "LineString", "coordinates": [ [ 10.4172417, 53.4110287 ], [ 10.4150462, 53.410445499999987 ] ] } },
{ "type": "Feature", "properties": { "voltage_kv": "380 kV", "operator_show": "50Hertz Transmission", "name_show": "Ltg 992 Hamburg Ost" }, "geometry": { "type": "LineString", "coordinates": [ [ 10.4130983, 53.414145499999975 ], [ 10.4140774, 53.4150909 ] ] } },
{ "type": "Feature", "properties": { "voltage_kv": "380 kV", "operator_show": "50Hertz Transmission", "name_show": "Ltg 991 Hamburg Ost" }, "geometry": { "type": "LineString", "coordinates": [ [ 10.4126768, 53.414348 ], [ 10.4140774, 53.4150909 ] ] } },
{ "type": "Feature", "properties": { "voltage_kv": "380 kV", "operator_show": "50Hertz Transmission", "name_show": "Ltg 503 Jessen Nord" }, "geometry": { "type": "LineString", "coordinates": [ [ 13.1572341, 51.828368199999986 ], [ 13.1588185, 51.8295866 ] ] } },
{ "type": "Feature", "properties": { "voltage_kv": "380 kV", "operator_show": "Amprion", "name_show": "–" }, "geometry": { "type": "LineString", "coordinates": [ [ 6.6788936, 51.6488124 ], [ 6.6789273, 51.6474673 ] ] } },
{ "type": "Feature", "properties": { "voltage_kv": "380 kV", "operator_show": "Amprion", "name_show": "–" }, "geometry": { "type": "LineString", "coordinates": [ [ 6.6788936, 51.6488124 ], [ 6.6780635, 51.6473915 ] ] } },
{ "type": "Feature", "properties": { "voltage_kv": "380 kV", "operator_show": "50Hertz Transmission", "name_show": "Ltg 538 Klostermansfeld" }, "geometry": { "type": "LineString", "coordinates": [ [ 11.8914931, 51.4065898 ], [ 11.8894951, 51.4073815 ] ] } },
{ "type": "Feature", "properties": { "voltage_kv": "380 kV", "operator_show": "50Hertz Transmission", "name_show": "–" }, "geometry": { "type": "LineString", "coordinates": [ [ 11.8933143, 51.4063656 ], [ 11.893908, 51.4060597 ] ] } },
{ "type": "Feature", "properties": { "voltage_kv": "380 kV", "operator_show": "50Hertz Transmission", "name_show": "Ltg 472 Vieselbach" }, "geometry": { "type": "LineString", "coordinates": [ [ 11.8943443, 51.407136799999989 ], [ 11.8955644, 51.406848099999984 ] ] } },
{ "type": "Feature", "properties": { "voltage_kv": "380 kV", "operator_show": "50Hertz Transmission", "name_show": "–" }, "geometry": { "type": "LineString", "coordinates": [ [ 11.6401344, 52.2672785 ], [ 11.6387169, 52.2670759 ] ] } },
{ "type": "Feature", "properties": { "voltage_kv": "380 kV", "operator_show": "50Hertz Transmission", "name_show": "Ltg 587 Witznitz / Eula" }, "geometry": { "type": "LineString", "coordinates": [ [ 12.3382458, 51.1977396 ], [ 12.3370413, 51.1990735 ] ] } },
{ "type": "Feature", "properties": { "voltage_kv": "380 kV", "operator_show": "–", "name_show": "Ltg Ma R Lippendorf" }, "geometry": { "type": "LineString", "coordinates": [ [ 12.3385333, 51.1964538 ], [ 12.3387762, 51.1955196 ] ] } },
{ "type": "Feature", "properties": { "voltage_kv": "380 kV", "operator_show": "50Hertz Transmission", "name_show": "–" }, "geometry": { "type": "LineString", "coordinates": [ [ 12.3730809, 51.1806984 ], [ 12.3734993, 51.1796785 ] ] } },
{ "type": "Feature", "properties": { "voltage_kv": "380 kV", "operator_show": "50Hertz Transmission", "name_show": "–" }, "geometry": { "type": "LineString", "coordinates": [ [ 12.3743951, 51.180693 ], [ 12.3734993, 51.1796785 ] ] } },
{ "type": "Feature", "properties": { "voltage_kv": "380 kV", "operator_show": "50Hertz Transmission", "name_show": "Ltg 477 Altentreptow Nord" }, "geometry": { "type": "LineString", "coordinates": [ [ 13.1760734, 53.6238372 ], [ 13.1778685, 53.6250235 ] ] } },
{ "type": "Feature", "properties": { "voltage_kv": "380 kV", "operator_show": "50Hertz Transmission", "name_show": "Ltg 479 Gransee" }, "geometry": { "type": "LineString", "coordinates": [ [ 13.1742159, 53.6229873 ], [ 13.1714419, 53.622244699999982 ] ] } },
{ "type": "Feature", "properties": { "voltage_kv": "380 kV", "operator_show": "TenneT", "name_show": "–" }, "geometry": { "type": "LineString", "coordinates": [ [ 7.190535, 53.1500141 ], [ 7.1311207, 53.1498494 ] ] } },
{ "type": "Feature", "properties": { "voltage_kv": "380 kV", "operator_show": "TenneT", "name_show": "Elbekreuzung 2" }, "geometry": { "type": "LineString", "coordinates": [ [ 9.6034152, 53.6023129 ], [ 9.5913807, 53.5944247 ] ] } },
{ "type": "Feature", "properties": { "voltage_kv": "380 kV", "operator_show": "TenneT", "name_show": "Elbekreuzung 2" }, "geometry": { "type": "LineString", "coordinates": [ [ 9.5913807, 53.5944247 ], [ 9.582883, 53.5888966 ] ] } },
{ "type": "Feature", "properties": { "voltage_kv": "380 kV", "operator_show": "TenneT TSO", "name_show": "306" }, "geometry": { "type": "LineString", "coordinates": [ [ 7.310429, 53.127890500000014 ], [ 7.3111175, 53.1266504 ] ] } },
{ "type": "Feature", "properties": { "voltage_kv": "380 kV", "operator_show": "50Hertz Transmission", "name_show": "Ltg 517 und 520" }, "geometry": { "type": "LineString", "coordinates": [ [ 13.53362, 52.6192849 ], [ 13.6132479, 52.6254115 ], [ 13.6608129, 52.6119988 ], [ 13.6798066, 52.584688399999983 ] ] } },
{ "type": "Feature", "properties": { "voltage_kv": "380 kV", "operator_show": "50Hertz Transmission", "name_show": "Ltg 483 Vierraden" }, "geometry": { "type": "LineString", "coordinates": [ [ 13.7066096, 52.5386162 ], [ 13.7049644, 52.5388703 ] ] } },
{ "type": "Feature", "properties": { "voltage_kv": "380 kV", "operator_show": "50Hertz Transmission", "name_show": "Ltg 484 Vierraden" }, "geometry": { "type": "LineString", "coordinates": [ [ 13.7064655, 52.5384754 ], [ 13.7049644, 52.5388703 ] ] } },
{ "type": "Feature", "properties": { "voltage_kv": "380 kV", "operator_show": "50Hertz Transmission", "name_show": "Ltg 484 Neuenhagen" }, "geometry": { "type": "LineString", "coordinates": [ [ 14.268917, 53.0984228 ], [ 14.2685017, 53.0998292 ] ] } },
{ "type": "Feature", "properties": { "voltage_kv": "380 kV; 110 kV", "operator_show": "50Hertz Transmission;WEMAG Netz GmbH", "name_show": "Ltg 419 Krümmel - Görries und 420 Krümmel - Wessin" }, "geometry": { "type": "LineString", "coordinates": [ [ 11.1000402, 53.514681 ], [ 11.1275154, 53.5092395 ] ] } },
{ "type": "Feature", "properties": { "voltage_kv": "380 kV", "operator_show": "50Hertz Transmission", "name_show": "Ltg 419 Krümmel - Görries und 420 Krümmel - Wessin" }, "geometry": { "type": "LineString", "coordinates": [ [ 11.1275154, 53.5092395 ], [ 11.244156, 53.5021793 ] ] } },
{ "type": "Feature", "properties": { "voltage_kv": "380 kV; 110 kV", "operator_show": "50Hertz Transmission;WEMAG Netz GmbH", "name_show": "Ltg 419 Krümmel - Görries und Ltg 420 Krümmel - Wessin" }, "geometry": { "type": "LineString", "coordinates": [ [ 11.244156, 53.5021793 ], [ 11.2793116, 53.5533365 ], [ 11.3240516, 53.56520410000001 ], [ 11.3395535, 53.5988952 ], [ 11.3584564, 53.5984419 ] ] } },
{ "type": "Feature", "properties": { "voltage_kv": "380 kV", "operator_show": "TenneT TSO", "name_show": "Ltg 3023-2 Gießen Nord" }, "geometry": { "type": "LineString", "coordinates": [ [ 8.8110095, 50.2041316 ], [ 8.8115615, 50.2045348 ] ] } },
{ "type": "Feature", "properties": { "voltage_kv": "380 kV", "operator_show": "TenneT TSO", "name_show": "Ltg 3011-II Kriftel / Frankfurt Südwest" }, "geometry": { "type": "LineString", "coordinates": [ [ 8.8097428, 50.2042704 ], [ 8.8087546, 50.2043156 ] ] } },
{ "type": "Feature", "properties": { "voltage_kv": "380 kV", "operator_show": "TenneT TSO", "name_show": "Ltg 3011-I Frankfurt Südwest" }, "geometry": { "type": "LineString", "coordinates": [ [ 8.8097636, 50.203770299999988 ], [ 8.8087546, 50.2043156 ] ] } },
{ "type": "Feature", "properties": { "voltage_kv": "380 kV", "operator_show": "Amprion", "name_show": "Landesbergen - Wehrendorf" }, "geometry": { "type": "LineString", "coordinates": [ [ 8.8954266, 52.564504399999983 ], [ 8.8551874, 52.6035214 ], [ 8.7522191, 52.6030618 ], [ 8.671142, 52.623869 ], [ 8.5455596, 52.5634806 ] ] } },
{ "type": "Feature", "properties": { "voltage_kv": "380 kV", "operator_show": "TenneT TSO GmbH", "name_show": "–" }, "geometry": { "type": "LineString", "coordinates": [ [ 9.1218798, 52.5369381 ], [ 9.1234632, 52.5367006 ] ] } },
{ "type": "Feature", "properties": { "voltage_kv": "380 kV", "operator_show": "–", "name_show": "–" }, "geometry": { "type": "LineString", "coordinates": [ [ 9.411678, 52.0340604 ], [ 9.4121173, 52.0342546 ] ] } },
{ "type": "Feature", "properties": { "voltage_kv": "380 kV", "operator_show": "TenneT TSO", "name_show": "–" }, "geometry": { "type": "LineString", "coordinates": [ [ 9.9164904, 52.2777978 ], [ 9.9162122, 52.2777982 ] ] } },
{ "type": "Feature", "properties": { "voltage_kv": "380 kV", "operator_show": "RWE", "name_show": "–" }, "geometry": { "type": "LineString", "coordinates": [ [ 7.9314852, 51.6717771 ], [ 7.9596712, 51.6707713 ] ] } },
{ "type": "Feature", "properties": { "voltage_kv": "380 kV", "operator_show": "RWE", "name_show": "380kV Westfalen D" }, "geometry": { "type": "LineString", "coordinates": [ [ 7.9684046, 51.6764687 ], [ 7.969158, 51.676344199999981 ] ] } },
{ "type": "Feature", "properties": { "voltage_kv": "380 kV", "operator_show": "RWE", "name_show": "380kV Westfalen E" }, "geometry": { "type": "LineString", "coordinates": [ [ 7.969158, 51.676344199999981 ], [ 7.9705811, 51.676797 ] ] } },
{ "type": "Feature", "properties": { "voltage_kv": "380 kV", "operator_show": "RWE", "name_show": "380kV Westfalen E" }, "geometry": { "type": "LineString", "coordinates": [ [ 7.9712634, 51.6759538 ], [ 7.9702917, 51.675569599999989 ] ] } },
{ "type": "Feature", "properties": { "voltage_kv": "380 kV", "operator_show": "RWE", "name_show": "380kV Westfalen D+E" }, "geometry": { "type": "LineString", "coordinates": [ [ 7.9702917, 51.675569599999989 ], [ 7.969158, 51.676344199999981 ] ] } },
{ "type": "Feature", "properties": { "voltage_kv": "380 kV; 110 kV", "operator_show": "Amprion;Westnetz", "name_show": "–" }, "geometry": { "type": "LineString", "coordinates": [ [ 8.2100387, 51.887904599999985 ], [ 8.344895, 51.9175455 ] ] } },
{ "type": "Feature", "properties": { "voltage_kv": "380 kV; 380 kV; 220 kV", "operator_show": "Amprion", "name_show": "–" }, "geometry": { "type": "LineString", "coordinates": [ [ 7.3986181, 52.1687339 ], [ 7.381831, 52.1789704 ] ] } },
{ "type": "Feature", "properties": { "voltage_kv": "380 kV; 380 kV; 220 kV; 110 kV", "operator_show": "Amprion", "name_show": "–" }, "geometry": { "type": "LineString", "coordinates": [ [ 7.381831, 52.1789704 ], [ 7.3719734, 52.1976958 ] ] } },
{ "type": "Feature", "properties": { "voltage_kv": "380 kV", "operator_show": "–", "name_show": "–" }, "geometry": { "type": "LineString", "coordinates": [ [ 10.1524106, 49.981329 ], [ 10.1518875, 49.981480499999989 ] ] } },
{ "type": "Feature", "properties": { "voltage_kv": "380 kV", "operator_show": "–", "name_show": "–" }, "geometry": { "type": "LineString", "coordinates": [ [ 10.1524106, 49.981329 ], [ 10.151675, 49.981185799999984 ] ] } },
{ "type": "Feature", "properties": { "voltage_kv": "380 kV", "operator_show": "–", "name_show": "–" }, "geometry": { "type": "LineString", "coordinates": [ [ 10.1486005, 49.9811197 ], [ 10.1497203, 49.981002099999984 ] ] } },
{ "type": "Feature", "properties": { "voltage_kv": "380 kV", "operator_show": "–", "name_show": "–" }, "geometry": { "type": "LineString", "coordinates": [ [ 10.1522423, 49.9803175 ], [ 10.1511569, 49.9804199 ] ] } },
{ "type": "Feature", "properties": { "voltage_kv": "380 kV", "operator_show": "–", "name_show": "–" }, "geometry": { "type": "LineString", "coordinates": [ [ 10.1632574, 49.9865622 ], [ 10.1524106, 49.981329 ] ] } },
{ "type": "Feature", "properties": { "voltage_kv": "380 kV", "operator_show": "TenneT TSO GmbH", "name_show": "Großkrotzenburg - Grafenrheinfeld;Aschaffenburg - Grafenrheinfeld" }, "geometry": { "type": "LineString", "coordinates": [ [ 10.1626631, 49.986293499999988 ], [ 10.1582182, 49.9858244 ] ] } },
{ "type": "Feature", "properties": { "voltage_kv": "380 kV", "operator_show": "–", "name_show": "–" }, "geometry": { "type": "LineString", "coordinates": [ [ 7.4993606, 50.3459005 ], [ 7.5007765, 50.3450598 ] ] } },
{ "type": "Feature", "properties": { "voltage_kv": "380 kV", "operator_show": "TenneT", "name_show": "–" }, "geometry": { "type": "LineString", "coordinates": [ [ 6.4153907, 51.8958828 ], [ 6.4502274, 51.8647525 ] ] } },
{ "type": "Feature", "properties": { "voltage_kv": "380 kV; 110 kV", "operator_show": "RWE", "name_show": "–" }, "geometry": { "type": "LineString", "coordinates": [ [ 8.0037513, 51.4444034 ], [ 8.0120525, 51.4257233 ] ] } },
{ "type": "Feature", "properties": { "voltage_kv": "380 kV", "operator_show": "–", "name_show": "–" }, "geometry": { "type": "LineString", "coordinates": [ [ 8.3071264, 49.2567315 ], [ 8.3065715, 49.2565793 ] ] } },
{ "type": "Feature", "properties": { "voltage_kv": "380 kV", "operator_show": "–", "name_show": "–" }, "geometry": { "type": "LineString", "coordinates": [ [ 8.3065715, 49.2565793 ], [ 8.3073236, 49.256437899999987 ] ] } },
{ "type": "Feature", "properties": { "voltage_kv": "380 kV", "operator_show": "RWE", "name_show": "Dauersberg - Hünfelden" }, "geometry": { "type": "LineString", "coordinates": [ [ 7.8652589, 50.766505 ], [ 7.8647752, 50.7671925 ] ] } },
{ "type": "Feature", "properties": { "voltage_kv": "380 kV", "operator_show": "RWE", "name_show": "–" }, "geometry": { "type": "LineString", "coordinates": [ [ 7.864887, 50.7662563 ], [ 7.8633134, 50.766235 ] ] } },
{ "type": "Feature", "properties": { "voltage_kv": "380 kV", "operator_show": "RWE", "name_show": "–" }, "geometry": { "type": "LineString", "coordinates": [ [ 7.864887, 50.7662563 ], [ 7.8641639, 50.766805799999986 ] ] } },
{ "type": "Feature", "properties": { "voltage_kv": "380 kV", "operator_show": "RWE", "name_show": "–" }, "geometry": { "type": "LineString", "coordinates": [ [ 7.8652589, 50.766505 ], [ 7.8643458, 50.7669335 ] ] } },
{ "type": "Feature", "properties": { "voltage_kv": "380 kV", "operator_show": "TenneT TSO GmbH", "name_show": "–" }, "geometry": { "type": "LineString", "coordinates": [ [ 8.6941972, 53.0921841 ], [ 8.6946351, 53.092746400000024 ] ] } },
{ "type": "Feature", "properties": { "voltage_kv": "380 kV", "operator_show": "TenneT TSO GmbH", "name_show": "–" }, "geometry": { "type": "LineString", "coordinates": [ [ 8.6950397, 53.0925188 ], [ 8.6941972, 53.0921841 ] ] } },
{ "type": "Feature", "properties": { "voltage_kv": "380 kV", "operator_show": "TenneT TSO GmbH", "name_show": "–" }, "geometry": { "type": "LineString", "coordinates": [ [ 8.4777264, 53.428477099999988 ], [ 8.476263, 53.4284667 ] ] } },
{ "type": "Feature", "properties": { "voltage_kv": "380 kV", "operator_show": "TenneT TSO GmbH", "name_show": "–" }, "geometry": { "type": "LineString", "coordinates": [ [ 8.4762866, 53.4286421 ], [ 8.4786809, 53.4286892 ] ] } },
{ "type": "Feature", "properties": { "voltage_kv": "380 kV", "operator_show": "TenneT TSO", "name_show": "302" }, "geometry": { "type": "LineString", "coordinates": [ [ 8.471527, 53.429536 ], [ 8.4743898, 53.4294289 ] ] } },
{ "type": "Feature", "properties": { "voltage_kv": "380 kV", "operator_show": "TenneT TSO", "name_show": "–" }, "geometry": { "type": "LineString", "coordinates": [ [ 8.4743757, 53.4292713 ], [ 8.471473, 53.429216 ] ] } },
{ "type": "Feature", "properties": { "voltage_kv": "380 kV", "operator_show": "TenneT TSO", "name_show": "–" }, "geometry": { "type": "LineString", "coordinates": [ [ 8.471473, 53.429216 ], [ 8.4743773, 53.4291198 ] ] } },
{ "type": "Feature", "properties": { "voltage_kv": "380 kV", "operator_show": "TenneT TSO GmbH", "name_show": "–" }, "geometry": { "type": "LineString", "coordinates": [ [ 8.4783554, 53.4283253 ], [ 8.4783554, 53.4286913 ] ] } },
{ "type": "Feature", "properties": { "voltage_kv": "380 kV", "operator_show": "50Hertz Transmission", "name_show": "Ltg 495 Neuenhagen" }, "geometry": { "type": "LineString", "coordinates": [ [ 13.5241268, 52.536733199999986 ], [ 13.52431, 52.5355581 ] ] } },
{ "type": "Feature", "properties": { "voltage_kv": "380 kV", "operator_show": "50Hertz Transmission", "name_show": "Ltg 496 Neuenhagen" }, "geometry": { "type": "LineString", "coordinates": [ [ 13.5241268, 52.536733199999986 ], [ 13.5240855, 52.535504900000014 ] ] } },
{ "type": "Feature", "properties": { "voltage_kv": "380 kV", "operator_show": "50Hertz Transmission", "name_show": "380-kV-Transversale Berlin" }, "geometry": { "type": "LineString", "coordinates": [ [ 13.2491731, 52.5317523 ], [ 13.2486699, 52.5307845 ] ] } },
{ "type": "Feature", "properties": { "voltage_kv": "380 kV", "operator_show": "50Hertz Transmission", "name_show": "–" }, "geometry": { "type": "LineString", "coordinates": [ [ 13.2490106, 52.531782 ], [ 13.2490385, 52.532001 ] ] } },
{ "type": "Feature", "properties": { "voltage_kv": "380 kV", "operator_show": "–", "name_show": "–" }, "geometry": { "type": "LineString", "coordinates": [ [ 7.8183062, 49.922685199999982 ], [ 7.8174266, 49.9221683 ] ] } },
{ "type": "Feature", "properties": { "voltage_kv": "380 kV", "operator_show": "Amprion", "name_show": "–" }, "geometry": { "type": "LineString", "coordinates": [ [ 8.1027454, 52.265313699999986 ], [ 8.1029002, 52.263882199999983 ] ] } },
{ "type": "Feature", "properties": { "voltage_kv": "380 kV", "operator_show": "–", "name_show": "–" }, "geometry": { "type": "LineString", "coordinates": [ [ 10.3664659, 47.7385109 ], [ 10.3640687, 47.7386739 ] ] } },
{ "type": "Feature", "properties": { "voltage_kv": "380 kV; 110 kV", "operator_show": "Amprion", "name_show": "–" }, "geometry": { "type": "LineString", "coordinates": [ [ 8.4037765, 52.607005 ], [ 8.4016488, 52.4998487 ] ] } },
{ "type": "Feature", "properties": { "voltage_kv": "380 kV", "operator_show": "TenneT TSO GmbH", "name_show": "–" }, "geometry": { "type": "LineString", "coordinates": [ [ 9.855592, 51.6497394 ], [ 9.8539695, 51.6490896 ] ] } },
{ "type": "Feature", "properties": { "voltage_kv": "380 kV", "operator_show": "TenneT TSO GmbH", "name_show": "–" }, "geometry": { "type": "LineString", "coordinates": [ [ 9.855592, 51.6497394 ], [ 9.8540059, 51.6494247 ] ] } },
{ "type": "Feature", "properties": { "voltage_kv": "380 kV", "operator_show": "TenneT TSO", "name_show": "–" }, "geometry": { "type": "LineString", "coordinates": [ [ 10.3660767, 52.2865801 ], [ 10.3656756, 52.2865638 ] ] } },
{ "type": "Feature", "properties": { "voltage_kv": "380 kV", "operator_show": "TenneT TSO", "name_show": "–" }, "geometry": { "type": "LineString", "coordinates": [ [ 10.3648469, 52.2861601 ], [ 10.3660767, 52.2865801 ] ] } },
{ "type": "Feature", "properties": { "voltage_kv": "380 kV", "operator_show": "TenneT TSO", "name_show": "–" }, "geometry": { "type": "LineString", "coordinates": [ [ 10.3661273, 52.2849225 ], [ 10.3672702, 52.285529199999985 ] ] } },
{ "type": "Feature", "properties": { "voltage_kv": "380 kV", "operator_show": "TenneT TSO", "name_show": "–" }, "geometry": { "type": "LineString", "coordinates": [ [ 10.3660511, 52.2852494 ], [ 10.3672702, 52.285529199999985 ] ] } },
{ "type": "Feature", "properties": { "voltage_kv": "380 kV", "operator_show": "TenneT TSO", "name_show": "Klein Ilsede" }, "geometry": { "type": "LineString", "coordinates": [ [ 10.363766, 52.2862192 ], [ 10.3633355, 52.2860289 ] ] } },
{ "type": "Feature", "properties": { "voltage_kv": "380 kV", "operator_show": "TenneT TSO", "name_show": "Algermissen" }, "geometry": { "type": "LineString", "coordinates": [ [ 10.3638303, 52.285892699999977 ], [ 10.3633355, 52.2860289 ] ] } },
{ "type": "Feature", "properties": { "voltage_kv": "380 kV", "operator_show": "50Hertz Transmission", "name_show": "Ltg 540 Preilack" }, "geometry": { "type": "LineString", "coordinates": [ [ 13.9035977, 51.877365 ], [ 13.9023399, 51.8788047 ] ] } },
{ "type": "Feature", "properties": { "voltage_kv": "380 kV", "operator_show": "Amprion", "name_show": "–" }, "geometry": { "type": "LineString", "coordinates": [ [ 6.4502274, 51.8647525 ], [ 6.4500847, 51.8323356 ] ] } },
{ "type": "Feature", "properties": { "voltage_kv": "380 kV", "operator_show": "–", "name_show": "–" }, "geometry": { "type": "LineString", "coordinates": [ [ 7.7189563, 49.487538 ], [ 7.7235689, 49.486781399999984 ] ] } },
{ "type": "Feature", "properties": { "voltage_kv": "400 kV", "operator_show": "–", "name_show": "–" }, "geometry": { "type": "LineString", "coordinates": [ [ 7.693288, 51.804130099999988 ], [ 7.6858819, 51.8037383 ] ] } },
{ "type": "Feature", "properties": { "voltage_kv": "380 kV", "operator_show": "Amprion", "name_show": "–" }, "geometry": { "type": "LineString", "coordinates": [ [ 7.886372, 52.2779005 ], [ 7.8811962, 52.276835799999986 ] ] } },
{ "type": "Feature", "properties": { "voltage_kv": "380 kV; 380 kV; 110 kV; 110 kV", "operator_show": "Amprion;Westnetz", "name_show": "380kV Ibbenbüren B" }, "geometry": { "type": "LineString", "coordinates": [ [ 7.8811962, 52.276835799999986 ], [ 7.7894714, 52.2844579 ] ] } },
{ "type": "Feature", "properties": { "voltage_kv": "380 kV; 380 kV; 220 kV; 110 kV", "operator_show": "Amprion;Westnetz", "name_show": "–" }, "geometry": { "type": "LineString", "coordinates": [ [ 7.4156087, 52.0240275 ], [ 7.4153696, 52.0379014 ] ] } },
{ "type": "Feature", "properties": { "voltage_kv": "380 kV; 380 kV; 220 kV", "operator_show": "Amprion", "name_show": "–" }, "geometry": { "type": "LineString", "coordinates": [ [ 7.2835698, 52.3191289 ], [ 7.2492206, 52.4083476 ], [ 7.3102113, 52.464367 ] ] } },
{ "type": "Feature", "properties": { "voltage_kv": "380 kV", "operator_show": "50Hertz Transmission", "name_show": "Ltg 483 Neuenhagen" }, "geometry": { "type": "LineString", "coordinates": [ [ 14.2681822, 53.0991135 ], [ 14.2685017, 53.0998292 ] ] } },
{ "type": "Feature", "properties": { "voltage_kv": "380 kV", "operator_show": "50Hertz Transmission", "name_show": "Ltg 476 Lubmin" }, "geometry": { "type": "LineString", "coordinates": [ [ 13.1755932, 53.624009 ], [ 13.1778685, 53.6250235 ] ] } },
{ "type": "Feature", "properties": { "voltage_kv": "380 kV", "operator_show": "50Hertz Transmission", "name_show": "Ltg 479 Altentreptow Süd - Gransee und 518 Altentreptow Süd - Malchow" }, "geometry": { "type": "LineString", "coordinates": [ [ 13.1714419, 53.622244699999982 ], [ 13.0655293, 53.428791499999988 ], [ 13.1336257, 53.353875799999976 ], [ 13.1133266, 53.329864800000017 ], [ 13.11886, 53.282693 ], [ 13.1856906, 53.2248014 ], [ 13.1804761, 53.173911699999984 ], [ 13.2795819, 53.0615521 ], [ 13.2661199, 52.9946339 ] ] } },
{ "type": "Feature", "properties": { "voltage_kv": "380 kV", "operator_show": "50Hertz Transmission", "name_show": "Ltg 518 Malchow" }, "geometry": { "type": "LineString", "coordinates": [ [ 13.173249, 53.6233434 ], [ 13.1714419, 53.622244699999982 ] ] } },
{ "type": "Feature", "properties": { "voltage_kv": "380 kV", "operator_show": "Amprion", "name_show": "–" }, "geometry": { "type": "LineString", "coordinates": [ [ 7.2799351, 52.3192775 ], [ 7.2835698, 52.3191289 ] ] } },
{ "type": "Feature", "properties": { "voltage_kv": "380 kV; 110 kV", "operator_show": "TransnetBW;Netze BW", "name_show": "–" }, "geometry": { "type": "LineString", "coordinates": [ [ 8.3250147, 49.040751899999989 ], [ 8.3235227, 49.0435287 ] ] } },
{ "type": "Feature", "properties": { "voltage_kv": "380 kV", "operator_show": "50Hertz Transmission", "name_show": "Ltg 571 Streumen" }, "geometry": { "type": "LineString", "coordinates": [ [ 12.8136015, 50.85974860000001 ], [ 12.8129795, 50.8607297 ] ] } },
{ "type": "Feature", "properties": { "voltage_kv": "380 kV; 110 kV", "operator_show": "RWE", "name_show": "380 kV Sechtem Nord|Süd;110 kV Bahnstrom Köln - Sindorf 1|2" }, "geometry": { "type": "LineString", "coordinates": [ [ 6.8888517, 50.84794 ], [ 6.8274426, 50.828247899999987 ], [ 6.78134, 50.834421099999986 ] ] } },
{ "type": "Feature", "properties": { "voltage_kv": "380 kV", "operator_show": "Amprion", "name_show": "–" }, "geometry": { "type": "LineString", "coordinates": [ [ 8.2966292, 49.524915299999989 ], [ 8.2963584, 49.5263582 ] ] } },
{ "type": "Feature", "properties": { "voltage_kv": "380 kV", "operator_show": "Amprion", "name_show": "–" }, "geometry": { "type": "LineString", "coordinates": [ [ 8.2963584, 49.5263582 ], [ 8.2956481, 49.525050899999989 ] ] } },
{ "type": "Feature", "properties": { "voltage_kv": "380 kV", "operator_show": "Amprion", "name_show": "–" }, "geometry": { "type": "LineString", "coordinates": [ [ 8.2948984, 49.5251545 ], [ 8.2954763, 49.5264761 ] ] } },
{ "type": "Feature", "properties": { "voltage_kv": "380 kV", "operator_show": "Amprion", "name_show": "–" }, "geometry": { "type": "LineString", "coordinates": [ [ 8.2954763, 49.5264761 ], [ 8.2951597, 49.525118399999982 ] ] } },
{ "type": "Feature", "properties": { "voltage_kv": "380 kV", "operator_show": "Uniper Kraftwerke GmbH", "name_show": "–" }, "geometry": { "type": "LineString", "coordinates": [ [ 7.3381789, 51.6326705 ], [ 7.3390885, 51.6333731 ] ] } },
{ "type": "Feature", "properties": { "voltage_kv": "380 kV", "operator_show": "Amprion", "name_show": "–" }, "geometry": { "type": "LineString", "coordinates": [ [ 7.3387342, 51.6317649 ], [ 7.3375209, 51.631291399999988 ] ] } },
{ "type": "Feature", "properties": { "voltage_kv": "380 kV", "operator_show": "Amprion", "name_show": "–" }, "geometry": { "type": "LineString", "coordinates": [ [ 7.3385474, 51.6320695 ], [ 7.3375209, 51.631291399999988 ] ] } },
{ "type": "Feature", "properties": { "voltage_kv": "380 kV", "operator_show": "50Hertz Transmission", "name_show": "Ltg 416 Remptendorf" }, "geometry": { "type": "LineString", "coordinates": [ [ 11.1237447, 50.997125 ], [ 11.12532, 50.9968749 ] ] } },
{ "type": "Feature", "properties": { "voltage_kv": "380 kV", "operator_show": "50Hertz Transmission", "name_show": "Ltg 590 Pulgar" }, "geometry": { "type": "LineString", "coordinates": [ [ 11.1248729, 50.9980476 ], [ 11.1258031, 50.997479699999978 ] ] } },
{ "type": "Feature", "properties": { "voltage_kv": "380 kV", "operator_show": "50Hertz Transmission", "name_show": "Ltg 548 Eisenhüttenstadt / Heinersdorf" }, "geometry": { "type": "LineString", "coordinates": [ [ 14.428982, 51.890834 ], [ 14.4272607, 51.8919398 ] ] } },
{ "type": "Feature", "properties": { "voltage_kv": "380 kV", "operator_show": "50Hertz Transmission", "name_show": "Ltg 547 Eisenhüttenstadt / Neuenhagen" }, "geometry": { "type": "LineString", "coordinates": [ [ 14.4278621, 51.8902607 ], [ 14.4272607, 51.8919398 ] ] } },
{ "type": "Feature", "properties": { "voltage_kv": "380 kV", "operator_show": "50Hertz Transmission", "name_show": "525<=>521" }, "geometry": { "type": "LineString", "coordinates": [ [ 13.3083759, 52.227582899999987 ], [ 13.3072774, 52.2275554 ] ] } },
{ "type": "Feature", "properties": { "voltage_kv": "380 kV", "operator_show": "50Hertz Transmission", "name_show": "Ltg 521" }, "geometry": { "type": "LineString", "coordinates": [ [ 13.3084215, 52.2288423 ], [ 13.3083666, 52.2273255 ] ] } },
{ "type": "Feature", "properties": { "voltage_kv": "380 kV", "operator_show": "50Hertz Transmission", "name_show": "Ltg 522 Thyrow" }, "geometry": { "type": "LineString", "coordinates": [ [ 13.9031356, 51.8772019 ], [ 13.9005857, 51.878185099999989 ] ] } },
{ "type": "Feature", "properties": { "voltage_kv": "380 kV", "operator_show": "50Hertz Transmission", "name_show": "Ltg 539 Preilack" }, "geometry": { "type": "LineString", "coordinates": [ [ 13.9033641, 51.8772836 ], [ 13.9023399, 51.8788047 ] ] } },
{ "type": "Feature", "properties": { "voltage_kv": "380 kV", "operator_show": "50Hertz Transmission", "name_show": "Ltg 531 Jessen Nord" }, "geometry": { "type": "LineString", "coordinates": [ [ 13.9014977, 51.876620899999985 ], [ 13.8996702, 51.877846899999987 ] ] } },
{ "type": "Feature", "properties": { "voltage_kv": "380 kV", "operator_show": "50Hertz Transmission", "name_show": "Ltg 495 Marzahn" }, "geometry": { "type": "LineString", "coordinates": [ [ 13.7125564, 52.538566599999982 ], [ 13.7125335, 52.5386607 ] ] } },
{ "type": "Feature", "properties": { "voltage_kv": "380 kV", "operator_show": "50Hertz Transmission", "name_show": "Ltg 520 Malchow" }, "geometry": { "type": "LineString", "coordinates": [ [ 13.7145612, 52.5400668 ], [ 13.716024, 52.53946 ] ] } },
{ "type": "Feature", "properties": { "voltage_kv": "380 kV", "operator_show": "50Hertz Transmission", "name_show": "–" }, "geometry": { "type": "LineString", "coordinates": [ [ 13.7097591, 52.539582 ], [ 13.7110141, 52.539129499999966 ] ] } },
{ "type": "Feature", "properties": { "voltage_kv": "380 kV", "operator_show": "50Hertz Transmission", "name_show": "–" }, "geometry": { "type": "LineString", "coordinates": [ [ 13.7096068, 52.539443899999988 ], [ 13.7107127, 52.5390266 ] ] } },
{ "type": "Feature", "properties": { "voltage_kv": "380 kV", "operator_show": "–", "name_show": "–" }, "geometry": { "type": "LineString", "coordinates": [ [ 7.6920809, 50.0254744 ], [ 7.6920326, 50.025088599999982 ] ] } },
{ "type": "Feature", "properties": { "voltage_kv": "380 kV", "operator_show": "–", "name_show": "–" }, "geometry": { "type": "LineString", "coordinates": [ [ 7.692538, 50.025337199999981 ], [ 7.6920326, 50.025088599999982 ] ] } },
{ "type": "Feature", "properties": { "voltage_kv": "380 kV", "operator_show": "50Hertz Transmission", "name_show": "Ltg 531 Ragow" }, "geometry": { "type": "LineString", "coordinates": [ [ 13.057779, 51.8008373 ], [ 13.055409, 51.8007221 ] ] } },
{ "type": "Feature", "properties": { "voltage_kv": "380 kV", "operator_show": "50Hertz Transmission", "name_show": "Ltg 533 Förderstedt" }, "geometry": { "type": "LineString", "coordinates": [ [ 13.0579033, 51.800515 ], [ 13.055409, 51.8007221 ] ] } },
{ "type": "Feature", "properties": { "voltage_kv": "380 kV", "operator_show": "RWE", "name_show": "–" }, "geometry": { "type": "LineString", "coordinates": [ [ 7.6920326, 50.025088599999982 ], [ 7.6383872, 50.048281199999977 ], [ 7.5788984, 50.1583564 ], [ 7.5361039, 50.1785962 ], [ 7.5043211, 50.2219112 ], [ 7.5007765, 50.3450598 ] ] } },
{ "type": "Feature", "properties": { "voltage_kv": "380 kV", "operator_show": "50Hertz Transmission", "name_show": "Ltg 475 Altentreptow Nord" }, "geometry": { "type": "LineString", "coordinates": [ [ 13.6863583, 54.13821 ], [ 13.6857623, 54.136754 ] ] } },
{ "type": "Feature", "properties": { "voltage_kv": "380 kV", "operator_show": "50Hertz Transmission", "name_show": "Ltg 476 Altentreptow Süd" }, "geometry": { "type": "LineString", "coordinates": [ [ 13.6857937, 54.1382633 ], [ 13.6857623, 54.136754 ] ] } },
{ "type": "Feature", "properties": { "voltage_kv": "380 kV", "operator_show": "50Hertz Transmission", "name_show": "Ltg 509 Siedenbrünzow" }, "geometry": { "type": "LineString", "coordinates": [ [ 13.6844033, 54.1386417 ], [ 13.6836405, 54.1369589 ] ] } },
{ "type": "Feature", "properties": { "voltage_kv": "380 kV", "operator_show": "50Hertz Transmission", "name_show": "Ltg 510 Siedenbrünzow" }, "geometry": { "type": "LineString", "coordinates": [ [ 13.6838489, 54.1386925 ], [ 13.6836405, 54.1369589 ] ] } },
{ "type": "Feature", "properties": { "voltage_kv": "380 kV", "operator_show": "50Hertz Transmission", "name_show": "Ltg 555 Schmölln" }, "geometry": { "type": "LineString", "coordinates": [ [ 13.8423952, 50.9901755 ], [ 13.8429921, 50.9903735 ] ] } },
{ "type": "Feature", "properties": { "voltage_kv": "380 kV", "operator_show": "50Hertz Transmission", "name_show": "Ltg 419 Krümmel" }, "geometry": { "type": "LineString", "coordinates": [ [ 11.3696169, 53.600196599999983 ], [ 11.3691148, 53.5988129 ] ] } },
{ "type": "Feature", "properties": { "voltage_kv": "380 kV", "operator_show": "50Hertz Transmission", "name_show": "Ltg 591 Röhrsdorf" }, "geometry": { "type": "LineString", "coordinates": [ [ 13.8431787, 50.9894938 ], [ 13.8438935, 50.98984870000001 ] ] } },
{ "type": "Feature", "properties": { "voltage_kv": "380 kV", "operator_show": "50Hertz Transmission", "name_show": "Ltg 423 Görries - Güstrow" }, "geometry": { "type": "LineString", "coordinates": [ [ 11.369853, 53.5986421 ], [ 11.370298, 53.5949848 ] ] } },
{ "type": "Feature", "properties": { "voltage_kv": "380 kV", "operator_show": "50Hertz Transmission", "name_show": "Ltg 475 Lubmin" }, "geometry": { "type": "LineString", "coordinates": [ [ 13.3182982, 53.737217299999983 ], [ 13.3177613, 53.7376018 ] ] } },
{ "type": "Feature", "properties": { "voltage_kv": "380 kV", "operator_show": "50Hertz Transmission GmbH", "name_show": "Ltg 517 Neuenhagen" }, "geometry": { "type": "LineString", "coordinates": [ [ 13.2648419, 52.9937938 ], [ 13.2662777, 52.9934248 ] ] } },
{ "type": "Feature", "properties": { "voltage_kv": "380 kV", "operator_show": "50Hertz Transmission", "name_show": "Ltg 507 Krajnik" }, "geometry": { "type": "LineString", "coordinates": [ [ 14.2707471, 53.098064399999984 ], [ 14.2709999, 53.09877190000001 ] ] } },
{ "type": "Feature", "properties": { "voltage_kv": "380 kV", "operator_show": "50Hertz Transmission", "name_show": "Ltg 508 Krajnik" }, "geometry": { "type": "LineString", "coordinates": [ [ 14.2712883, 53.0979992 ], [ 14.2709999, 53.09877190000001 ] ] } },
{ "type": "Feature", "properties": { "voltage_kv": "380 kV", "operator_show": "50Hertz Transmission", "name_show": "Ltg 481 Vierraden" }, "geometry": { "type": "LineString", "coordinates": [ [ 13.9560755, 53.2522789 ], [ 13.9543333, 53.2512774 ] ] } },
{ "type": "Feature", "properties": { "voltage_kv": "380 kV", "operator_show": "TenneT TSO", "name_show": "Stadorf" }, "geometry": { "type": "LineString", "coordinates": [ [ 10.3799821, 53.2190851 ], [ 10.380235, 53.218488 ] ] } },
{ "type": "Feature", "properties": { "voltage_kv": "380 kV", "operator_show": "TenneT TSO", "name_show": "Stadorf" }, "geometry": { "type": "LineString", "coordinates": [ [ 10.3797568, 53.218994799999983 ], [ 10.380235, 53.218488 ] ] } },
{ "type": "Feature", "properties": { "voltage_kv": "380 kV", "operator_show": "TenneT TSO", "name_show": "Krümmel" }, "geometry": { "type": "LineString", "coordinates": [ [ 10.3775708, 53.2193408 ], [ 10.376584, 53.2197072 ] ] } },
{ "type": "Feature", "properties": { "voltage_kv": "380 kV", "operator_show": "TenneT TSO", "name_show": "Krümmel" }, "geometry": { "type": "LineString", "coordinates": [ [ 10.3773514, 53.2192443 ], [ 10.376584, 53.2197072 ] ] } },
{ "type": "Feature", "properties": { "voltage_kv": "380 kV", "operator_show": "TenneT TSO", "name_show": "–" }, "geometry": { "type": "LineString", "coordinates": [ [ 9.7279842, 54.2888442 ], [ 9.7460612, 54.2934365 ] ] } },
{ "type": "Feature", "properties": { "voltage_kv": "380 kV", "operator_show": "–", "name_show": "Untermain Nord" }, "geometry": { "type": "LineString", "coordinates": [ [ 8.9890534, 50.0608875 ], [ 8.9884469, 50.0616566 ] ] } },
{ "type": "Feature", "properties": { "voltage_kv": "380 kV", "operator_show": "–", "name_show": "Untermain Süd" }, "geometry": { "type": "LineString", "coordinates": [ [ 8.9892975, 50.0609719 ], [ 8.9884469, 50.0616566 ] ] } },
{ "type": "Feature", "properties": { "voltage_kv": "380 kV", "operator_show": "50Hertz Transmission", "name_show": "Tr 411" }, "geometry": { "type": "LineString", "coordinates": [ [ 11.8922066, 51.4054303 ], [ 11.8926216, 51.404294299999982 ] ] } },
{ "type": "Feature", "properties": { "voltage_kv": "380 kV; 110 kV", "operator_show": "RWE", "name_show": "–" }, "geometry": { "type": "LineString", "coordinates": [ [ 8.0095182, 51.3645892 ], [ 8.032541, 51.3235149 ] ] } },
{ "type": "Feature", "properties": { "voltage_kv": "380 kV; 110 kV", "operator_show": "RWE", "name_show": "–" }, "geometry": { "type": "LineString", "coordinates": [ [ 8.032541, 51.3235149 ], [ 8.0483766, 51.2953542 ], [ 8.0822556, 51.285505099999988 ], [ 8.0993721, 51.2368173 ], [ 8.1546592, 51.2227215 ], [ 8.1908013, 51.1882617 ] ] } },
{ "type": "Feature", "properties": { "voltage_kv": "380 kV; 220 kV; 110 kV", "operator_show": "Amprion;Westnetz", "name_show": "380 kV Knechtsteden West;St. Peter Süd;220 kV Frixheim Nord|Süd;110 kV Gohr Ost|West" }, "geometry": { "type": "LineString", "coordinates": [ [ 6.7210035, 51.0656495 ], [ 6.738083, 51.0283419 ] ] } },
{ "type": "Feature", "properties": { "voltage_kv": "380 kV", "operator_show": "–", "name_show": "–" }, "geometry": { "type": "LineString", "coordinates": [ [ 6.7076528, 51.008270800000012 ], [ 6.7063955, 51.0110745 ] ] } },
{ "type": "Feature", "properties": { "voltage_kv": "380 kV; 110 kV", "operator_show": "Amprion;Westnetz", "name_show": "–" }, "geometry": { "type": "LineString", "coordinates": [ [ 8.9018404, 51.3930114 ], [ 8.8609213, 51.397174799999988 ], [ 8.8141923, 51.4302577 ], [ 8.7897023, 51.4260835 ] ] } },
{ "type": "Feature", "properties": { "voltage_kv": "380 kV", "operator_show": "TenneT", "name_show": "–" }, "geometry": { "type": "LineString", "coordinates": [ [ 8.8876271, 51.4844835 ], [ 8.8103243, 51.5466158 ], [ 8.7903625, 51.6264225 ], [ 8.7386216, 51.6740791 ] ] } },
{ "type": "Feature", "properties": { "voltage_kv": "380 kV", "operator_show": "–", "name_show": "–" }, "geometry": { "type": "LineString", "coordinates": [ [ 6.8887808, 51.8502989 ], [ 6.8889621, 51.851387 ] ] } },
{ "type": "Feature", "properties": { "voltage_kv": "380 kV", "operator_show": "–", "name_show": "–" }, "geometry": { "type": "LineString", "coordinates": [ [ 6.8889621, 51.851387 ], [ 6.8883882, 51.850363599999987 ] ] } },
{ "type": "Feature", "properties": { "voltage_kv": "380 kV; 110 kV", "operator_show": "–", "name_show": "–" }, "geometry": { "type": "LineString", "coordinates": [ [ 6.8889621, 51.851387 ], [ 6.9454549, 51.926750300000016 ] ] } },
{ "type": "Feature", "properties": { "voltage_kv": "380 kV", "operator_show": "Amprion", "name_show": "–" }, "geometry": { "type": "LineString", "coordinates": [ [ 7.0116862, 52.1775245 ], [ 7.0122167, 52.1777745 ] ] } },
{ "type": "Feature", "properties": { "voltage_kv": "380 kV; 220 kV", "operator_show": "Amprion", "name_show": "–" }, "geometry": { "type": "LineString", "coordinates": [ [ 7.0116862, 52.1775245 ], [ 6.9509349, 52.067040399999982 ], [ 6.966319, 52.0106294 ] ] } },
{ "type": "Feature", "properties": { "voltage_kv": "380 kV", "operator_show": "Amprion", "name_show": "–" }, "geometry": { "type": "LineString", "coordinates": [ [ 6.8724349, 51.8275445 ], [ 6.8713959, 51.8257774 ] ] } },
{ "type": "Feature", "properties": { "voltage_kv": "380 kV", "operator_show": "Amprion", "name_show": "–" }, "geometry": { "type": "LineString", "coordinates": [ [ 6.8713959, 51.8257774 ], [ 6.8720326, 51.827610899999989 ] ] } },
{ "type": "Feature", "properties": { "voltage_kv": "380 kV", "operator_show": "Amprion", "name_show": "–" }, "geometry": { "type": "LineString", "coordinates": [ [ 6.8379155, 51.7840763 ], [ 6.8713959, 51.8257774 ] ] } },
{ "type": "Feature", "properties": { "voltage_kv": "380 kV", "operator_show": "Amprion", "name_show": "–" }, "geometry": { "type": "LineString", "coordinates": [ [ 6.8379155, 51.7840763 ], [ 6.8371284, 51.783127899999982 ] ] } },
{ "type": "Feature", "properties": { "voltage_kv": "380 kV", "operator_show": "Amprion", "name_show": "–" }, "geometry": { "type": "LineString", "coordinates": [ [ 6.8024922, 51.7600682 ], [ 6.6701531, 51.6761371 ] ] } },
{ "type": "Feature", "properties": { "voltage_kv": "380 kV", "operator_show": "Amprion", "name_show": "–" }, "geometry": { "type": "LineString", "coordinates": [ [ 6.8024922, 51.7600682 ], [ 6.8031197, 51.7601365 ] ] } },
{ "type": "Feature", "properties": { "voltage_kv": "380 kV; 220 kV", "operator_show": "TenneT", "name_show": "307;202A" }, "geometry": { "type": "LineString", "coordinates": [ [ 9.4253434, 53.870108899999984 ], [ 9.4272681, 53.869839 ] ] } },
{ "type": "Feature", "properties": { "voltage_kv": "380 kV; 220 kV", "operator_show": "TenneT", "name_show": "307;202A" }, "geometry": { "type": "LineString", "coordinates": [ [ 9.4272681, 53.869839 ], [ 9.4587434, 53.8644784 ] ] } },
{ "type": "Feature", "properties": { "voltage_kv": "380 kV", "operator_show": "50Hertz Transmission", "name_show": "Ltg 951 (G) und 952 (H) Brunsbüttel - Hamburg Nord (Friedrichsgabe)" }, "geometry": { "type": "LineString", "coordinates": [ [ 9.2120184, 53.8956204 ], [ 9.2920928, 53.897464699999986 ], [ 9.361235, 53.872857 ], [ 9.5843996, 53.8341048 ], [ 9.7493869, 53.7676128 ], [ 9.8499312, 53.7704288 ], [ 9.922995, 53.7409625 ], [ 9.9817241, 53.7422471 ] ] } },
{ "type": "Feature", "properties": { "voltage_kv": "380 kV", "operator_show": "–", "name_show": "–" }, "geometry": { "type": "LineString", "coordinates": [ [ 9.0806535, 54.2449423 ], [ 9.0434503, 54.200339499999984 ], [ 9.0495489, 54.1627977 ] ] } },
{ "type": "Feature", "properties": { "voltage_kv": "380 kV", "operator_show": "–", "name_show": "–" }, "geometry": { "type": "LineString", "coordinates": [ [ 9.0494259, 54.1609464 ], [ 9.0505003, 54.1549201 ] ] } },
{ "type": "Feature", "properties": { "voltage_kv": "380 kV; 110 kV", "operator_show": "–", "name_show": "–" }, "geometry": { "type": "LineString", "coordinates": [ [ 9.0882575, 54.0035457 ], [ 9.0369126, 54.0609365 ], [ 9.0418038, 54.0869134 ] ] } },
{ "type": "Feature", "properties": { "voltage_kv": "380 kV", "operator_show": "–", "name_show": "–" }, "geometry": { "type": "LineString", "coordinates": [ [ 9.1103462, 53.9724794 ], [ 9.1076293, 53.97427 ] ] } },
{ "type": "Feature", "properties": { "voltage_kv": "380 kV", "operator_show": "–", "name_show": "–" }, "geometry": { "type": "LineString", "coordinates": [ [ 9.1076293, 53.97427 ], [ 9.1098293, 53.9723339 ] ] } },
{ "type": "Feature", "properties": { "voltage_kv": "380 kV", "operator_show": "–", "name_show": "–" }, "geometry": { "type": "LineString", "coordinates": [ [ 9.1076293, 53.97427 ], [ 9.0994943, 53.9845169 ] ] } },
{ "type": "Feature", "properties": { "voltage_kv": "960 kV", "operator_show": "–", "name_show": "–" }, "geometry": { "type": "LineString", "coordinates": [ [ 9.6503566, 52.1542444 ], [ 9.6360592, 52.1540238 ] ] } },
{ "type": "Feature", "properties": { "voltage_kv": "380 kV", "operator_show": "Amprion", "name_show": "–" }, "geometry": { "type": "LineString", "coordinates": [ [ 7.5014811, 51.405463099999984 ], [ 7.502876, 51.406934699999979 ] ] } },
{ "type": "Feature", "properties": { "voltage_kv": "380 kV", "operator_show": "Amprion", "name_show": "–" }, "geometry": { "type": "LineString", "coordinates": [ [ 7.502876, 51.406934699999979 ], [ 7.5023297, 51.4053155 ] ] } },
{ "type": "Feature", "properties": { "voltage_kv": "380 kV; 110 kV", "operator_show": "Amprion", "name_show": "–" }, "geometry": { "type": "LineString", "coordinates": [ [ 7.427704, 51.4288504 ], [ 7.4443759, 51.4167037 ] ] } },
{ "type": "Feature", "properties": { "voltage_kv": "380 kV", "operator_show": "Amprion", "name_show": "–" }, "geometry": { "type": "LineString", "coordinates": [ [ 7.4634134, 51.4111024 ], [ 7.490659, 51.411838 ] ] } },
{ "type": "Feature", "properties": { "voltage_kv": "380 kV", "operator_show": "–", "name_show": "–" }, "geometry": { "type": "LineString", "coordinates": [ [ 6.6481563, 50.8671638 ], [ 6.6234026, 50.9123679 ] ] } },
{ "type": "Feature", "properties": { "voltage_kv": "380 kV", "operator_show": "TenneT", "name_show": "309 AKW Brunsbüttel - UW Wilster" }, "geometry": { "type": "LineString", "coordinates": [ [ 9.2028164, 53.896272500000016 ], [ 9.2059212, 53.89611390000001 ] ] } },
{ "type": "Feature", "properties": { "voltage_kv": "380 kV", "operator_show": "–", "name_show": "–" }, "geometry": { "type": "LineString", "coordinates": [ [ 9.1992452, 53.8969163 ], [ 9.1995349, 53.8969181 ] ] } },
{ "type": "Feature", "properties": { "voltage_kv": "380 kV", "operator_show": "–", "name_show": "–" }, "geometry": { "type": "LineString", "coordinates": [ [ 9.199251, 53.8965836 ], [ 9.1995407, 53.8965854 ] ] } },
{ "type": "Feature", "properties": { "voltage_kv": "380 kV", "operator_show": "TenneT", "name_show": "309 AKW Brunsbüttel - UW Wilster" }, "geometry": { "type": "LineString", "coordinates": [ [ 9.2059212, 53.89611390000001 ], [ 9.1995465, 53.8962527 ] ] } },
{ "type": "Feature", "properties": { "voltage_kv": "380 kV", "operator_show": "TenneT TSO", "name_show": "–" }, "geometry": { "type": "LineString", "coordinates": [ [ 9.2046467, 53.8970145 ], [ 9.2028076, 53.8967715 ] ] } },
{ "type": "Feature", "properties": { "voltage_kv": "380 kV", "operator_show": "50Hertz Transmission", "name_show": "Ltg 951 (G) Hamburg Nord (Friedrichsgabe)" }, "geometry": { "type": "LineString", "coordinates": [ [ 9.1995494, 53.8960863 ], [ 9.2067785, 53.8957778 ] ] } },
{ "type": "Feature", "properties": { "voltage_kv": "380 kV", "operator_show": "50Hertz Transmission", "name_show": "Ltg 952 (H) Hamburg Nord (Friedrichsgabe)" }, "geometry": { "type": "LineString", "coordinates": [ [ 9.2029567, 53.8957848 ], [ 9.2067785, 53.8957778 ] ] } },
{ "type": "Feature", "properties": { "voltage_kv": "380 kV", "operator_show": "50Hertz Transmission", "name_show": "Ltg 951 (G) und 952 (H) Brunsbüttel - Hamburg Nord (Friedrichsgabe)" }, "geometry": { "type": "LineString", "coordinates": [ [ 9.2067785, 53.8957778 ], [ 9.2120184, 53.8956204 ] ] } },
{ "type": "Feature", "properties": { "voltage_kv": "380 kV", "operator_show": "TenneT TSO", "name_show": "–" }, "geometry": { "type": "LineString", "coordinates": [ [ 9.2046467, 53.8970145 ], [ 9.1995378, 53.8967517 ] ] } },
{ "type": "Feature", "properties": { "voltage_kv": "380 kV", "operator_show": "–", "name_show": "–" }, "geometry": { "type": "LineString", "coordinates": [ [ 6.9591838, 51.0669845 ], [ 6.9648504, 51.069728 ] ] } },
{ "type": "Feature", "properties": { "voltage_kv": "380 kV; 220 kV", "operator_show": "RWE", "name_show": "220 kV Kasselberg Süd;Niederaußem 5e" }, "geometry": { "type": "LineString", "coordinates": [ [ 6.9611082, 51.0528451 ], [ 6.9629164, 51.0626909 ] ] } },
{ "type": "Feature", "properties": { "voltage_kv": "380 kV", "operator_show": "RWE", "name_show": "380 kV Sechtem Nord|Süd" }, "geometry": { "type": "LineString", "coordinates": [ [ 6.4623951, 50.8626989 ], [ 6.5110405, 50.8365178 ], [ 6.6481563, 50.8671638 ] ] } },
{ "type": "Feature", "properties": { "voltage_kv": "380 kV; 380 kV; 220 kV; 110 kV", "operator_show": "Amprion", "name_show": "–" }, "geometry": { "type": "LineString", "coordinates": [ [ 7.3062444, 52.2810506 ], [ 7.2835698, 52.3191289 ] ] } },
{ "type": "Feature", "properties": { "voltage_kv": "380 kV; 110 kV", "operator_show": "Amprion;Westnetz", "name_show": "–" }, "geometry": { "type": "LineString", "coordinates": [ [ 6.9947071, 51.4701591 ], [ 6.968645, 51.46807 ] ] } },
{ "type": "Feature", "properties": { "voltage_kv": "380 kV", "operator_show": "–", "name_show": "Grafenrheinfeld - Kupferzell" }, "geometry": { "type": "LineString", "coordinates": [ [ 10.0524994, 49.7642729 ], [ 10.0476611, 49.72878750000001 ], [ 10.0711705, 49.7002857 ], [ 10.0351039, 49.672170199999989 ], [ 10.0381614, 49.6340336 ], [ 9.9846531, 49.6042379 ] ] } },
{ "type": "Feature", "properties": { "voltage_kv": "380 kV", "operator_show": "TenneT", "name_show": "–" }, "geometry": { "type": "LineString", "coordinates": [ [ 9.6443174, 53.651634899999983 ], [ 9.6379897, 53.6426478 ] ] } },
{ "type": "Feature", "properties": { "voltage_kv": "380 kV; 110 kV", "operator_show": "Schleswig-Holstein Netz AG", "name_show": "–" }, "geometry": { "type": "LineString", "coordinates": [ [ 9.645111, 53.654823699999987 ], [ 9.6443174, 53.651634899999983 ] ] } },
{ "type": "Feature", "properties": { "voltage_kv": "380 kV", "operator_show": "TenneT", "name_show": "–" }, "geometry": { "type": "LineString", "coordinates": [ [ 9.5063804, 53.5423468 ], [ 9.5025675, 53.54224139999998 ] ] } },
{ "type": "Feature", "properties": { "voltage_kv": "380 kV", "operator_show": "TenneT", "name_show": "–" }, "geometry": { "type": "LineString", "coordinates": [ [ 9.5063804, 53.5423468 ], [ 9.5025889, 53.5419181 ] ] } },
{ "type": "Feature", "properties": { "voltage_kv": "380 kV", "operator_show": "TenneT", "name_show": "3105" }, "geometry": { "type": "LineString", "coordinates": [ [ 9.527403, 53.5469049 ], [ 9.5063804, 53.5423468 ] ] } },
{ "type": "Feature", "properties": { "voltage_kv": "380 kV", "operator_show": "TenneT", "name_show": "–" }, "geometry": { "type": "LineString", "coordinates": [ [ 9.4890427, 53.6311561 ], [ 9.4893578, 53.6297354 ] ] } },
{ "type": "Feature", "properties": { "voltage_kv": "380 kV", "operator_show": "TenneT", "name_show": "–" }, "geometry": { "type": "LineString", "coordinates": [ [ 9.4895537, 53.6313166 ], [ 9.4893578, 53.6297354 ] ] } },
{ "type": "Feature", "properties": { "voltage_kv": "380 kV", "operator_show": "TenneT", "name_show": "–" }, "geometry": { "type": "LineString", "coordinates": [ [ 9.4901007, 53.629981099999981 ], [ 9.4927937, 53.6267673 ] ] } },
{ "type": "Feature", "properties": { "voltage_kv": "380 kV", "operator_show": "TenneT", "name_show": "–" }, "geometry": { "type": "LineString", "coordinates": [ [ 9.4902921, 53.6315448 ], [ 9.4901007, 53.629981099999981 ] ] } },
{ "type": "Feature", "properties": { "voltage_kv": "380 kV", "operator_show": "TenneT", "name_show": "–" }, "geometry": { "type": "LineString", "coordinates": [ [ 9.4907981, 53.6317013 ], [ 9.4901007, 53.629981099999981 ] ] } },
{ "type": "Feature", "properties": { "voltage_kv": "380 kV", "operator_show": "TenneT", "name_show": "–" }, "geometry": { "type": "LineString", "coordinates": [ [ 9.4893578, 53.6297354 ], [ 9.4927937, 53.6267673 ] ] } },
{ "type": "Feature", "properties": { "voltage_kv": "380 kV", "operator_show": "TenneT", "name_show": "Stade - Landsbergen" }, "geometry": { "type": "LineString", "coordinates": [ [ 9.5509064, 53.5644293 ], [ 9.5030075, 53.592032 ], [ 9.4927937, 53.6267673 ] ] } },
{ "type": "Feature", "properties": { "voltage_kv": "380 kV", "operator_show": "TenneT", "name_show": "–" }, "geometry": { "type": "LineString", "coordinates": [ [ 9.5513383, 53.56178220000001 ], [ 9.5509064, 53.5644293 ] ] } },
{ "type": "Feature", "properties": { "voltage_kv": "380 kV", "operator_show": "TenneT", "name_show": "–" }, "geometry": { "type": "LineString", "coordinates": [ [ 9.555538, 53.564494099999976 ], [ 9.5509064, 53.5644293 ] ] } },
{ "type": "Feature", "properties": { "voltage_kv": "380 kV; 110 kV", "operator_show": "–", "name_show": "–" }, "geometry": { "type": "LineString", "coordinates": [ [ 9.0418038, 54.0869134 ], [ 9.0505003, 54.1549201 ] ] } },
{ "type": "Feature", "properties": { "voltage_kv": "380 kV; 110 kV", "operator_show": "–", "name_show": "–" }, "geometry": { "type": "LineString", "coordinates": [ [ 9.0994943, 53.9845169 ], [ 9.0882575, 54.0035457 ] ] } },
{ "type": "Feature", "properties": { "voltage_kv": "380 kV", "operator_show": "TenneT TSO GmbH", "name_show": "307 UW Wilster - UW Dollern" }, "geometry": { "type": "LineString", "coordinates": [ [ 9.3508194, 53.9214169 ], [ 9.3482537, 53.9230324 ] ] } },
{ "type": "Feature", "properties": { "voltage_kv": "380 kV", "operator_show": "TenneT TSO GmbH", "name_show": "307 UW Wilster - UW Dollern" }, "geometry": { "type": "LineString", "coordinates": [ [ 9.3484771, 53.923133300000011 ], [ 9.3508194, 53.9214169 ] ] } },
{ "type": "Feature", "properties": { "voltage_kv": "380 kV", "operator_show": "TenneT TSO GmbH", "name_show": "308 AKW Brokdorf - UW Wilster" }, "geometry": { "type": "LineString", "coordinates": [ [ 9.3487004, 53.923234199999982 ], [ 9.3508194, 53.9214169 ] ] } },
{ "type": "Feature", "properties": { "voltage_kv": "380 kV", "operator_show": "TenneT TSO GmbH", "name_show": "308 AKW Brokdorf - UW Wilster" }, "geometry": { "type": "LineString", "coordinates": [ [ 9.3489238, 53.9233352 ], [ 9.3508194, 53.9214169 ] ] } },
{ "type": "Feature", "properties": { "voltage_kv": "380 kV", "operator_show": "TenneT TSO GmbH", "name_show": "303 UW Wilster - UW Audorf" }, "geometry": { "type": "LineString", "coordinates": [ [ 9.3423746, 53.923951899999985 ], [ 9.341612, 53.9248346 ] ] } },
{ "type": "Feature", "properties": { "voltage_kv": "380 kV", "operator_show": "TenneT TSO GmbH", "name_show": "303 UW Wilster - UW Audorf" }, "geometry": { "type": "LineString", "coordinates": [ [ 9.341612, 53.9248346 ], [ 9.3419265, 53.9237494 ] ] } },
{ "type": "Feature", "properties": { "voltage_kv": "380 kV", "operator_show": "TenneT TSO GmbH", "name_show": "309 AKW Brunsbüttel - UW Wilster" }, "geometry": { "type": "LineString", "coordinates": [ [ 9.3408062, 53.9232433 ], [ 9.3387554, 53.923626099999986 ] ] } },
{ "type": "Feature", "properties": { "voltage_kv": "380 kV", "operator_show": "TenneT TSO GmbH", "name_show": "309 AKW Brunsbüttel - UW Wilster" }, "geometry": { "type": "LineString", "coordinates": [ [ 9.3387554, 53.923626099999986 ], [ 9.3403581, 53.923040799999988 ] ] } },
{ "type": "Feature", "properties": { "voltage_kv": "380 kV", "operator_show": "TenneT", "name_show": "–" }, "geometry": { "type": "LineString", "coordinates": [ [ 7.9985141, 53.4851364 ], [ 7.996835, 53.4883936 ] ] } },
{ "type": "Feature", "properties": { "voltage_kv": "380 kV", "operator_show": "TenneT", "name_show": "–" }, "geometry": { "type": "LineString", "coordinates": [ [ 7.9988227, 53.4852147 ], [ 7.996835, 53.4883936 ] ] } },
{ "type": "Feature", "properties": { "voltage_kv": "380 kV", "operator_show": "TenneT", "name_show": "–" }, "geometry": { "type": "LineString", "coordinates": [ [ 7.9967992, 53.4710747 ], [ 7.9961021, 53.46731639999998 ] ] } },
{ "type": "Feature", "properties": { "voltage_kv": "380 kV", "operator_show": "TenneT", "name_show": "–" }, "geometry": { "type": "LineString", "coordinates": [ [ 7.9961021, 53.46731639999998 ], [ 7.9971397, 53.471029499999986 ] ] } },
{ "type": "Feature", "properties": { "voltage_kv": "380 kV", "operator_show": "TenneT", "name_show": "–" }, "geometry": { "type": "LineString", "coordinates": [ [ 8.004494, 53.4042714 ], [ 8.0040452, 53.4007763 ] ] } },
{ "type": "Feature", "properties": { "voltage_kv": "380 kV", "operator_show": "TenneT", "name_show": "–" }, "geometry": { "type": "LineString", "coordinates": [ [ 8.0037098, 53.4008209 ], [ 8.004494, 53.4042714 ] ] } },
{ "type": "Feature", "properties": { "voltage_kv": "380 kV", "operator_show": "TenneT", "name_show": "–" }, "geometry": { "type": "LineString", "coordinates": [ [ 8.0085973, 53.3715901 ], [ 8.0060226, 53.3750425 ] ] } },
{ "type": "Feature", "properties": { "voltage_kv": "380 kV", "operator_show": "TenneT", "name_show": "–" }, "geometry": { "type": "LineString", "coordinates": [ [ 8.0063512, 53.3750603 ], [ 8.0085973, 53.3715901 ] ] } },
{ "type": "Feature", "properties": { "voltage_kv": "380 kV", "operator_show": "TenneT TSO", "name_show": "–" }, "geometry": { "type": "LineString", "coordinates": [ [ 8.0613568, 53.5559318 ], [ 8.0613766, 53.554677400000017 ] ] } },
{ "type": "Feature", "properties": { "voltage_kv": "380 kV", "operator_show": "TenneT TSO", "name_show": "–" }, "geometry": { "type": "LineString", "coordinates": [ [ 8.0613766, 53.554677400000017 ], [ 8.0616394, 53.5559469 ] ] } },
{ "type": "Feature", "properties": { "voltage_kv": "380 kV", "operator_show": "TenneT TSO", "name_show": "315" }, "geometry": { "type": "LineString", "coordinates": [ [ 8.049677, 53.3341085 ], [ 8.0511642, 53.3331789 ] ] } },
{ "type": "Feature", "properties": { "voltage_kv": "380 kV; 380 kV; 220 kV; 220 kV", "operator_show": "TenneT TSO", "name_show": "315" }, "geometry": { "type": "LineString", "coordinates": [ [ 8.0120149, 53.3708204 ], [ 8.0446503, 53.3402348 ] ] } },
{ "type": "Feature", "properties": { "voltage_kv": "380 kV", "operator_show": "TenneT TSO", "name_show": "–" }, "geometry": { "type": "LineString", "coordinates": [ [ 7.2582385, 52.981376 ], [ 7.2587922, 52.9831445 ] ] } },
{ "type": "Feature", "properties": { "voltage_kv": "380 kV", "operator_show": "TenneT TSO GmbH", "name_show": "–" }, "geometry": { "type": "LineString", "coordinates": [ [ 7.2573216, 52.9793821 ], [ 7.2576785, 52.9803027 ] ] } },
{ "type": "Feature", "properties": { "voltage_kv": "380 kV", "operator_show": "TenneT", "name_show": "–" }, "geometry": { "type": "LineString", "coordinates": [ [ 9.555538, 53.564494099999976 ], [ 9.5513383, 53.56178220000001 ] ] } },
{ "type": "Feature", "properties": { "voltage_kv": "380 kV; 220 kV; 110 kV", "operator_show": "Amprion;Westnetz", "name_show": "–" }, "geometry": { "type": "LineString", "coordinates": [ [ 6.6763992, 51.6565925 ], [ 6.6701531, 51.6761371 ] ] } },
{ "type": "Feature", "properties": { "voltage_kv": "380 kV; 110 kV", "operator_show": "Amprion;Westnetz", "name_show": "–" }, "geometry": { "type": "LineString", "coordinates": [ [ 6.5235883, 51.753661400000013 ], [ 6.4226471, 51.8119636 ] ] } },
{ "type": "Feature", "properties": { "voltage_kv": "380 kV; 110 kV", "operator_show": "Amprion;Westnetz", "name_show": "–" }, "geometry": { "type": "LineString", "coordinates": [ [ 6.6788936, 51.6488124 ], [ 6.6757752, 51.656528 ] ] } },
{ "type": "Feature", "properties": { "voltage_kv": "380 kV", "operator_show": "RWE", "name_show": "380 kV Sechtem Nord|Süd" }, "geometry": { "type": "LineString", "coordinates": [ [ 6.6481563, 50.8671638 ], [ 6.7339584, 50.8620053 ], [ 6.7515723, 50.8491845 ] ] } },
{ "type": "Feature", "properties": { "voltage_kv": "380 kV", "operator_show": "Amprion", "name_show": "–" }, "geometry": { "type": "LineString", "coordinates": [ [ 8.3048724, 52.3469187 ], [ 8.3046738, 52.345528899999984 ] ] } },
{ "type": "Feature", "properties": { "voltage_kv": "380 kV", "operator_show": "Amprion", "name_show": "–" }, "geometry": { "type": "LineString", "coordinates": [ [ 8.3060417, 52.3504217 ], [ 8.3048724, 52.3469187 ] ] } },
{ "type": "Feature", "properties": { "voltage_kv": "380 kV", "operator_show": "Amprion", "name_show": "–" }, "geometry": { "type": "LineString", "coordinates": [ [ 8.4016488, 52.4998487 ], [ 8.4019613, 52.49668549999997 ] ] } },
{ "type": "Feature", "properties": { "voltage_kv": "380 kV", "operator_show": "–", "name_show": "–" }, "geometry": { "type": "LineString", "coordinates": [ [ 8.4034466, 52.607820599999982 ], [ 8.4037765, 52.607005 ] ] } },
{ "type": "Feature", "properties": { "voltage_kv": "380 kV", "operator_show": "–", "name_show": "–" }, "geometry": { "type": "LineString", "coordinates": [ [ 8.4037765, 52.607005 ], [ 8.404367, 52.6078692 ] ] } },
{ "type": "Feature", "properties": { "voltage_kv": "380 kV", "operator_show": "TenneT TSO GmbH", "name_show": "–" }, "geometry": { "type": "LineString", "coordinates": [ [ 9.8460111, 51.803493300000014 ], [ 9.9193373, 51.7191974 ] ] } },
{ "type": "Feature", "properties": { "voltage_kv": "380 kV", "operator_show": "TenneT TSO", "name_show": "–" }, "geometry": { "type": "LineString", "coordinates": [ [ 9.9017367, 51.6889033 ], [ 9.855592, 51.6497394 ] ] } },
{ "type": "Feature", "properties": { "voltage_kv": "380 kV", "operator_show": "TenneT TSO", "name_show": "–" }, "geometry": { "type": "LineString", "coordinates": [ [ 9.7441247, 50.9180915 ], [ 9.6639186, 50.9392979 ] ] } },
{ "type": "Feature", "properties": { "voltage_kv": "380 kV", "operator_show": "TenneT", "name_show": "–" }, "geometry": { "type": "LineString", "coordinates": [ [ 9.6639186, 50.9392979 ], [ 9.601517, 50.940039799999987 ] ] } },
{ "type": "Feature", "properties": { "voltage_kv": "380 kV; 110 kV", "operator_show": "TenneT TSO GmbH", "name_show": "–" }, "geometry": { "type": "LineString", "coordinates": [ [ 9.521916, 51.1880364 ], [ 9.518298, 51.2226053 ], [ 9.5779167, 51.2594297 ], [ 9.5818735, 51.2838577 ] ] } },
{ "type": "Feature", "properties": { "voltage_kv": "380 kV", "operator_show": "TenneT", "name_show": "–" }, "geometry": { "type": "LineString", "coordinates": [ [ 9.601517, 50.940039799999987 ], [ 9.5929682, 50.941866 ] ] } },
{ "type": "Feature", "properties": { "voltage_kv": "380 kV", "operator_show": "TenneT TSO", "name_show": "Ltg 3009-2 Borken" }, "geometry": { "type": "LineString", "coordinates": [ [ 9.7454425, 50.9175739 ], [ 9.7442776, 50.9176315 ] ] } },
{ "type": "Feature", "properties": { "voltage_kv": "380 kV", "operator_show": "TenneT TSO", "name_show": "Ltg 3010-1 Dipperz" }, "geometry": { "type": "LineString", "coordinates": [ [ 9.7469065, 50.9175504 ], [ 9.7476733, 50.917053199999977 ] ] } },
{ "type": "Feature", "properties": { "voltage_kv": "380 kV", "operator_show": "TenneT TSO", "name_show": "–" }, "geometry": { "type": "LineString", "coordinates": [ [ 8.4048676, 53.2361015 ], [ 8.4078154, 53.2346333 ] ] } },
{ "type": "Feature", "properties": { "voltage_kv": "380 kV; 220 kV", "operator_show": "TenneT", "name_show": "201" }, "geometry": { "type": "LineString", "coordinates": [ [ 8.4193267, 53.229867 ], [ 8.4078154, 53.2346333 ] ] } },
{ "type": "Feature", "properties": { "voltage_kv": "380 kV", "operator_show": "TenneT TSO", "name_show": "–" }, "geometry": { "type": "LineString", "coordinates": [ [ 8.4048676, 53.2361015 ], [ 8.4032834, 53.236063 ] ] } },
{ "type": "Feature", "properties": { "voltage_kv": "380 kV", "operator_show": "TenneT TSO", "name_show": "–" }, "geometry": { "type": "LineString", "coordinates": [ [ 8.4048676, 53.2361015 ], [ 8.4033378, 53.2363955 ] ] } },
{ "type": "Feature", "properties": { "voltage_kv": "380 kV", "operator_show": "TenneT TSO", "name_show": "–" }, "geometry": { "type": "LineString", "coordinates": [ [ 8.4034595, 53.2372223 ], [ 8.4050255, 53.2373832 ] ] } },
{ "type": "Feature", "properties": { "voltage_kv": "380 kV", "operator_show": "TenneT TSO", "name_show": "–" }, "geometry": { "type": "LineString", "coordinates": [ [ 8.4035243, 53.2377177 ], [ 8.4050255, 53.2373832 ] ] } },
{ "type": "Feature", "properties": { "voltage_kv": "380 kV", "operator_show": "TenneT TSO", "name_show": "–" }, "geometry": { "type": "LineString", "coordinates": [ [ 8.4049572, 53.2367219 ], [ 8.4033611, 53.236553900000011 ] ] } },
{ "type": "Feature", "properties": { "voltage_kv": "380 kV", "operator_show": "TenneT TSO", "name_show": "–" }, "geometry": { "type": "LineString", "coordinates": [ [ 8.4049572, 53.2367219 ], [ 8.4034333, 53.2370553 ] ] } },
{ "type": "Feature", "properties": { "voltage_kv": "380 kV", "operator_show": "TenneT TSO", "name_show": "–" }, "geometry": { "type": "LineString", "coordinates": [ [ 8.423354, 53.231568399999986 ], [ 8.4049572, 53.2367219 ] ] } },
{ "type": "Feature", "properties": { "voltage_kv": "380 kV", "operator_show": "50Hertz Transmission", "name_show": "Ltg 515 Stendal West" }, "geometry": { "type": "LineString", "coordinates": [ [ 12.1074176, 53.2511641 ], [ 12.1064299, 53.2520658 ] ] } },
{ "type": "Feature", "properties": { "voltage_kv": "380 kV", "operator_show": "50Hertz Transmission", "name_show": "Ltg 596 Perleberg / Putlitz" }, "geometry": { "type": "LineString", "coordinates": [ [ 12.107962, 53.2512351 ], [ 12.1064299, 53.2520658 ] ] } },
{ "type": "Feature", "properties": { "voltage_kv": "380 kV", "operator_show": "50Hertz Transmission", "name_show": "Ltg 513 Siedenbrünzow" }, "geometry": { "type": "LineString", "coordinates": [ [ 12.11013, 53.2515271 ], [ 12.1103614, 53.2531409 ] ] } },
{ "type": "Feature", "properties": { "voltage_kv": "380 kV", "operator_show": "50Hertz Transmission", "name_show": "Ltg 514 Güstrow" }, "geometry": { "type": "LineString", "coordinates": [ [ 12.1095856, 53.2514491 ], [ 12.1103614, 53.2531409 ] ] } },
{ "type": "Feature", "properties": { "voltage_kv": "380 kV", "operator_show": "50Hertz Transmission", "name_show": "Ltg 596 Putlitz Süd - Perleberg und 515 Putlitz Süd - Stendal West" }, "geometry": { "type": "LineString", "coordinates": [ [ 12.1064299, 53.2520658 ], [ 12.0875305, 53.250110899999981 ] ] } },
{ "type": "Feature", "properties": { "voltage_kv": "380 kV", "operator_show": "TenneT TSO", "name_show": "–" }, "geometry": { "type": "LineString", "coordinates": [ [ 9.3326256, 54.7213532 ], [ 9.4174598, 54.6730826 ], [ 9.4039763, 54.5829315 ], [ 9.4335142, 54.5226663 ] ] } },
{ "type": "Feature", "properties": { "voltage_kv": "380 kV; 110 kV", "operator_show": "TenneT TSO GmbH", "name_show": "–" }, "geometry": { "type": "LineString", "coordinates": [ [ 9.3217733, 54.7251577 ], [ 9.3326256, 54.7213532 ] ] } },
{ "type": "Feature", "properties": { "voltage_kv": "380 kV", "operator_show": "TenneT TSO GmbH", "name_show": "–" }, "geometry": { "type": "LineString", "coordinates": [ [ 9.3192601, 54.7268817 ], [ 9.3217733, 54.7251577 ] ] } },
{ "type": "Feature", "properties": { "voltage_kv": "380 kV", "operator_show": "TenneT TSO GmbH", "name_show": "–" }, "geometry": { "type": "LineString", "coordinates": [ [ 9.3322302, 54.7210228 ], [ 9.3138367, 54.726627599999979 ] ] } },
{ "type": "Feature", "properties": { "voltage_kv": "380 kV", "operator_show": "TenneT TSO GmbH", "name_show": "–" }, "geometry": { "type": "LineString", "coordinates": [ [ 9.313547, 54.730007199999989 ], [ 9.3150943, 54.7279719 ] ] } },
{ "type": "Feature", "properties": { "voltage_kv": "380 kV", "operator_show": "TenneT TSO GmbH", "name_show": "–" }, "geometry": { "type": "LineString", "coordinates": [ [ 9.313547, 54.730007199999989 ], [ 9.3145334, 54.727946899999985 ] ] } },
{ "type": "Feature", "properties": { "voltage_kv": "400 kV", "operator_show": "Energinet", "name_show": "–" }, "geometry": { "type": "LineString", "coordinates": [ [ 9.3220791, 54.8058284 ], [ 9.3411764, 54.85644460000001 ], [ 9.3897016, 54.8933683 ], [ 9.3888454, 54.9391241 ], [ 9.3164814, 54.9793538 ], [ 9.2718494, 55.0343126 ] ] } },
{ "type": "Feature", "properties": { "voltage_kv": "380 kV", "operator_show": "TenneT TSO GmbH", "name_show": "–" }, "geometry": { "type": "LineString", "coordinates": [ [ 9.3162285, 54.7280794 ], [ 9.3156847, 54.729637099999984 ] ] } },
{ "type": "Feature", "properties": { "voltage_kv": "380 kV", "operator_show": "TenneT TSO GmbH", "name_show": "–" }, "geometry": { "type": "LineString", "coordinates": [ [ 9.3168018, 54.728112899999978 ], [ 9.3156847, 54.729637099999984 ] ] } },
{ "type": "Feature", "properties": { "voltage_kv": "380 kV", "operator_show": "TenneT TSO GmbH", "name_show": "–" }, "geometry": { "type": "LineString", "coordinates": [ [ 9.3156847, 54.729637099999984 ], [ 9.3220791, 54.8058284 ] ] } },
{ "type": "Feature", "properties": { "voltage_kv": "380 kV", "operator_show": "TenneT TSO", "name_show": "–" }, "geometry": { "type": "LineString", "coordinates": [ [ 9.7266945, 54.2876397 ], [ 9.7279842, 54.2888442 ] ] } },
{ "type": "Feature", "properties": { "voltage_kv": "380 kV", "operator_show": "TenneT TSO", "name_show": "–" }, "geometry": { "type": "LineString", "coordinates": [ [ 9.7271436, 54.2892096 ], [ 9.725004, 54.288373199999988 ] ] } },
{ "type": "Feature", "properties": { "voltage_kv": "380 kV", "operator_show": "TenneT TSO", "name_show": "–" }, "geometry": { "type": "LineString", "coordinates": [ [ 9.7271436, 54.2892096 ], [ 9.724538, 54.2885785 ] ] } },
{ "type": "Feature", "properties": { "voltage_kv": "380 kV; 110 kV", "operator_show": "–", "name_show": "–" }, "geometry": { "type": "LineString", "coordinates": [ [ 9.7126168, 54.341174 ], [ 9.5088655, 54.379531 ] ] } },
{ "type": "Feature", "properties": { "voltage_kv": "380 kV", "operator_show": "TenneT", "name_show": "–" }, "geometry": { "type": "LineString", "coordinates": [ [ 9.4329425, 54.521667 ], [ 9.4340077, 54.520711 ] ] } },
{ "type": "Feature", "properties": { "voltage_kv": "380 kV", "operator_show": "TenneT", "name_show": "–" }, "geometry": { "type": "LineString", "coordinates": [ [ 9.4340077, 54.520711 ], [ 9.4208032, 54.440399 ], [ 9.5088655, 54.379531 ] ] } },
{ "type": "Feature", "properties": { "voltage_kv": "380 kV", "operator_show": "TenneT", "name_show": "–" }, "geometry": { "type": "LineString", "coordinates": [ [ 9.4335142, 54.5226663 ], [ 9.4340758, 54.5217164 ] ] } },
{ "type": "Feature", "properties": { "voltage_kv": "380 kV", "operator_show": "TenneT", "name_show": "–" }, "geometry": { "type": "LineString", "coordinates": [ [ 9.4335142, 54.5226663 ], [ 9.43321, 54.521667 ] ] } },
{ "type": "Feature", "properties": { "voltage_kv": "380 kV; 110 kV", "operator_show": "Amprion;Westnetz;DB Energie GmbH", "name_show": "–" }, "geometry": { "type": "LineString", "coordinates": [ [ 6.6757752, 51.656528 ], [ 6.6694076, 51.6763074 ] ] } },
{ "type": "Feature", "properties": { "voltage_kv": "380 kV", "operator_show": "Amprion", "name_show": "–" }, "geometry": { "type": "LineString", "coordinates": [ [ 6.6694076, 51.6763074 ], [ 6.6688187, 51.6794746 ] ] } },
{ "type": "Feature", "properties": { "voltage_kv": "380 kV; 110 kV", "operator_show": "–", "name_show": "–" }, "geometry": { "type": "LineString", "coordinates": [ [ 9.1142106, 54.463461699999989 ], [ 9.1110603, 54.4455445 ] ] } },
{ "type": "Feature", "properties": { "voltage_kv": "380 kV", "operator_show": "–", "name_show": "–" }, "geometry": { "type": "LineString", "coordinates": [ [ 9.0997079, 54.486090699999984 ], [ 9.1142106, 54.463461699999989 ] ] } },
{ "type": "Feature", "properties": { "voltage_kv": "380 kV; 110 kV", "operator_show": "–", "name_show": "–" }, "geometry": { "type": "LineString", "coordinates": [ [ 9.0874717, 54.5071484 ], [ 9.0997079, 54.486090699999984 ] ] } },
{ "type": "Feature", "properties": { "voltage_kv": "380 kV", "operator_show": "–", "name_show": "–" }, "geometry": { "type": "LineString", "coordinates": [ [ 9.0814018, 54.508948599999982 ], [ 9.0874717, 54.5071484 ] ] } },
{ "type": "Feature", "properties": { "voltage_kv": "380 kV; 110 kV", "operator_show": "Tennet", "name_show": "Westküstenleitung" }, "geometry": { "type": "LineString", "coordinates": [ [ 9.1154475, 54.374737699999983 ], [ 9.1098869, 54.2860673 ], [ 9.1376987, 54.2726134 ] ] } },
{ "type": "Feature", "properties": { "voltage_kv": "380 kV; 110 kV", "operator_show": "–", "name_show": "–" }, "geometry": { "type": "LineString", "coordinates": [ [ 9.1473268, 54.2646205 ], [ 9.0806535, 54.2449423 ] ] } },
{ "type": "Feature", "properties": { "voltage_kv": "380 kV", "operator_show": "–", "name_show": "–" }, "geometry": { "type": "LineString", "coordinates": [ [ 9.0495489, 54.1627977 ], [ 9.0514809, 54.1626681 ] ] } },
{ "type": "Feature", "properties": { "voltage_kv": "380 kV", "operator_show": "–", "name_show": "–" }, "geometry": { "type": "LineString", "coordinates": [ [ 9.0495489, 54.1627977 ], [ 9.0514289, 54.1629756 ] ] } },
{ "type": "Feature", "properties": { "voltage_kv": "380 kV", "operator_show": "–", "name_show": "–" }, "geometry": { "type": "LineString", "coordinates": [ [ 9.0517815, 54.1615117 ], [ 9.0494259, 54.1609464 ] ] } },
{ "type": "Feature", "properties": { "voltage_kv": "380 kV", "operator_show": "–", "name_show": "–" }, "geometry": { "type": "LineString", "coordinates": [ [ 9.0518701, 54.1611518 ], [ 9.0494259, 54.1609464 ] ] } },
{ "type": "Feature", "properties": { "voltage_kv": "380 kV", "operator_show": "Amprion", "name_show": "–" }, "geometry": { "type": "LineString", "coordinates": [ [ 6.971748, 50.7979752 ], [ 6.9733882, 50.797145 ] ] } },
{ "type": "Feature", "properties": { "voltage_kv": "380 kV", "operator_show": "Amprion", "name_show": "380 kv Bergeist West" }, "geometry": { "type": "LineString", "coordinates": [ [ 6.9767285, 50.7928708 ], [ 6.9756985, 50.7949319 ] ] } },
{ "type": "Feature", "properties": { "voltage_kv": "380 kV", "operator_show": "Amprion", "name_show": "–" }, "geometry": { "type": "LineString", "coordinates": [ [ 6.9761568, 50.7952376 ], [ 6.9745926, 50.7963403 ] ] } },
{ "type": "Feature", "properties": { "voltage_kv": "380 kV", "operator_show": "Amprion", "name_show": "–" }, "geometry": { "type": "LineString", "coordinates": [ [ 6.9756985, 50.7949319 ], [ 6.9741444, 50.7961501 ] ] } },
{ "type": "Feature", "properties": { "voltage_kv": "380 kV", "operator_show": "RWE", "name_show": "–" }, "geometry": { "type": "LineString", "coordinates": [ [ 7.4450542, 50.4016222 ], [ 7.4477249, 50.401176 ] ] } },
{ "type": "Feature", "properties": { "voltage_kv": "380 kV; 220 kV; 110 kV", "operator_show": "Amprion", "name_show": "–" }, "geometry": { "type": "LineString", "coordinates": [ [ 7.4369211, 50.4053557 ], [ 7.4397267, 50.4050685 ] ] } },
{ "type": "Feature", "properties": { "voltage_kv": "380 kV", "operator_show": "–", "name_show": "–" }, "geometry": { "type": "LineString", "coordinates": [ [ 7.0931992, 50.5845582 ], [ 7.0969703, 50.5828297 ] ] } },
{ "type": "Feature", "properties": { "voltage_kv": "380 kV; 220 kV", "operator_show": "–", "name_show": "–" }, "geometry": { "type": "LineString", "coordinates": [ [ 7.0204979, 50.6176939 ], [ 7.0168296, 50.6193532 ] ] } },
{ "type": "Feature", "properties": { "voltage_kv": "380 kV; 110 kV", "operator_show": "Westnetz", "name_show": "110 kV Neuenahr Ltg.;Sinzig Ltg." }, "geometry": { "type": "LineString", "coordinates": [ [ 7.0204979, 50.6176939 ], [ 7.0177818, 50.6189243 ] ] } },
{ "type": "Feature", "properties": { "voltage_kv": "380 kV; 220 kV; 110 kV", "operator_show": "Amprion", "name_show": "110 kV Meckenheim Ost|West" }, "geometry": { "type": "LineString", "coordinates": [ [ 7.0168296, 50.6193532 ], [ 7.0130376, 50.621063 ] ] } },
{ "type": "Feature", "properties": { "voltage_kv": "380 kV", "operator_show": "–", "name_show": "–" }, "geometry": { "type": "LineString", "coordinates": [ [ 7.0110883, 50.6195818 ], [ 7.0122944, 50.6187331 ] ] } },
{ "type": "Feature", "properties": { "voltage_kv": "380 kV", "operator_show": "–", "name_show": "–" }, "geometry": { "type": "LineString", "coordinates": [ [ 7.0110883, 50.6195818 ], [ 7.0119496, 50.6184917 ] ] } },
{ "type": "Feature", "properties": { "voltage_kv": "380 kV", "operator_show": "–", "name_show": "–" }, "geometry": { "type": "LineString", "coordinates": [ [ 7.0130376, 50.621063 ], [ 7.0110883, 50.6195818 ] ] } },
{ "type": "Feature", "properties": { "voltage_kv": "380 kV", "operator_show": "Amprion", "name_show": "–" }, "geometry": { "type": "LineString", "coordinates": [ [ 6.7037084, 51.0074834 ], [ 6.7038391, 51.0061663 ] ] } },
{ "type": "Feature", "properties": { "voltage_kv": "380 kV", "operator_show": "Amprion", "name_show": "–" }, "geometry": { "type": "LineString", "coordinates": [ [ 6.7031407, 51.007389099999983 ], [ 6.7038391, 51.0061663 ] ] } },
{ "type": "Feature", "properties": { "voltage_kv": "380 kV", "operator_show": "Amprion", "name_show": "–" }, "geometry": { "type": "LineString", "coordinates": [ [ 6.7028741, 51.007349 ], [ 6.7038391, 51.0061663 ] ] } },
{ "type": "Feature", "properties": { "voltage_kv": "380 kV", "operator_show": "–", "name_show": "–" }, "geometry": { "type": "LineString", "coordinates": [ [ 6.8068073, 50.9694866 ], [ 6.8077102, 50.9685056 ] ] } },
{ "type": "Feature", "properties": { "voltage_kv": "380 kV", "operator_show": "–", "name_show": "–" }, "geometry": { "type": "LineString", "coordinates": [ [ 6.8068073, 50.9694866 ], [ 6.8071821, 50.968365100000014 ] ] } },
{ "type": "Feature", "properties": { "voltage_kv": "380 kV", "operator_show": "–", "name_show": "–" }, "geometry": { "type": "LineString", "coordinates": [ [ 6.8068073, 50.9694866 ], [ 6.8084952, 50.968687 ] ] } },
{ "type": "Feature", "properties": { "voltage_kv": "380 kV", "operator_show": "Amprion", "name_show": "–" }, "geometry": { "type": "LineString", "coordinates": [ [ 6.7598816, 51.0055535 ], [ 6.7147233, 51.004911400000012 ] ] } },
{ "type": "Feature", "properties": { "voltage_kv": "380 kV", "operator_show": "Amprion", "name_show": "–" }, "geometry": { "type": "LineString", "coordinates": [ [ 6.8068073, 50.9694866 ], [ 6.7991453, 50.9716506 ] ] } },
{ "type": "Feature", "properties": { "voltage_kv": "380 kV; 220 kV", "operator_show": "Amprion", "name_show": "Westerwald West + Ost" }, "geometry": { "type": "LineString", "coordinates": [ [ 7.9197472, 50.715155 ], [ 7.9125737, 50.725458 ] ] } },
{ "type": "Feature", "properties": { "voltage_kv": "380 kV", "operator_show": "Amprion", "name_show": "Westerwald West + Ost" }, "geometry": { "type": "LineString", "coordinates": [ [ 7.9125737, 50.725458 ], [ 7.8899629, 50.7547197 ] ] } },
{ "type": "Feature", "properties": { "voltage_kv": "380 kV; 110 kV", "operator_show": "Amprion;Westnetz", "name_show": "–" }, "geometry": { "type": "LineString", "coordinates": [ [ 6.8197942, 51.3397385 ], [ 6.8222829, 51.343065099999983 ] ] } },
{ "type": "Feature", "properties": { "voltage_kv": "380 kV", "operator_show": "Amprion", "name_show": "–" }, "geometry": { "type": "LineString", "coordinates": [ [ 6.8614419, 51.3731566 ], [ 6.8672512, 51.3738927 ] ] } },
{ "type": "Feature", "properties": { "voltage_kv": "380 kV", "operator_show": "Amprion", "name_show": "–" }, "geometry": { "type": "LineString", "coordinates": [ [ 6.8672512, 51.3738927 ], [ 6.8681958, 51.3744175 ] ] } },
{ "type": "Feature", "properties": { "voltage_kv": "380 kV; 110 kV", "operator_show": "Amprion;Westnetz", "name_show": "–" }, "geometry": { "type": "LineString", "coordinates": [ [ 7.4353724, 51.0769935 ], [ 7.4006434, 51.1019897 ] ] } },
{ "type": "Feature", "properties": { "voltage_kv": "380 kV; 110 kV", "operator_show": "Amprion;Westnetz", "name_show": "–" }, "geometry": { "type": "LineString", "coordinates": [ [ 7.4006434, 51.1019897 ], [ 7.3244493, 51.1394919 ] ] } },
{ "type": "Feature", "properties": { "voltage_kv": "380 kV; 110 kV", "operator_show": "Amprion;Westnetz", "name_show": "–" }, "geometry": { "type": "LineString", "coordinates": [ [ 7.3244493, 51.1394919 ], [ 7.3075413, 51.17046 ] ] } },
{ "type": "Feature", "properties": { "voltage_kv": "380 kV", "operator_show": "RWE", "name_show": "380 kV Oberzier Süd, Selfkant weiss" }, "geometry": { "type": "LineString", "coordinates": [ [ 6.5990306, 50.9507967 ], [ 6.5977133, 50.952245 ] ] } },
{ "type": "Feature", "properties": { "voltage_kv": "380 kV", "operator_show": "RWE", "name_show": "380 kV Oberzier Süd, Selfkant weiss" }, "geometry": { "type": "LineString", "coordinates": [ [ 6.5976102, 50.9520803 ], [ 6.5990306, 50.9507967 ] ] } },
{ "type": "Feature", "properties": { "voltage_kv": "380 kV; 110 kV", "operator_show": "Amprion;Westnetz", "name_show": "380 kV Kirchberg Süd;Selfkant weiss;110 kV Berg Ost;Lindern Ost" }, "geometry": { "type": "LineString", "coordinates": [ [ 6.4035121, 50.896046199999986 ], [ 6.3594776, 50.9057675 ] ] } },
{ "type": "Feature", "properties": { "voltage_kv": "380 kV", "operator_show": "–", "name_show": "–" }, "geometry": { "type": "LineString", "coordinates": [ [ 7.1841658, 51.558870300000017 ], [ 7.1725462, 51.554253099999983 ] ] } },
{ "type": "Feature", "properties": { "voltage_kv": "380 kV; 220 kV", "operator_show": "Amprion", "name_show": "380kV Recklinghausen + 220kV Herne 4" }, "geometry": { "type": "LineString", "coordinates": [ [ 7.1815181, 51.5594209 ], [ 7.1752816, 51.5554771 ] ] } },
{ "type": "Feature", "properties": { "voltage_kv": "380 kV", "operator_show": "Amprion", "name_show": "–" }, "geometry": { "type": "LineString", "coordinates": [ [ 7.1712847, 51.5554131 ], [ 7.1752816, 51.5554771 ] ] } },
{ "type": "Feature", "properties": { "voltage_kv": "380 kV", "operator_show": "Amprion", "name_show": "–" }, "geometry": { "type": "LineString", "coordinates": [ [ 7.1752816, 51.5554771 ], [ 7.1713624, 51.555091100000013 ] ] } },
{ "type": "Feature", "properties": { "voltage_kv": "380 kV", "operator_show": "–", "name_show": "–" }, "geometry": { "type": "LineString", "coordinates": [ [ 6.6250786, 51.2571875 ], [ 6.6521314, 51.1982788 ] ] } },
{ "type": "Feature", "properties": { "voltage_kv": "380 kV; 220 kV; 110 kV", "operator_show": "RWE", "name_show": "–" }, "geometry": { "type": "LineString", "coordinates": [ [ 7.1840498, 51.445762199999983 ], [ 7.1796692, 51.4532729 ] ] } },
{ "type": "Feature", "properties": { "voltage_kv": "380 kV; 110 kV", "operator_show": "Amprion;Westnetz", "name_show": "–" }, "geometry": { "type": "LineString", "coordinates": [ [ 7.4523968, 51.0581374 ], [ 7.4353724, 51.0769935 ] ] } },
{ "type": "Feature", "properties": { "voltage_kv": "380 kV", "operator_show": "–", "name_show": "–" }, "geometry": { "type": "LineString", "coordinates": [ [ 9.7397905, 54.3229571 ], [ 9.7126168, 54.341174 ] ] } },
{ "type": "Feature", "properties": { "voltage_kv": "380 kV", "operator_show": "–", "name_show": "–" }, "geometry": { "type": "LineString", "coordinates": [ [ 7.41861, 51.458649399999985 ], [ 7.4170982, 51.460716 ] ] } },
{ "type": "Feature", "properties": { "voltage_kv": "380 kV", "operator_show": "Amprion", "name_show": "Kirchlinde Ost" }, "geometry": { "type": "LineString", "coordinates": [ [ 7.41861, 51.458649399999985 ], [ 7.418341, 51.4582705 ] ] } },
{ "type": "Feature", "properties": { "voltage_kv": "380 kV", "operator_show": "Amprion", "name_show": "–" }, "geometry": { "type": "LineString", "coordinates": [ [ 7.4203205, 51.4574766 ], [ 7.4215171, 51.4555266 ] ] } },
{ "type": "Feature", "properties": { "voltage_kv": "380 kV", "operator_show": "Amprion", "name_show": "–" }, "geometry": { "type": "LineString", "coordinates": [ [ 7.4189398, 51.457364699999985 ], [ 7.4203205, 51.4574766 ] ] } },
{ "type": "Feature", "properties": { "voltage_kv": "380 kV", "operator_show": "Amprion", "name_show": "–" }, "geometry": { "type": "LineString", "coordinates": [ [ 7.418738, 51.457663800000013 ], [ 7.4203205, 51.4574766 ] ] } },
{ "type": "Feature", "properties": { "voltage_kv": "380 kV; 220 kV; 110 kV", "operator_show": "RWE", "name_show": "–" }, "geometry": { "type": "LineString", "coordinates": [ [ 6.9938116, 51.5247791 ], [ 6.9920198, 51.521069500000017 ] ] } },
{ "type": "Feature", "properties": { "voltage_kv": "380 kV", "operator_show": "–", "name_show": "–" }, "geometry": { "type": "LineString", "coordinates": [ [ 6.999465, 51.5142075 ], [ 7.0028317, 51.513637 ] ] } },
{ "type": "Feature", "properties": { "voltage_kv": "380 kV; 110 kV", "operator_show": "Amprion", "name_show": "–" }, "geometry": { "type": "LineString", "coordinates": [ [ 7.0028317, 51.513637 ], [ 7.0176345, 51.5179384 ] ] } },
{ "type": "Feature", "properties": { "voltage_kv": "380 kV", "operator_show": "–", "name_show": "–" }, "geometry": { "type": "LineString", "coordinates": [ [ 6.9975432, 51.5145972 ], [ 6.9983636, 51.5144765 ] ] } },
{ "type": "Feature", "properties": { "voltage_kv": "380 kV; 220 kV", "operator_show": "Amprion", "name_show": "Büscherhof West+Kusenhorst" }, "geometry": { "type": "LineString", "coordinates": [ [ 6.9913502, 51.516633400000018 ], [ 6.9915924, 51.5136121 ] ] } },
{ "type": "Feature", "properties": { "voltage_kv": "380 kV", "operator_show": "Amprion", "name_show": "–" }, "geometry": { "type": "LineString", "coordinates": [ [ 6.5257046, 51.753063799999985 ], [ 6.5235883, 51.753661400000013 ] ] } },
{ "type": "Feature", "properties": { "voltage_kv": "380 kV", "operator_show": "Amprion", "name_show": "–" }, "geometry": { "type": "LineString", "coordinates": [ [ 7.4785569, 51.4691703 ], [ 7.5430412, 51.453188099999984 ] ] } },
{ "type": "Feature", "properties": { "voltage_kv": "380 kV; 110 kV", "operator_show": "Amprion", "name_show": "–" }, "geometry": { "type": "LineString", "coordinates": [ [ 7.4443759, 51.4167037 ], [ 7.4459844, 51.41453150000001 ] ] } },
{ "type": "Feature", "properties": { "voltage_kv": "380 kV; 110 kV", "operator_show": "RWE", "name_show": "–" }, "geometry": { "type": "LineString", "coordinates": [ [ 6.9328964, 51.1311515 ], [ 6.9350455, 51.139336 ] ] } },
{ "type": "Feature", "properties": { "voltage_kv": "380 kV", "operator_show": "RWE", "name_show": "380 kV Brauweiler West" }, "geometry": { "type": "LineString", "coordinates": [ [ 6.8078944, 50.96598250000001 ], [ 6.8081118, 50.9673623 ] ] } },
{ "type": "Feature", "properties": { "voltage_kv": "380 kV; 110 kV", "operator_show": "Amprion;Westnetz", "name_show": "–" }, "geometry": { "type": "LineString", "coordinates": [ [ 7.6660268, 50.9296133 ], [ 7.5759856, 50.9528697 ] ] } },
{ "type": "Feature", "properties": { "voltage_kv": "380 kV", "operator_show": "Tennet", "name_show": "–" }, "geometry": { "type": "LineString", "coordinates": [ [ 8.535699, 52.7302929 ], [ 8.5412754, 52.7202782 ] ] } },
{ "type": "Feature", "properties": { "voltage_kv": "380 kV", "operator_show": "Tennet", "name_show": "–" }, "geometry": { "type": "LineString", "coordinates": [ [ 8.4909372, 52.662058 ], [ 8.4672313, 52.6526228 ] ] } },
{ "type": "Feature", "properties": { "voltage_kv": "380 kV", "operator_show": "–", "name_show": "–" }, "geometry": { "type": "LineString", "coordinates": [ [ 6.9914807, 51.5188434 ], [ 6.9920614, 51.518602199999982 ] ] } },
{ "type": "Feature", "properties": { "voltage_kv": "380 kV", "operator_show": "TenneT TSO GmbH", "name_show": "–" }, "geometry": { "type": "LineString", "coordinates": [ [ 9.6115811, 51.3427848 ], [ 9.5970079, 51.330859899999986 ] ] } },
{ "type": "Feature", "properties": { "voltage_kv": "380 kV", "operator_show": "TenneT TSO GmbH", "name_show": "–" }, "geometry": { "type": "LineString", "coordinates": [ [ 9.6798884, 51.3775807 ], [ 9.6472267, 51.3590622 ] ] } },
{ "type": "Feature", "properties": { "voltage_kv": "380 kV; 110 kV", "operator_show": "TenneT TSO GmbH;DB Energie GmbH", "name_show": "–" }, "geometry": { "type": "LineString", "coordinates": [ [ 9.7277991, 51.406076499999976 ], [ 9.6982637, 51.4020119 ], [ 9.6798884, 51.3775807 ] ] } },
{ "type": "Feature", "properties": { "voltage_kv": "380 kV", "operator_show": "TenneT TSO GmbH", "name_show": "–" }, "geometry": { "type": "LineString", "coordinates": [ [ 9.8438316, 51.47362 ], [ 9.7277991, 51.406076499999976 ] ] } },
{ "type": "Feature", "properties": { "voltage_kv": "380 kV; 110 kV", "operator_show": "TenneT TSO GmbH;DB Energie GmbH", "name_show": "–" }, "geometry": { "type": "LineString", "coordinates": [ [ 9.8574682, 51.4912756 ], [ 9.8438316, 51.47362 ] ] } },
{ "type": "Feature", "properties": { "voltage_kv": "380 kV", "operator_show": "TenneT TSO GmbH", "name_show": "Wahle–Mecklar" }, "geometry": { "type": "LineString", "coordinates": [ [ 9.8559195, 51.4978647 ], [ 9.8574682, 51.4912756 ] ] } },
{ "type": "Feature", "properties": { "voltage_kv": "380 kV; 110 kV", "operator_show": "MITNETZ Strom", "name_show": "Wahle–Mecklar" }, "geometry": { "type": "LineString", "coordinates": [ [ 9.847739, 51.5856759 ], [ 9.8686918, 51.537695 ] ] } },
{ "type": "Feature", "properties": { "voltage_kv": "380 kV", "operator_show": "TenneT TSO GmbH", "name_show": "Wahle–Mecklar" }, "geometry": { "type": "LineString", "coordinates": [ [ 9.8546414, 51.6481187 ], [ 9.8534888, 51.6452407 ] ] } },
{ "type": "Feature", "properties": { "voltage_kv": "380 kV; 110 kV", "operator_show": "TenneT TSO GmbH;DB Energie GmbH", "name_show": "–" }, "geometry": { "type": "LineString", "coordinates": [ [ 9.6472267, 51.3590622 ], [ 9.6115811, 51.3427848 ] ] } },
{ "type": "Feature", "properties": { "voltage_kv": "380 kV; 110 kV", "operator_show": "TenneT TSO GmbH;Avacon Netz GmbH", "name_show": "Wahle–Mecklar" }, "geometry": { "type": "LineString", "coordinates": [ [ 9.8534888, 51.6452407 ], [ 9.8340543, 51.6061044 ], [ 9.847739, 51.5856759 ] ] } },
{ "type": "Feature", "properties": { "voltage_kv": "380 kV", "operator_show": "TenneT TSO", "name_show": "–" }, "geometry": { "type": "LineString", "coordinates": [ [ 9.9913852, 51.95358310000001 ], [ 9.9899091, 51.9539819 ] ] } },
{ "type": "Feature", "properties": { "voltage_kv": "380 kV", "operator_show": "–", "name_show": "Ltg ___ Schwarze Pumpe A" }, "geometry": { "type": "LineString", "coordinates": [ [ 14.4739399, 51.552999599999985 ], [ 14.4729112, 51.5517974 ] ] } },
{ "type": "Feature", "properties": { "voltage_kv": "380 kV", "operator_show": "–", "name_show": "Ltg ___ Schwarze Pumpe B" }, "geometry": { "type": "LineString", "coordinates": [ [ 14.4729403, 51.5532374 ], [ 14.4729112, 51.5517974 ] ] } },
{ "type": "Feature", "properties": { "voltage_kv": "380 kV", "operator_show": "TenneT", "name_show": "–" }, "geometry": { "type": "LineString", "coordinates": [ [ 9.4343863, 54.5217198 ], [ 9.4340077, 54.520711 ] ] } },
{ "type": "Feature", "properties": { "voltage_kv": "380 kV", "operator_show": "50Hertz Transmission", "name_show": "Ltg 498 Teufelsbruch" }, "geometry": { "type": "LineString", "coordinates": [ [ 12.9420696, 52.56228680000001 ], [ 12.9393531, 52.5628746 ] ] } },
{ "type": "Feature", "properties": { "voltage_kv": "380 kV", "operator_show": "50Hertz Transmission", "name_show": "Ltg 525 Ragow" }, "geometry": { "type": "LineString", "coordinates": [ [ 12.9436697, 52.5609012 ], [ 12.9452379, 52.5614658 ] ] } },
{ "type": "Feature", "properties": { "voltage_kv": "380 kV", "operator_show": "50Hertz Transmission", "name_show": "–" }, "geometry": { "type": "LineString", "coordinates": [ [ 12.7875897, 50.626898400000023 ], [ 12.7857557, 50.627520700000012 ] ] } },
{ "type": "Feature", "properties": { "voltage_kv": "380 kV", "operator_show": "50Hertz Transmission", "name_show": "Ltg 573 Röhrsdorf" }, "geometry": { "type": "LineString", "coordinates": [ [ 12.0463995, 50.782098299999987 ], [ 12.0480037, 50.7818821 ] ] } },
{ "type": "Feature", "properties": { "voltage_kv": "380 kV", "operator_show": "50Hertz Transmission", "name_show": "Ltg 575 Remptendorf" }, "geometry": { "type": "LineString", "coordinates": [ [ 12.0463585, 50.782426599999987 ], [ 12.0480037, 50.7818821 ] ] } },
{ "type": "Feature", "properties": { "voltage_kv": "380 kV", "operator_show": "50Hertz Transmission", "name_show": "Ltg 513 Putlitz Süd" }, "geometry": { "type": "LineString", "coordinates": [ [ 13.1438074, 53.906882 ], [ 13.1429219, 53.905909199999989 ] ] } },
{ "type": "Feature", "properties": { "voltage_kv": "380 kV", "operator_show": "50Hertz Transmission", "name_show": "Ltg 512 Güstrow" }, "geometry": { "type": "LineString", "coordinates": [ [ 13.1435289, 53.906878499999976 ], [ 13.1429219, 53.905909199999989 ] ] } },
{ "type": "Feature", "properties": { "voltage_kv": "380 kV", "operator_show": "50Hertz Transmission", "name_show": "Ltg 510 Lubmin" }, "geometry": { "type": "LineString", "coordinates": [ [ 13.1421204, 53.906869499999978 ], [ 13.1413329, 53.906315699999986 ] ] } },
{ "type": "Feature", "properties": { "voltage_kv": "380 kV", "operator_show": "50Hertz Transmission", "name_show": "Ltg 509 Lubmin" }, "geometry": { "type": "LineString", "coordinates": [ [ 13.1415566, 53.90686560000001 ], [ 13.1413329, 53.906315699999986 ] ] } },
{ "type": "Feature", "properties": { "voltage_kv": "380 kV", "operator_show": "50Hertz Transmission", "name_show": "Ltg 520" }, "geometry": { "type": "LineString", "coordinates": [ [ 13.4969325, 52.589833 ], [ 13.4973526, 52.5909091 ] ] } },
{ "type": "Feature", "properties": { "voltage_kv": "380 kV", "operator_show": "50Hertz Transmission", "name_show": "Ltg 518" }, "geometry": { "type": "LineString", "coordinates": [ [ 13.4966354, 52.59011240000001 ], [ 13.4973526, 52.5909091 ] ] } },
{ "type": "Feature", "properties": { "voltage_kv": "380 kV", "operator_show": "50Hertz Transmission", "name_show": "Ltg 553 Hagenwerder" }, "geometry": { "type": "LineString", "coordinates": [ [ 14.2203947, 51.1206004 ], [ 14.220377, 51.119477 ] ] } },
{ "type": "Feature", "properties": { "voltage_kv": "380 kV", "operator_show": "50Hertz Transmission", "name_show": "Ltg 554 Hagenwerder" }, "geometry": { "type": "LineString", "coordinates": [ [ 14.2201093, 51.1206117 ], [ 14.220377, 51.119477 ] ] } },
{ "type": "Feature", "properties": { "voltage_kv": "380 kV", "operator_show": "50Hertz Transmission", "name_show": "Ltg 551 Bärwalde" }, "geometry": { "type": "LineString", "coordinates": [ [ 14.2196557, 51.1217349 ], [ 14.2192635, 51.1233716 ] ] } },
{ "type": "Feature", "properties": { "voltage_kv": "380 kV", "operator_show": "50Hertz Transmission", "name_show": "Ltg 552 Bärwalde" }, "geometry": { "type": "LineString", "coordinates": [ [ 14.2185167, 51.1217768 ], [ 14.2192635, 51.1233716 ] ] } },
{ "type": "Feature", "properties": { "voltage_kv": "380 kV", "operator_show": "50Hertz Transmission", "name_show": "Ltg 556 Dresden Süd" }, "geometry": { "type": "LineString", "coordinates": [ [ 14.2175328, 51.1206708 ], [ 14.2172644, 51.1198304 ] ] } },
{ "type": "Feature", "properties": { "voltage_kv": "380 kV", "operator_show": "50Hertz Transmission", "name_show": "Ltg 555 Dresden Süd" }, "geometry": { "type": "LineString", "coordinates": [ [ 14.2178168, 51.1206577 ], [ 14.2172644, 51.1198304 ] ] } },
{ "type": "Feature", "properties": { "voltage_kv": "380 kV", "operator_show": "50Hertz Transmission", "name_show": "Ltg 588 Witznitz / Pulgar" }, "geometry": { "type": "LineString", "coordinates": [ [ 12.5184103, 51.1575305 ], [ 12.516993, 51.1578823 ] ] } },
{ "type": "Feature", "properties": { "voltage_kv": "380 kV", "operator_show": "50Hertz Transmission", "name_show": "Ltg 587 Witznitz / Pulgar" }, "geometry": { "type": "LineString", "coordinates": [ [ 12.5181906, 51.1574369 ], [ 12.516993, 51.1578823 ] ] } },
{ "type": "Feature", "properties": { "voltage_kv": "380 kV", "operator_show": "50Hertz Transmission", "name_show": "Ltg 585 Streumen" }, "geometry": { "type": "LineString", "coordinates": [ [ 12.520918, 51.1570909 ], [ 12.5209929, 51.156100900000013 ] ] } },
{ "type": "Feature", "properties": { "voltage_kv": "380 kV", "operator_show": "50Hertz Transmission", "name_show": "Ltg 586 Streumen" }, "geometry": { "type": "LineString", "coordinates": [ [ 12.5200731, 51.1566919 ], [ 12.5209929, 51.156100900000013 ] ] } },
{ "type": "Feature", "properties": { "voltage_kv": "380 kV", "operator_show": "TenneT TSO", "name_show": "–" }, "geometry": { "type": "LineString", "coordinates": [ [ 10.7617697, 52.3669791 ], [ 10.7610223, 52.3677076 ] ] } },
{ "type": "Feature", "properties": { "voltage_kv": "380 kV", "operator_show": "TenneT TSO", "name_show": "–" }, "geometry": { "type": "LineString", "coordinates": [ [ 10.7606442, 52.3674988 ], [ 10.7617697, 52.3669791 ] ] } },
{ "type": "Feature", "properties": { "voltage_kv": "380 kV", "operator_show": "TenneT TSO", "name_show": "Leitung 3023" }, "geometry": { "type": "LineString", "coordinates": [ [ 10.7589015, 52.367256500000011 ], [ 10.7596463, 52.3669509 ] ] } },
{ "type": "Feature", "properties": { "voltage_kv": "380 kV", "operator_show": "TenneT TSO", "name_show": "Leitung 3023" }, "geometry": { "type": "LineString", "coordinates": [ [ 10.7589015, 52.367256500000011 ], [ 10.7598645, 52.367058199999988 ] ] } },
{ "type": "Feature", "properties": { "voltage_kv": "380 kV", "operator_show": "50Hertz Transmission", "name_show": "992 KKW Krümmel - Hamburg/OST" }, "geometry": { "type": "LineString", "coordinates": [ [ 10.1605989, 53.5527675 ], [ 10.1604024, 53.5540522 ] ] } },
{ "type": "Feature", "properties": { "voltage_kv": "380 kV", "operator_show": "50Hertz Transmission", "name_show": "991 KKW Krümmel - Hamburg/OST" }, "geometry": { "type": "LineString", "coordinates": [ [ 10.1600026, 53.5540861 ], [ 10.1605989, 53.5527675 ] ] } },
{ "type": "Feature", "properties": { "voltage_kv": "380 kV", "operator_show": "50Hertz Transmission", "name_show": "C" }, "geometry": { "type": "LineString", "coordinates": [ [ 10.1583316, 53.554305 ], [ 10.1590837, 53.5530869 ] ] } },
{ "type": "Feature", "properties": { "voltage_kv": "380 kV", "operator_show": "50Hertz Transmission", "name_show": "D" }, "geometry": { "type": "LineString", "coordinates": [ [ 10.1590837, 53.5530869 ], [ 10.1592064, 53.5541886 ] ] } },
{ "type": "Feature", "properties": { "voltage_kv": "380 kV", "operator_show": "TenneT TSO", "name_show": "Leitung 3007" }, "geometry": { "type": "LineString", "coordinates": [ [ 10.3821703, 52.9919804 ], [ 10.3818966, 52.9917596 ] ] } },
{ "type": "Feature", "properties": { "voltage_kv": "380 kV", "operator_show": "TenneT TSO", "name_show": "Leitung 3007" }, "geometry": { "type": "LineString", "coordinates": [ [ 10.3818966, 52.9917596 ], [ 10.3818524, 52.9920486 ] ] } },
{ "type": "Feature", "properties": { "voltage_kv": "380 kV", "operator_show": "TenneT TSO", "name_show": "3021 UW Lüneburg - UW Stadorf" }, "geometry": { "type": "LineString", "coordinates": [ [ 10.380524, 52.995125 ], [ 10.3796022, 52.993634899999982 ] ] } },
{ "type": "Feature", "properties": { "voltage_kv": "380 kV", "operator_show": "TenneT TSO", "name_show": "3021 UW Lüneburg - UW Stadorf" }, "geometry": { "type": "LineString", "coordinates": [ [ 10.3790664, 52.9937396 ], [ 10.380524, 52.995125 ] ] } },
{ "type": "Feature", "properties": { "voltage_kv": "380 kV", "operator_show": "–", "name_show": "Ltg MF Jänschwalde" }, "geometry": { "type": "LineString", "coordinates": [ [ 14.430634, 51.8893187 ], [ 14.4311751, 51.88772740000001 ] ] } },
{ "type": "Feature", "properties": { "voltage_kv": "380 kV", "operator_show": "–", "name_show": "Ltg ME Jänschwalde" }, "geometry": { "type": "LineString", "coordinates": [ [ 14.429962, 51.8889753 ], [ 14.4311751, 51.88772740000001 ] ] } },
{ "type": "Feature", "properties": { "voltage_kv": "380 kV", "operator_show": "–", "name_show": "Ltg MD Jänschwalde" }, "geometry": { "type": "LineString", "coordinates": [ [ 14.4295137, 51.8887462 ], [ 14.4305442, 51.8871652 ] ] } },
{ "type": "Feature", "properties": { "voltage_kv": "380 kV", "operator_show": "–", "name_show": "Ltg MC Jänschwalde" }, "geometry": { "type": "LineString", "coordinates": [ [ 14.4286153, 51.8882871 ], [ 14.4305442, 51.8871652 ] ] } },
{ "type": "Feature", "properties": { "voltage_kv": "380 kV", "operator_show": "–", "name_show": "Ltg MB Jänschwalde" }, "geometry": { "type": "LineString", "coordinates": [ [ 14.4281692, 51.8880591 ], [ 14.4297998, 51.8867757 ] ] } },
{ "type": "Feature", "properties": { "voltage_kv": "380 kV", "operator_show": "–", "name_show": "Ltg MA Jänschwalde" }, "geometry": { "type": "LineString", "coordinates": [ [ 14.4272686, 51.8875988 ], [ 14.4297998, 51.8867757 ] ] } },
{ "type": "Feature", "properties": { "voltage_kv": "380 kV", "operator_show": "50Hertz Transmission", "name_show": "Ltg 539 Ragow" }, "geometry": { "type": "LineString", "coordinates": [ [ 14.4274161, 51.890032299999987 ], [ 14.4256514, 51.891120099999988 ] ] } },
{ "type": "Feature", "properties": { "voltage_kv": "380 kV", "operator_show": "50Hertz Transmission", "name_show": "Ltg 540 Ragow" }, "geometry": { "type": "LineString", "coordinates": [ [ 14.4265172, 51.8895722 ], [ 14.4256514, 51.891120099999988 ] ] } },
{ "type": "Feature", "properties": { "voltage_kv": "380 kV", "operator_show": "50Hertz Transmission", "name_show": "Ltg 560 Streumen" }, "geometry": { "type": "LineString", "coordinates": [ [ 14.4260706, 51.8893436 ], [ 14.4246955, 51.8906312 ] ] } },
{ "type": "Feature", "properties": { "voltage_kv": "380 kV", "operator_show": "50Hertz Transmission", "name_show": "Ltg 559 Altdöbern" }, "geometry": { "type": "LineString", "coordinates": [ [ 14.4251786, 51.8888869 ], [ 14.4246955, 51.8906312 ] ] } },
{ "type": "Feature", "properties": { "voltage_kv": "380 kV", "operator_show": "50Hertz Transmission", "name_show": "Ltg 542 Graustein" }, "geometry": { "type": "LineString", "coordinates": [ [ 14.4249542, 51.888772 ], [ 14.4235202, 51.8900034 ] ] } },
{ "type": "Feature", "properties": { "voltage_kv": "380 kV", "operator_show": "50Hertz Transmission", "name_show": "Ltg 541 Graustein" }, "geometry": { "type": "LineString", "coordinates": [ [ 14.4245036, 51.8885414 ], [ 14.4235202, 51.8900034 ] ] } },
{ "type": "Feature", "properties": { "voltage_kv": "380 kV", "operator_show": "50Hertz Transmission", "name_show": "Tr" }, "geometry": { "type": "LineString", "coordinates": [ [ 11.1221118, 50.9981308 ], [ 11.1211199, 50.9986118 ] ] } },
{ "type": "Feature", "properties": { "voltage_kv": "380 kV", "operator_show": "50Hertz Transmission", "name_show": "Tr" }, "geometry": { "type": "LineString", "coordinates": [ [ 11.1207971, 50.998350100000017 ], [ 11.1217897, 50.9978673 ] ] } },
{ "type": "Feature", "properties": { "voltage_kv": "380 kV", "operator_show": "50Hertz Transmission", "name_show": "Ltg 472 Lauchstädt" }, "geometry": { "type": "LineString", "coordinates": [ [ 11.1253518, 50.9984374 ], [ 11.1263175, 50.9980352 ] ] } },
{ "type": "Feature", "properties": { "voltage_kv": "380 kV", "operator_show": "50Hertz Transmission", "name_show": "Ltg 471 Lauchstädt" }, "geometry": { "type": "LineString", "coordinates": [ [ 11.1251913, 50.9983075 ], [ 11.1263175, 50.9980352 ] ] } },
{ "type": "Feature", "properties": { "voltage_kv": "380 kV", "operator_show": "50Hertz Transmission", "name_show": "Ltg 462 Goldisthal" }, "geometry": { "type": "LineString", "coordinates": [ [ 10.9913616, 50.5729378 ], [ 10.9895822, 50.5721988 ] ] } },
{ "type": "Feature", "properties": { "voltage_kv": "380 kV", "operator_show": "50Hertz Transmission", "name_show": "Ltg 463 Remptendorf" }, "geometry": { "type": "LineString", "coordinates": [ [ 10.9922769, 50.573931099999989 ], [ 10.9952379, 50.5739455 ] ] } },
{ "type": "Feature", "properties": { "voltage_kv": "380 kV", "operator_show": "50Hertz Transmission", "name_show": "Ltg 464 Remptendorf" }, "geometry": { "type": "LineString", "coordinates": [ [ 10.9928509, 50.5734354 ], [ 10.9952379, 50.5739455 ] ] } },
{ "type": "Feature", "properties": { "voltage_kv": "380 kV", "operator_show": "TenneT TSO", "name_show": "Ltg 3009-1 und 2 Borken - Mecklar" }, "geometry": { "type": "LineString", "coordinates": [ [ 9.6639186, 50.9392979 ], [ 9.7442776, 50.9176315 ] ] } },
{ "type": "Feature", "properties": { "voltage_kv": "380 kV", "operator_show": "TenneT TSO", "name_show": "–" }, "geometry": { "type": "LineString", "coordinates": [ [ 9.7476733, 50.917053199999977 ], [ 9.7528023, 50.9156262 ] ] } },
{ "type": "Feature", "properties": { "voltage_kv": "380 kV", "operator_show": "TenneT TSO", "name_show": "Ltg 3010-2 Dipperz" }, "geometry": { "type": "LineString", "coordinates": [ [ 9.746982, 50.9177089 ], [ 9.7476733, 50.917053199999977 ] ] } },
{ "type": "Feature", "properties": { "voltage_kv": "380 kV", "operator_show": "TenneT TSO", "name_show": "–" }, "geometry": { "type": "LineString", "coordinates": [ [ 9.7455133, 50.917733499999976 ], [ 9.7441247, 50.9180915 ] ] } },
{ "type": "Feature", "properties": { "voltage_kv": "380 kV", "operator_show": "TenneT TSO", "name_show": "–" }, "geometry": { "type": "LineString", "coordinates": [ [ 9.7455812, 50.9178955 ], [ 9.7441247, 50.9180915 ] ] } },
{ "type": "Feature", "properties": { "voltage_kv": "380 kV", "operator_show": "TenneT TSO", "name_show": "Ltg 449 Vieselbach" }, "geometry": { "type": "LineString", "coordinates": [ [ 9.7456512, 50.9180554 ], [ 9.7439026, 50.9193344 ] ] } },
{ "type": "Feature", "properties": { "voltage_kv": "380 kV", "operator_show": "TenneT TSO", "name_show": "Ltg 450 Eisenach" }, "geometry": { "type": "LineString", "coordinates": [ [ 9.745728, 50.9182162 ], [ 9.7439026, 50.9193344 ] ] } },
{ "type": "Feature", "properties": { "voltage_kv": "380 kV", "operator_show": "TenneT TSO", "name_show": "Ltg 3009-1 Borken" }, "geometry": { "type": "LineString", "coordinates": [ [ 9.7453745, 50.9174125 ], [ 9.7442776, 50.9176315 ] ] } },
{ "type": "Feature", "properties": { "voltage_kv": "380 kV", "operator_show": "TenneT TSO", "name_show": "–" }, "geometry": { "type": "LineString", "coordinates": [ [ 9.770995, 50.5296979 ], [ 9.7733239, 50.529163399999987 ] ] } },
{ "type": "Feature", "properties": { "voltage_kv": "380 kV", "operator_show": "RWE", "name_show": "–" }, "geometry": { "type": "LineString", "coordinates": [ [ 7.0339502, 52.2016221 ], [ 7.0325027, 52.2015901 ] ] } },
{ "type": "Feature", "properties": { "voltage_kv": "380 kV", "operator_show": "RWE", "name_show": "380kV Datteln West" }, "geometry": { "type": "LineString", "coordinates": [ [ 7.3544362, 51.5761227 ], [ 7.353847, 51.5765576 ] ] } },
{ "type": "Feature", "properties": { "voltage_kv": "380 kV", "operator_show": "RWE", "name_show": "380kV Mengede Nord" }, "geometry": { "type": "LineString", "coordinates": [ [ 7.3537669, 51.5764008 ], [ 7.3544362, 51.5761227 ] ] } },
{ "type": "Feature", "properties": { "voltage_kv": "380 kV", "operator_show": "RWE", "name_show": "380kV Datteln Ost" }, "geometry": { "type": "LineString", "coordinates": [ [ 7.3535376, 51.575937099999976 ], [ 7.3543075, 51.5758894 ] ] } },
{ "type": "Feature", "properties": { "voltage_kv": "380 kV", "operator_show": "Amprion", "name_show": "–" }, "geometry": { "type": "LineString", "coordinates": [ [ 7.3538412, 51.5751042 ], [ 7.3531505, 51.5751577 ] ] } },
{ "type": "Feature", "properties": { "voltage_kv": "380 kV", "operator_show": "Amprion", "name_show": "380kV Kirchlinde Ost" }, "geometry": { "type": "LineString", "coordinates": [ [ 7.3533185, 51.57548580000001 ], [ 7.3538412, 51.5751042 ] ] } },
{ "type": "Feature", "properties": { "voltage_kv": "380 kV", "operator_show": "Amprion", "name_show": "380kV Recklinghausen" }, "geometry": { "type": "LineString", "coordinates": [ [ 7.3519208, 51.5755707 ], [ 7.3512899, 51.5757839 ] ] } },
{ "type": "Feature", "properties": { "voltage_kv": "380 kV", "operator_show": "Amprion", "name_show": "380kV Recklinghausen" }, "geometry": { "type": "LineString", "coordinates": [ [ 7.3512899, 51.5757839 ], [ 7.3520686, 51.575880200000014 ] ] } },
{ "type": "Feature", "properties": { "voltage_kv": "380 kV", "operator_show": "Amprion", "name_show": "380kV Uentrop Nord" }, "geometry": { "type": "LineString", "coordinates": [ [ 7.7068209, 51.6792212 ], [ 7.7076739, 51.6781651 ] ] } },
{ "type": "Feature", "properties": { "voltage_kv": "380 kV", "operator_show": "50Hertz Transmission", "name_show": "Ltg 566 Bärwalde" }, "geometry": { "type": "LineString", "coordinates": [ [ 14.4733815, 51.554412899999988 ], [ 14.4730175, 51.5560422 ] ] } },
{ "type": "Feature", "properties": { "voltage_kv": "380 kV", "operator_show": "50Hertz Transmission", "name_show": "Ltg 565 Bärwalde" }, "geometry": { "type": "LineString", "coordinates": [ [ 14.4731334, 51.5544725 ], [ 14.4730175, 51.5560422 ] ] } },
{ "type": "Feature", "properties": { "voltage_kv": "380 kV", "operator_show": "50Hertz Transmission", "name_show": "Ltg 541 Preilack" }, "geometry": { "type": "LineString", "coordinates": [ [ 14.472633, 51.554596199999985 ], [ 14.472347, 51.55621450000001 ] ] } },
{ "type": "Feature", "properties": { "voltage_kv": "380 kV", "operator_show": "50Hertz Transmission", "name_show": "Ltg 542 Preilack" }, "geometry": { "type": "LineString", "coordinates": [ [ 14.4723917, 51.5546557 ], [ 14.472347, 51.55621450000001 ] ] } },
{ "type": "Feature", "properties": { "voltage_kv": "380 kV", "operator_show": "50Hertz Transmission", "name_show": "Ltg 515 Putlitz Süd" }, "geometry": { "type": "LineString", "coordinates": [ [ 11.7260958, 52.5688444 ], [ 11.723987, 52.570332 ] ] } },
{ "type": "Feature", "properties": { "voltage_kv": "380 kV", "operator_show": "50Hertz Transmission", "name_show": "Ltg 516 Perleberg" }, "geometry": { "type": "LineString", "coordinates": [ [ 11.7258377, 52.5687827 ], [ 11.723987, 52.570332 ] ] } },
{ "type": "Feature", "properties": { "voltage_kv": "380 kV", "operator_show": "50Hertz Transmission", "name_show": "Ltg 490 Wolmirstedt" }, "geometry": { "type": "LineString", "coordinates": [ [ 11.727499, 52.56804660000001 ], [ 11.7282997, 52.567374299999983 ] ] } },
{ "type": "Feature", "properties": { "voltage_kv": "380 kV", "operator_show": "50Hertz Transmission", "name_show": "Ltg 489 Wolmirstedt" }, "geometry": { "type": "LineString", "coordinates": [ [ 11.7285164, 52.568292 ], [ 11.7282997, 52.567374299999983 ] ] } },
{ "type": "Feature", "properties": { "voltage_kv": "380 kV; 110 kV", "operator_show": "TenneT TSO GmbH;Avacon Netz GmbH", "name_show": "–" }, "geometry": { "type": "LineString", "coordinates": [ [ 9.7510743, 50.5593668 ], [ 9.770995, 50.5296979 ] ] } },
{ "type": "Feature", "properties": { "voltage_kv": "380 kV", "operator_show": "TenneT TSO", "name_show": "–" }, "geometry": { "type": "LineString", "coordinates": [ [ 9.9193373, 51.7191974 ], [ 9.9140333, 51.7090052 ] ] } },
{ "type": "Feature", "properties": { "voltage_kv": "380 kV; 110 kV", "operator_show": "TenneT TSO GmbH", "name_show": "–" }, "geometry": { "type": "LineString", "coordinates": [ [ 9.9915243, 51.93954369999998 ], [ 9.9705697, 51.8953633 ] ] } },
{ "type": "Feature", "properties": { "voltage_kv": "380 kV", "operator_show": "TenneT TSO", "name_show": "–" }, "geometry": { "type": "LineString", "coordinates": [ [ 9.9913852, 51.95358310000001 ], [ 9.9900337, 51.9536612 ] ] } },
{ "type": "Feature", "properties": { "voltage_kv": "380 kV", "operator_show": "TenneT TSO", "name_show": "–" }, "geometry": { "type": "LineString", "coordinates": [ [ 9.601517, 50.940039799999987 ], [ 9.5519404, 50.94487680000001 ] ] } },
{ "type": "Feature", "properties": { "voltage_kv": "380 kV", "operator_show": "TenneT TSO", "name_show": "–" }, "geometry": { "type": "LineString", "coordinates": [ [ 9.0501648, 51.1676984 ], [ 9.0474373, 51.1677098 ] ] } },
{ "type": "Feature", "properties": { "voltage_kv": "380 kV", "operator_show": "Amprion", "name_show": "–" }, "geometry": { "type": "LineString", "coordinates": [ [ 7.0354054, 52.201843299999979 ], [ 7.0367044, 52.2021365 ] ] } },
{ "type": "Feature", "properties": { "voltage_kv": "380 kV", "operator_show": "Amprion", "name_show": "–" }, "geometry": { "type": "LineString", "coordinates": [ [ 7.886372, 52.2779005 ], [ 7.8889077, 52.2781584 ] ] } },
{ "type": "Feature", "properties": { "voltage_kv": "380 kV", "operator_show": "Amprion", "name_show": "–" }, "geometry": { "type": "LineString", "coordinates": [ [ 7.888734, 52.278303 ], [ 7.886372, 52.2779005 ] ] } },
{ "type": "Feature", "properties": { "voltage_kv": "380 kV", "operator_show": "TenneT TSO GmbH", "name_show": "Sottrum–Landesbergen" }, "geometry": { "type": "LineString", "coordinates": [ [ 9.2546998, 53.1139123 ], [ 9.2528915, 53.1138285 ] ] } },
{ "type": "Feature", "properties": { "voltage_kv": "380 kV", "operator_show": "TenneT TSO GmbH", "name_show": "Sottrum–Landesbergen" }, "geometry": { "type": "LineString", "coordinates": [ [ 9.2530127, 53.1135011 ], [ 9.2546998, 53.1139123 ] ] } },
{ "type": "Feature", "properties": { "voltage_kv": "380 kV", "operator_show": "TenneT TSO GmbH", "name_show": "3003 Dollern–Landesbergen" }, "geometry": { "type": "LineString", "coordinates": [ [ 9.2570706, 53.115075 ], [ 9.2543701, 53.1148401 ] ] } },
{ "type": "Feature", "properties": { "voltage_kv": "380 kV", "operator_show": "TenneT TSO GmbH", "name_show": "3003 Dollern–Landesbergen" }, "geometry": { "type": "LineString", "coordinates": [ [ 9.2544375, 53.1146648 ], [ 9.2570706, 53.115075 ] ] } },
{ "type": "Feature", "properties": { "voltage_kv": "380 kV", "operator_show": "TenneT TSO GmbH", "name_show": "–" }, "geometry": { "type": "LineString", "coordinates": [ [ 9.3865133, 51.642698399999986 ], [ 9.3888007, 51.6422214 ] ] } },
{ "type": "Feature", "properties": { "voltage_kv": "380 kV", "operator_show": "–", "name_show": "HUEFF-HOEPF" }, "geometry": { "type": "LineString", "coordinates": [ [ 9.0917459, 49.2935362 ], [ 9.0927215, 49.2927252 ] ] } },
{ "type": "Feature", "properties": { "voltage_kv": "380 kV", "operator_show": "Amprion", "name_show": "–" }, "geometry": { "type": "LineString", "coordinates": [ [ 7.2779442, 52.7511816 ], [ 7.2790561, 52.752858499999988 ] ] } },
{ "type": "Feature", "properties": { "voltage_kv": "380 kV", "operator_show": "Amprion", "name_show": "380-kV-Emsland Ost" }, "geometry": { "type": "LineString", "coordinates": [ [ 7.2758091, 52.7509001 ], [ 7.2761365, 52.752514499999968 ] ] } },
{ "type": "Feature", "properties": { "voltage_kv": "380 kV", "operator_show": "Lechwerke", "name_show": "–" }, "geometry": { "type": "LineString", "coordinates": [ [ 10.864679, 48.5385314 ], [ 10.8685144, 48.5386625 ] ] } },
{ "type": "Feature", "properties": { "voltage_kv": "380 kV", "operator_show": "Lechwerke", "name_show": "–" }, "geometry": { "type": "LineString", "coordinates": [ [ 10.864679, 48.5385314 ], [ 10.866657, 48.538917599999984 ] ] } },
{ "type": "Feature", "properties": { "voltage_kv": "380 kV", "operator_show": "Amprion", "name_show": "–" }, "geometry": { "type": "LineString", "coordinates": [ [ 10.8647468, 48.539321199999982 ], [ 10.8666852, 48.539096099999988 ] ] } },
{ "type": "Feature", "properties": { "voltage_kv": "380 kV", "operator_show": "Amprion", "name_show": "–" }, "geometry": { "type": "LineString", "coordinates": [ [ 10.8647468, 48.539321199999982 ], [ 10.8666855, 48.539275700000012 ] ] } },
{ "type": "Feature", "properties": { "voltage_kv": "380 kV", "operator_show": "transpower", "name_show": "MEI-OBA" }, "geometry": { "type": "LineString", "coordinates": [ [ 10.8685962, 48.5395606 ], [ 10.8701005, 48.539849399999973 ] ] } },
{ "type": "Feature", "properties": { "voltage_kv": "380 kV", "operator_show": "–", "name_show": "–" }, "geometry": { "type": "LineString", "coordinates": [ [ 10.8667481, 48.539816399999978 ], [ 10.8648095, 48.5406828 ] ] } },
{ "type": "Feature", "properties": { "voltage_kv": "380 kV", "operator_show": "–", "name_show": "–" }, "geometry": { "type": "LineString", "coordinates": [ [ 10.8667131, 48.5394597 ], [ 10.8648095, 48.5406828 ] ] } },
{ "type": "Feature", "properties": { "voltage_kv": "380 kV", "operator_show": "TenneT TSO GmbH", "name_show": "Leitung 3017" }, "geometry": { "type": "LineString", "coordinates": [ [ 8.9374789, 52.403841300000011 ], [ 8.9387705, 52.4037386 ] ] } },
{ "type": "Feature", "properties": { "voltage_kv": "380 kV", "operator_show": "TenneT TSO GmbH", "name_show": "–" }, "geometry": { "type": "LineString", "coordinates": [ [ 8.9374789, 52.403841300000011 ], [ 8.9387971, 52.403893199999978 ] ] } },
{ "type": "Feature", "properties": { "voltage_kv": "380 kV", "operator_show": "TenneT TSO", "name_show": "Ltg 432 Kriegenbrunn" }, "geometry": { "type": "LineString", "coordinates": [ [ 11.1915776, 50.160726299999979 ], [ 11.1897519, 50.1608356 ] ] } },
{ "type": "Feature", "properties": { "voltage_kv": "380 kV", "operator_show": "TenneT TSO", "name_show": "Ltg 428 Eltmann" }, "geometry": { "type": "LineString", "coordinates": [ [ 11.1917498, 50.1610367 ], [ 11.1897519, 50.1608356 ] ] } },
{ "type": "Feature", "properties": { "voltage_kv": "380 kV", "operator_show": "TenneT TSO", "name_show": "Ltg 436 Würgau" }, "geometry": { "type": "LineString", "coordinates": [ [ 11.1918335, 50.1611877 ], [ 11.1897519, 50.1608356 ] ] } },
{ "type": "Feature", "properties": { "voltage_kv": "380 kV", "operator_show": "TenneT TSO", "name_show": "Ltg 435 Oberhaid" }, "geometry": { "type": "LineString", "coordinates": [ [ 11.1919176, 50.1613392 ], [ 11.1897519, 50.1608356 ] ] } },
{ "type": "Feature", "properties": { "voltage_kv": "380 kV", "operator_show": "TenneT TSO", "name_show": "Ltg 460 Altenfeld" }, "geometry": { "type": "LineString", "coordinates": [ [ 11.1924242, 50.1622526 ], [ 11.1908565, 50.162637 ] ] } },
{ "type": "Feature", "properties": { "voltage_kv": "380 kV", "operator_show": "TenneT TSO", "name_show": "Ltg 459 Altenfeld" }, "geometry": { "type": "LineString", "coordinates": [ [ 11.1925095, 50.1624063 ], [ 11.1908565, 50.162637 ] ] } },
{ "type": "Feature", "properties": { "voltage_kv": "380 kV", "operator_show": "TenneT TSO", "name_show": "–" }, "geometry": { "type": "LineString", "coordinates": [ [ 11.1938329, 50.1622931 ], [ 11.1925936, 50.1625578 ] ] } },
{ "type": "Feature", "properties": { "voltage_kv": "380 kV", "operator_show": "–", "name_show": "–" }, "geometry": { "type": "LineString", "coordinates": [ [ 10.1486005, 49.9811197 ], [ 10.1495157, 49.9807045 ] ] } },
{ "type": "Feature", "properties": { "voltage_kv": "380 kV", "operator_show": "–", "name_show": "–" }, "geometry": { "type": "LineString", "coordinates": [ [ 10.1522423, 49.9803175 ], [ 10.1509451, 49.9801135 ] ] } },
{ "type": "Feature", "properties": { "voltage_kv": "380 kV", "operator_show": "TenneT TSO GmbH", "name_show": "–" }, "geometry": { "type": "LineString", "coordinates": [ [ 8.7021389, 51.7361119 ], [ 8.7016612, 51.7377614 ] ] } },
{ "type": "Feature", "properties": { "voltage_kv": "380 kV", "operator_show": "TenneT TSO GmbH", "name_show": "–" }, "geometry": { "type": "LineString", "coordinates": [ [ 8.7014166, 51.734604899999987 ], [ 8.7021662, 51.736110499999981 ] ] } },
{ "type": "Feature", "properties": { "voltage_kv": "380 kV", "operator_show": "TransnetBW GmbH", "name_show": "–" }, "geometry": { "type": "LineString", "coordinates": [ [ 9.2742589, 48.5507343 ], [ 9.274494, 48.5507795 ] ] } },
{ "type": "Feature", "properties": { "voltage_kv": "380 kV", "operator_show": "TransnetBW GmbH", "name_show": "–" }, "geometry": { "type": "LineString", "coordinates": [ [ 9.2741776, 48.5509159 ], [ 9.2744247, 48.550954 ] ] } },
{ "type": "Feature", "properties": { "voltage_kv": "380 kV", "operator_show": "Tennet", "name_show": "LH-14-309" }, "geometry": { "type": "LineString", "coordinates": [ [ 8.488059, 52.8021217 ], [ 8.5033603, 52.7455673 ], [ 8.535699, 52.7302929 ] ] } },
{ "type": "Feature", "properties": { "voltage_kv": "380 kV", "operator_show": "Tennet", "name_show": "–" }, "geometry": { "type": "LineString", "coordinates": [ [ 8.5412754, 52.7202782 ], [ 8.5753226, 52.690951 ] ] } },
{ "type": "Feature", "properties": { "voltage_kv": "380 kV", "operator_show": "Tennet", "name_show": "–" }, "geometry": { "type": "LineString", "coordinates": [ [ 8.5531763, 52.675349799999985 ], [ 8.4909372, 52.662058 ] ] } },
{ "type": "Feature", "properties": { "voltage_kv": "380 kV", "operator_show": "50Hertz Transmission", "name_show": "Ltg 493 Teufelsbruch" }, "geometry": { "type": "LineString", "coordinates": [ [ 11.6417545, 52.2676776 ], [ 11.6432896, 52.2679816 ] ] } },
{ "type": "Feature", "properties": { "voltage_kv": "380 kV", "operator_show": "50Hertz Transmission", "name_show": "Ltg 488 Wolmirstedt" }, "geometry": { "type": "LineString", "coordinates": [ [ 11.7290158, 52.5684114 ], [ 11.7301518, 52.5671364 ] ] } },
{ "type": "Feature", "properties": { "voltage_kv": "380 kV; 220 kV", "operator_show": "50Hertz Transmission", "name_show": "Ltg 488 Stendal West - Wolmirstedt und 332 Wolmirstedt - Parchim Süd" }, "geometry": { "type": "LineString", "coordinates": [ [ 11.7301518, 52.5671364 ], [ 11.76826, 52.504403599999982 ], [ 11.7380001, 52.4209716 ], [ 11.6534112, 52.3742641 ], [ 11.6284576, 52.2902244 ], [ 11.6430146, 52.268622099999988 ] ] } },
{ "type": "Feature", "properties": { "voltage_kv": "380 kV", "operator_show": "TenneT TSO GmbH", "name_show": "–" }, "geometry": { "type": "LineString", "coordinates": [ [ 10.174395, 52.036448 ], [ 10.124956, 52.020719 ] ] } },
{ "type": "Feature", "properties": { "voltage_kv": "380 kV", "operator_show": "Amprion", "name_show": "–" }, "geometry": { "type": "LineString", "coordinates": [ [ 8.0148851, 50.6391619 ], [ 8.0154665, 50.6392758 ] ] } },
{ "type": "Feature", "properties": { "voltage_kv": "380 kV", "operator_show": "–", "name_show": "–" }, "geometry": { "type": "LineString", "coordinates": [ [ 8.656582, 50.6066658 ], [ 8.6576289, 50.6096008 ] ] } },
{ "type": "Feature", "properties": { "voltage_kv": "380 kV", "operator_show": "–", "name_show": "–" }, "geometry": { "type": "LineString", "coordinates": [ [ 8.6576289, 50.6096008 ], [ 8.6570772, 50.6067968 ] ] } },
{ "type": "Feature", "properties": { "voltage_kv": "380 kV", "operator_show": "TenneT TSO", "name_show": "Ltg 3023-1 Gießen Nord" }, "geometry": { "type": "LineString", "coordinates": [ [ 8.8110054, 50.2042946 ], [ 8.8115615, 50.2045348 ] ] } },
{ "type": "Feature", "properties": { "voltage_kv": "380 kV; 110 kV", "operator_show": "TenneT TSO GmbH;Avacon Netz GmbH", "name_show": "–" }, "geometry": { "type": "LineString", "coordinates": [ [ 9.74635, 50.5287781 ], [ 9.718643, 50.496792199999987 ] ] } },
{ "type": "Feature", "properties": { "voltage_kv": "380 kV; 110 kV", "operator_show": "TenneT;Avacon Netz GmbH", "name_show": "–" }, "geometry": { "type": "LineString", "coordinates": [ [ 8.8054971, 50.7380815 ], [ 8.9223639, 50.8120142 ] ] } },
{ "type": "Feature", "properties": { "voltage_kv": "380 kV", "operator_show": "TenneT TSO GmbH", "name_show": "–" }, "geometry": { "type": "LineString", "coordinates": [ [ 9.8370016, 51.8400003 ], [ 9.8460111, 51.803493300000014 ] ] } },
{ "type": "Feature", "properties": { "voltage_kv": "380 kV; 110 kV", "operator_show": "TenneT;Avacon Netz", "name_show": "–" }, "geometry": { "type": "LineString", "coordinates": [ [ 9.2554872, 51.05480450000001 ], [ 9.2087649, 50.91010570000001 ] ] } },
{ "type": "Feature", "properties": { "voltage_kv": "380 kV", "operator_show": "TenneT", "name_show": "–" }, "geometry": { "type": "LineString", "coordinates": [ [ 9.2087649, 50.91010570000001 ], [ 9.2054018, 50.9073226 ] ] } },
{ "type": "Feature", "properties": { "voltage_kv": "380 kV; 110 kV", "operator_show": "TenneT;Avacon Netz", "name_show": "–" }, "geometry": { "type": "LineString", "coordinates": [ [ 9.0245308, 50.8451425 ], [ 8.9610488, 50.8246923 ] ] } },
{ "type": "Feature", "properties": { "voltage_kv": "380 kV; 220 kV; 110 kV", "operator_show": "Amprion;Westnetz", "name_show": "–" }, "geometry": { "type": "LineString", "coordinates": [ [ 6.6787747, 51.6558071 ], [ 6.7651462, 51.6691294 ] ] } },
{ "type": "Feature", "properties": { "voltage_kv": "380 kV", "operator_show": "Amprion", "name_show": "–" }, "geometry": { "type": "LineString", "coordinates": [ [ 7.4488206, 51.4102311 ], [ 7.4459844, 51.41453150000001 ] ] } },
{ "type": "Feature", "properties": { "voltage_kv": "380 kV", "operator_show": "50Hertz Transmission", "name_show": "Ltg 553 Schmölln" }, "geometry": { "type": "LineString", "coordinates": [ [ 14.945324, 51.0623862 ], [ 14.9455484, 51.061722 ] ] } },
{ "type": "Feature", "properties": { "voltage_kv": "380 kV", "operator_show": "50Hertz Transmission", "name_show": "Ltg 554 Schmölln" }, "geometry": { "type": "LineString", "coordinates": [ [ 14.9455826, 51.0623427 ], [ 14.9455484, 51.061722 ] ] } },
{ "type": "Feature", "properties": { "voltage_kv": "380 kV", "operator_show": "50Hertz Transmission", "name_show": "Ltg 567 Mikułowa (PL)" }, "geometry": { "type": "LineString", "coordinates": [ [ 14.9461028, 51.0622555 ], [ 14.9464611, 51.0613024 ] ] } },
{ "type": "Feature", "properties": { "voltage_kv": "380 kV", "operator_show": "50Hertz Transmission", "name_show": "Ltg 568 Mikułowa (PL)" }, "geometry": { "type": "LineString", "coordinates": [ [ 14.9466133, 51.0621689 ], [ 14.9464611, 51.0613024 ] ] } },
{ "type": "Feature", "properties": { "voltage_kv": "380 kV", "operator_show": "TransnetBW", "name_show": "–" }, "geometry": { "type": "LineString", "coordinates": [ [ 8.4407021, 49.2498871 ], [ 8.4408599, 49.250538599999985 ] ] } },
{ "type": "Feature", "properties": { "voltage_kv": "380 kV", "operator_show": "TransnetBW", "name_show": "–" }, "geometry": { "type": "LineString", "coordinates": [ [ 8.4413646, 49.2501623 ], [ 8.4410798, 49.2506299 ] ] } },
{ "type": "Feature", "properties": { "voltage_kv": "380 kV", "operator_show": "50Hertz Transmission", "name_show": "Ltg 446 Hradec (CZ)" }, "geometry": { "type": "LineString", "coordinates": [ [ 12.8170007, 50.8576927 ], [ 12.8175137, 50.8572523 ] ] } },
{ "type": "Feature", "properties": { "voltage_kv": "380 kV", "operator_show": "50Hertz Transmission", "name_show": "Ltg 445 Hradec (CZ)" }, "geometry": { "type": "LineString", "coordinates": [ [ 12.817525, 50.8576852 ], [ 12.8175137, 50.8572523 ] ] } },
{ "type": "Feature", "properties": { "voltage_kv": "380 kV", "operator_show": "TenneT TSO GmbH", "name_show": "LH-14-309" }, "geometry": { "type": "LineString", "coordinates": [ [ 8.5297465, 52.9627168 ], [ 8.4997036, 52.888148 ], [ 8.5203213, 52.8337634 ], [ 8.488059, 52.8021217 ] ] } },
{ "type": "Feature", "properties": { "voltage_kv": "380 kV; 220 kV", "operator_show": "50Hertz Transmission", "name_show": "Ltg 293 und 294 sowie 517 und 520" }, "geometry": { "type": "LineString", "coordinates": [ [ 13.5178606, 52.619963 ], [ 13.53362, 52.6192849 ] ] } },
{ "type": "Feature", "properties": { "voltage_kv": "380 kV; 220 kV", "operator_show": "50Hertz Transmission", "name_show": "Ltg 293 und 294 sowie 517" }, "geometry": { "type": "LineString", "coordinates": [ [ 13.5153197, 52.620090099999985 ], [ 13.5178606, 52.619963 ] ] } },
{ "type": "Feature", "properties": { "voltage_kv": "380 kV", "operator_show": "Amprion", "name_show": "–" }, "geometry": { "type": "LineString", "coordinates": [ [ 6.4792836, 49.921772399999988 ], [ 6.4779627, 49.9223207 ] ] } },
{ "type": "Feature", "properties": { "voltage_kv": "380 kV; 110 kV", "operator_show": "Amprion", "name_show": "–" }, "geometry": { "type": "LineString", "coordinates": [ [ 7.8588589, 51.5590545 ], [ 7.8021793, 51.528464 ], [ 7.7402453, 51.5170276 ] ] } },
{ "type": "Feature", "properties": { "voltage_kv": "380 kV; 110 kV", "operator_show": "Amprion;Westnetz", "name_show": "380 kV Siegtal Nord|Süd;110 kV Ittenbach Nord|Süd" }, "geometry": { "type": "LineString", "coordinates": [ [ 7.1938133, 50.790694299999977 ], [ 7.2402451, 50.772832 ] ] } },
{ "type": "Feature", "properties": { "voltage_kv": "380 kV", "operator_show": "TenneT TSO GmbH", "name_show": "LH-14-309" }, "geometry": { "type": "LineString", "coordinates": [ [ 8.553415, 52.9994414 ], [ 8.547885, 52.9938186 ] ] } },
{ "type": "Feature", "properties": { "voltage_kv": "380 kV", "operator_show": "TenneT TSO", "name_show": "–" }, "geometry": { "type": "LineString", "coordinates": [ [ 7.8404667, 53.3427212 ], [ 7.9281735, 53.3435761 ] ] } },
{ "type": "Feature", "properties": { "voltage_kv": "380 kV", "operator_show": "TenneT TSO", "name_show": "–" }, "geometry": { "type": "LineString", "coordinates": [ [ 7.9783902, 53.3441968 ], [ 8.0245654, 53.3554754 ], [ 8.046904, 53.3361506 ] ] } },
{ "type": "Feature", "properties": { "voltage_kv": "380 kV", "operator_show": "TenneT TSO", "name_show": "–" }, "geometry": { "type": "LineString", "coordinates": [ [ 7.6499458, 53.3570525 ], [ 7.5578319, 53.359746199999989 ], [ 7.532246, 53.3764526 ], [ 7.4787409, 53.3583653 ], [ 7.3813421, 53.356153100000014 ] ] } },
{ "type": "Feature", "properties": { "voltage_kv": "380 kV", "operator_show": "TenneT TSO", "name_show": "–" }, "geometry": { "type": "LineString", "coordinates": [ [ 7.2485347, 53.357124 ], [ 7.2494255, 53.3540586 ] ] } },
{ "type": "Feature", "properties": { "voltage_kv": "380 kV", "operator_show": "TenneT TSO", "name_show": "–" }, "geometry": { "type": "LineString", "coordinates": [ [ 7.2494255, 53.3540586 ], [ 7.2441625, 53.3551561 ] ] } },
{ "type": "Feature", "properties": { "voltage_kv": "380 kV", "operator_show": "TenneT TSO", "name_show": "–" }, "geometry": { "type": "LineString", "coordinates": [ [ 7.6921923, 53.3549755 ], [ 7.7499619, 53.347741399999983 ], [ 7.802037, 53.3590939 ], [ 7.8404667, 53.3427212 ] ] } },
{ "type": "Feature", "properties": { "voltage_kv": "380 kV", "operator_show": "–", "name_show": "–" }, "geometry": { "type": "LineString", "coordinates": [ [ 8.0477674, 53.3322662 ], [ 8.0494106, 53.332105200000015 ] ] } },
{ "type": "Feature", "properties": { "voltage_kv": "380 kV", "operator_show": "–", "name_show": "–" }, "geometry": { "type": "LineString", "coordinates": [ [ 8.0477674, 53.3322662 ], [ 8.0488348, 53.331747699999987 ] ] } },
{ "type": "Feature", "properties": { "voltage_kv": "380 kV", "operator_show": "TenneT TSO", "name_show": "315" }, "geometry": { "type": "LineString", "coordinates": [ [ 8.0085973, 53.3715901 ], [ 8.0120149, 53.3708204 ] ] } },
{ "type": "Feature", "properties": { "voltage_kv": "380 kV", "operator_show": "TenneT TSO", "name_show": "315" }, "geometry": { "type": "LineString", "coordinates": [ [ 8.0446503, 53.3402348 ], [ 8.049677, 53.3341085 ] ] } },
{ "type": "Feature", "properties": { "voltage_kv": "380 kV; 220 kV; 110 kV", "operator_show": "Amprion", "name_show": "380 kV Uchtelfangen Ost|West; 220 kV Osburg; 1110kV Hermeskeil Ost" }, "geometry": { "type": "LineString", "coordinates": [ [ 6.8890775, 49.644418899999984 ], [ 6.9060826, 49.600822599999987 ], [ 6.8742189, 49.5562128 ], [ 6.8867057, 49.5260375 ] ] } },
{ "type": "Feature", "properties": { "voltage_kv": "380 kV", "operator_show": "TenneT TSO GmbH", "name_show": "–" }, "geometry": { "type": "LineString", "coordinates": [ [ 10.004865, 51.99912 ], [ 9.982829, 51.98598 ] ] } },
{ "type": "Feature", "properties": { "voltage_kv": "380 kV", "operator_show": "TenneT TSO GmbH", "name_show": "–" }, "geometry": { "type": "LineString", "coordinates": [ [ 9.992235, 51.956257 ], [ 9.9894263, 51.9552925 ] ] } },
{ "type": "Feature", "properties": { "voltage_kv": "380 kV", "operator_show": "TenneT TSO", "name_show": "–" }, "geometry": { "type": "LineString", "coordinates": [ [ 9.9913852, 51.95358310000001 ], [ 9.9915243, 51.93954369999998 ] ] } },
{ "type": "Feature", "properties": { "voltage_kv": "380 kV", "operator_show": "TenneT TSO GmbH", "name_show": "–" }, "geometry": { "type": "LineString", "coordinates": [ [ 10.046167, 52.001871 ], [ 10.004865, 51.99912 ] ] } },
{ "type": "Feature", "properties": { "voltage_kv": "380 kV", "operator_show": "TenneT TSO GmbH", "name_show": "–" }, "geometry": { "type": "LineString", "coordinates": [ [ 10.079456, 52.017063 ], [ 10.046167, 52.001871 ] ] } },
{ "type": "Feature", "properties": { "voltage_kv": "380 kV", "operator_show": "TenneT TSO", "name_show": "–" }, "geometry": { "type": "LineString", "coordinates": [ [ 8.046904, 53.3361506 ], [ 8.0498022, 53.3323504 ] ] } },
{ "type": "Feature", "properties": { "voltage_kv": "380 kV", "operator_show": "TenneT TSO", "name_show": "–" }, "geometry": { "type": "LineString", "coordinates": [ [ 8.046904, 53.3361506 ], [ 8.0523262, 53.3310911 ] ] } },
{ "type": "Feature", "properties": { "voltage_kv": "380 kV", "operator_show": "–", "name_show": "–" }, "geometry": { "type": "LineString", "coordinates": [ [ 6.460028, 50.210764799999986 ], [ 6.4595713, 50.2105665 ] ] } },
{ "type": "Feature", "properties": { "voltage_kv": "380 kV", "operator_show": "–", "name_show": "–" }, "geometry": { "type": "LineString", "coordinates": [ [ 6.4601753, 50.210629299999979 ], [ 6.4596014, 50.2103834 ] ] } },
{ "type": "Feature", "properties": { "voltage_kv": "380 kV", "operator_show": "–", "name_show": "–" }, "geometry": { "type": "LineString", "coordinates": [ [ 6.4604702, 50.210365 ], [ 6.4599603, 50.2100357 ] ] } },
{ "type": "Feature", "properties": { "voltage_kv": "380 kV", "operator_show": "–", "name_show": "–" }, "geometry": { "type": "LineString", "coordinates": [ [ 6.4603255, 50.2104921 ], [ 6.4598813, 50.2102891 ] ] } },
{ "type": "Feature", "properties": { "voltage_kv": "380 kV", "operator_show": "TenneT TSO", "name_show": "–" }, "geometry": { "type": "LineString", "coordinates": [ [ 7.6499458, 53.3570525 ], [ 7.6517345, 53.3562123 ] ] } },
{ "type": "Feature", "properties": { "voltage_kv": "380 kV", "operator_show": "TenneT TSO", "name_show": "–" }, "geometry": { "type": "LineString", "coordinates": [ [ 7.6499458, 53.3570525 ], [ 7.6515121, 53.3561221 ] ] } },
{ "type": "Feature", "properties": { "voltage_kv": "380 kV", "operator_show": "TenneT TSO", "name_show": "–" }, "geometry": { "type": "LineString", "coordinates": [ [ 7.6878773, 53.3570965 ], [ 7.6921923, 53.3549755 ] ] } },
{ "type": "Feature", "properties": { "voltage_kv": "380 kV", "operator_show": "TenneT TSO", "name_show": "–" }, "geometry": { "type": "LineString", "coordinates": [ [ 7.6877886, 53.3568975 ], [ 7.6921923, 53.3549755 ] ] } },
{ "type": "Feature", "properties": { "voltage_kv": "380 kV", "operator_show": "TenneT TSO", "name_show": "–" }, "geometry": { "type": "LineString", "coordinates": [ [ 7.9281735, 53.3435761 ], [ 7.9343889, 53.342920899999989 ] ] } },
{ "type": "Feature", "properties": { "voltage_kv": "380 kV", "operator_show": "TenneT TSO", "name_show": "–" }, "geometry": { "type": "LineString", "coordinates": [ [ 7.9281735, 53.3435761 ], [ 7.9343304, 53.3427474 ] ] } },
{ "type": "Feature", "properties": { "voltage_kv": "380 kV", "operator_show": "–", "name_show": "–" }, "geometry": { "type": "LineString", "coordinates": [ [ 7.972238, 53.3438087 ], [ 7.9783902, 53.3441968 ] ] } },
{ "type": "Feature", "properties": { "voltage_kv": "380 kV", "operator_show": "–", "name_show": "–" }, "geometry": { "type": "LineString", "coordinates": [ [ 7.9722793, 53.343627599999984 ], [ 7.9783902, 53.3441968 ] ] } },
{ "type": "Feature", "properties": { "voltage_kv": "380 kV", "operator_show": "TenneT TSO", "name_show": "–" }, "geometry": { "type": "LineString", "coordinates": [ [ 7.3813421, 53.356153100000014 ], [ 7.2494255, 53.3540586 ] ] } },
{ "type": "Feature", "properties": { "voltage_kv": "380 kV", "operator_show": "TenneT TSO GmbH", "name_show": "Aschaffenburg - Großkrotzenburg;Großkrotzenburg - Grafenrheinfeld" }, "geometry": { "type": "LineString", "coordinates": [ [ 9.0532166, 50.001185 ], [ 9.0533042, 50.005094499999984 ] ] } },
{ "type": "Feature", "properties": { "voltage_kv": "380 kV", "operator_show": "TenneT TSO GmbH", "name_show": "Aschaffenburg - Großkrotzenburg;Großkrotzenburg - Grafenrheinfeld" }, "geometry": { "type": "LineString", "coordinates": [ [ 9.0887114, 49.97223240000001 ], [ 9.0532166, 50.001185 ] ] } },
{ "type": "Feature", "properties": { "voltage_kv": "380 kV", "operator_show": "RWE", "name_show": "Untermain Süd;Karlstein Süd" }, "geometry": { "type": "LineString", "coordinates": [ [ 8.9731195, 50.0803596 ], [ 8.975633, 50.077961 ] ] } },
{ "type": "Feature", "properties": { "voltage_kv": "380 kV", "operator_show": "RWE", "name_show": "Untermain Süd;Karlstein Süd" }, "geometry": { "type": "LineString", "coordinates": [ [ 8.9559071, 50.0815275 ], [ 8.9731195, 50.0803596 ] ] } },
{ "type": "Feature", "properties": { "voltage_kv": "380 kV", "operator_show": "–", "name_show": "–" }, "geometry": { "type": "LineString", "coordinates": [ [ 7.972238, 53.3438087 ], [ 7.9718958, 53.3437789 ] ] } },
{ "type": "Feature", "properties": { "voltage_kv": "380 kV", "operator_show": "–", "name_show": "–" }, "geometry": { "type": "LineString", "coordinates": [ [ 7.9722793, 53.343627599999984 ], [ 7.9719288, 53.3435957 ] ] } },
{ "type": "Feature", "properties": { "voltage_kv": "380 kV", "operator_show": "TenneT TSO", "name_show": "–" }, "geometry": { "type": "LineString", "coordinates": [ [ 7.9343889, 53.342920899999989 ], [ 7.9347662, 53.3428754 ] ] } },
{ "type": "Feature", "properties": { "voltage_kv": "380 kV", "operator_show": "TenneT TSO", "name_show": "–" }, "geometry": { "type": "LineString", "coordinates": [ [ 7.9343304, 53.3427474 ], [ 7.934706, 53.3426948 ] ] } },
{ "type": "Feature", "properties": { "voltage_kv": "380 kV", "operator_show": "TenneT TSO", "name_show": "–" }, "geometry": { "type": "LineString", "coordinates": [ [ 7.6875783, 53.3571413 ], [ 7.6878773, 53.3570965 ] ] } },
{ "type": "Feature", "properties": { "voltage_kv": "380 kV", "operator_show": "TenneT TSO", "name_show": "–" }, "geometry": { "type": "LineString", "coordinates": [ [ 7.6874758, 53.3569564 ], [ 7.6877886, 53.3568975 ] ] } },
{ "type": "Feature", "properties": { "voltage_kv": "380 kV", "operator_show": "TenneT TSO", "name_show": "–" }, "geometry": { "type": "LineString", "coordinates": [ [ 7.6517345, 53.3562123 ], [ 7.6519636, 53.3560013 ] ] } },
{ "type": "Feature", "properties": { "voltage_kv": "380 kV", "operator_show": "TenneT TSO", "name_show": "–" }, "geometry": { "type": "LineString", "coordinates": [ [ 7.6515121, 53.3561221 ], [ 7.651748, 53.3559186 ] ] } },
{ "type": "Feature", "properties": { "voltage_kv": "380 kV", "operator_show": "–", "name_show": "–" }, "geometry": { "type": "LineString", "coordinates": [ [ 7.2441625, 53.3551561 ], [ 7.2430448, 53.356419799999983 ] ] } },
{ "type": "Feature", "properties": { "voltage_kv": "380 kV", "operator_show": "–", "name_show": "–" }, "geometry": { "type": "LineString", "coordinates": [ [ 7.2485347, 53.357124 ], [ 7.247105, 53.3581754 ] ] } },
{ "type": "Feature", "properties": { "voltage_kv": "380 kV", "operator_show": "Amprion", "name_show": "–" }, "geometry": { "type": "LineString", "coordinates": [ [ 8.6561397, 52.00029940000001 ], [ 8.657173, 51.9993369 ] ] } },
{ "type": "Feature", "properties": { "voltage_kv": "380 kV", "operator_show": "50Hertz Transmission", "name_show": "Ltg 559 Preilack - Altdöbern und 560 Preilack - Streumen" }, "geometry": { "type": "LineString", "coordinates": [ [ 14.4246955, 51.8906312 ], [ 14.2255062, 51.852754699999984 ], [ 14.1784311, 51.76841240000001 ], [ 14.1881839, 51.6837557 ], [ 14.1286485, 51.6695877 ], [ 14.0529348, 51.6762851 ], [ 14.0034193, 51.6407318 ] ] } },
{ "type": "Feature", "properties": { "voltage_kv": "380 kV", "operator_show": "50Hertz Transmission", "name_show": "Ltg 560 Preilack - Streumen" }, "geometry": { "type": "LineString", "coordinates": [ [ 14.0034193, 51.6407318 ], [ 13.9967795, 51.6397445 ] ] } },
{ "type": "Feature", "properties": { "voltage_kv": "380 kV", "operator_show": "50Hertz Transmission", "name_show": "Ltg 559 Preilack" }, "geometry": { "type": "LineString", "coordinates": [ [ 14.0034193, 51.6407318 ], [ 14.0010357, 51.640052299999986 ] ] } },
{ "type": "Feature", "properties": { "voltage_kv": "380 kV", "operator_show": "50Hertz Transmission", "name_show": "Ltg ___ Streumen" }, "geometry": { "type": "LineString", "coordinates": [ [ 13.9990932, 51.6394529 ], [ 13.9967795, 51.6397445 ] ] } },
{ "type": "Feature", "properties": { "voltage_kv": "380 kV", "operator_show": "TransnetBW", "name_show": "Daxlanden - Philippsburg" }, "geometry": { "type": "LineString", "coordinates": [ [ 8.4414088, 49.24592530000001 ], [ 8.4412766, 49.248979199999987 ] ] } },
{ "type": "Feature", "properties": { "voltage_kv": "380 kV", "operator_show": "–", "name_show": "–" }, "geometry": { "type": "LineString", "coordinates": [ [ 8.6561397, 52.00029940000001 ], [ 8.6574331, 51.9993847 ] ] } },
{ "type": "Feature", "properties": { "voltage_kv": "380 kV", "operator_show": "–", "name_show": "–" }, "geometry": { "type": "LineString", "coordinates": [ [ 8.3664625, 51.9271171 ], [ 8.365649, 51.9273525 ] ] } },
{ "type": "Feature", "properties": { "voltage_kv": "380 kV", "operator_show": "TenneT", "name_show": "–" }, "geometry": { "type": "LineString", "coordinates": [ [ 9.3138367, 54.726627599999979 ], [ 9.3130985, 54.7278403 ] ] } },
{ "type": "Feature", "properties": { "voltage_kv": "380 kV", "operator_show": "TenneT", "name_show": "–" }, "geometry": { "type": "LineString", "coordinates": [ [ 9.3138367, 54.726627599999979 ], [ 9.3125461, 54.7277883 ] ] } },
{ "type": "Feature", "properties": { "voltage_kv": "380 kV", "operator_show": "TenneT TSO GmbH", "name_show": "–" }, "geometry": { "type": "LineString", "coordinates": [ [ 9.3182474, 54.728232 ], [ 9.3192601, 54.7268817 ] ] } },
{ "type": "Feature", "properties": { "voltage_kv": "380 kV", "operator_show": "TenneT TSO GmbH", "name_show": "–" }, "geometry": { "type": "LineString", "coordinates": [ [ 9.3185284, 54.7282435 ], [ 9.3192601, 54.7268817 ] ] } },
{ "type": "Feature", "properties": { "voltage_kv": "380 kV", "operator_show": "Amprion", "name_show": "380 kV Uchtelfangen Ost" }, "geometry": { "type": "LineString", "coordinates": [ [ 6.8135928, 49.7240555 ], [ 6.8124059, 49.7236231 ] ] } },
{ "type": "Feature", "properties": { "voltage_kv": "380 kV; 220 kV", "operator_show": "Amprion", "name_show": "380 kV Gilzem Ost; Uchtelfangen West; 220 kV Osburg" }, "geometry": { "type": "LineString", "coordinates": [ [ 6.7519726, 49.8400663 ], [ 6.7934258, 49.819267 ] ] } },
{ "type": "Feature", "properties": { "voltage_kv": "380 kV", "operator_show": "–", "name_show": "–" }, "geometry": { "type": "LineString", "coordinates": [ [ 10.936569, 48.4016672 ], [ 10.9367276, 48.4017088 ] ] } },
{ "type": "Feature", "properties": { "voltage_kv": "380 kV", "operator_show": "–", "name_show": "–" }, "geometry": { "type": "LineString", "coordinates": [ [ 10.9366919, 48.40149490000001 ], [ 10.936843, 48.4015369 ] ] } },
{ "type": "Feature", "properties": { "voltage_kv": "380 kV", "operator_show": "–", "name_show": "–" }, "geometry": { "type": "LineString", "coordinates": [ [ 10.9387949, 48.402167 ], [ 10.9368456, 48.4017755 ] ] } },
{ "type": "Feature", "properties": { "voltage_kv": "380 kV", "operator_show": "–", "name_show": "–" }, "geometry": { "type": "LineString", "coordinates": [ [ 10.9387949, 48.402167 ], [ 10.936948, 48.4016229 ] ] } },
{ "type": "Feature", "properties": { "voltage_kv": "380 kV", "operator_show": "TenneT TSO", "name_show": "–" }, "geometry": { "type": "LineString", "coordinates": [ [ 8.8696856, 54.7930858 ], [ 8.874638, 54.7912216 ] ] } },
{ "type": "Feature", "properties": { "voltage_kv": "380 kV", "operator_show": "–", "name_show": "–" }, "geometry": { "type": "LineString", "coordinates": [ [ 8.8691733, 54.7938712 ], [ 8.8696856, 54.7930858 ] ] } },
{ "type": "Feature", "properties": { "voltage_kv": "380 kV", "operator_show": "–", "name_show": "–" }, "geometry": { "type": "LineString", "coordinates": [ [ 8.868518, 54.7935625 ], [ 8.8696856, 54.7930858 ] ] } },
{ "type": "Feature", "properties": { "voltage_kv": "380 kV; 110 kV", "operator_show": "–", "name_show": "–" }, "geometry": { "type": "LineString", "coordinates": [ [ 9.0742942, 54.5125556 ], [ 9.0057254, 54.5895968 ] ] } },
{ "type": "Feature", "properties": { "voltage_kv": "380 kV; 110 kV", "operator_show": "TenneT TSO;Schleswig-Holstein Netz AG", "name_show": "–" }, "geometry": { "type": "LineString", "coordinates": [ [ 9.0127159, 54.6199011 ], [ 8.9963671, 54.6370913 ] ] } },
{ "type": "Feature", "properties": { "voltage_kv": "380 kV; 110 kV", "operator_show": "TenneT TSO;Schleswig-Holstein Netz AG", "name_show": "–" }, "geometry": { "type": "LineString", "coordinates": [ [ 8.9963671, 54.6370913 ], [ 8.9652032, 54.697906699999983 ] ] } },
{ "type": "Feature", "properties": { "voltage_kv": "380 kV; 110 kV", "operator_show": "TenneT TSO;Schleswig-Holstein Netz AG", "name_show": "–" }, "geometry": { "type": "LineString", "coordinates": [ [ 8.9652032, 54.697906699999983 ], [ 8.9179498, 54.73312439999998 ] ] } },
{ "type": "Feature", "properties": { "voltage_kv": "380 kV; 110 kV", "operator_show": "TenneT TSO;Schleswig-Holstein Netz AG", "name_show": "–" }, "geometry": { "type": "LineString", "coordinates": [ [ 8.9179498, 54.73312439999998 ], [ 8.874638, 54.7912216 ] ] } },
{ "type": "Feature", "properties": { "voltage_kv": "380 kV; 220 kV", "operator_show": "–", "name_show": "–" }, "geometry": { "type": "LineString", "coordinates": [ [ 7.1351176, 51.552580599999978 ], [ 7.1346174, 51.5520474 ] ] } },
{ "type": "Feature", "properties": { "voltage_kv": "380 kV; 110 kV; 110 kV; 110 kV", "operator_show": "Westnetz", "name_show": "–" }, "geometry": { "type": "LineString", "coordinates": [ [ 7.7504029, 52.287422300000017 ], [ 7.7471419, 52.284171399999984 ] ] } },
{ "type": "Feature", "properties": { "voltage_kv": "380 kV; 110 kV; 110 kV; 110 kV", "operator_show": "RWE", "name_show": "110kV Uffeln Nord+Süd" }, "geometry": { "type": "LineString", "coordinates": [ [ 7.7497917, 52.28921 ], [ 7.7504029, 52.287422300000017 ] ] } },
{ "type": "Feature", "properties": { "voltage_kv": "380 kV", "operator_show": "Energieversorgung Schwaben AG", "name_show": "Grafenrheinfeld - Kupferzell" }, "geometry": { "type": "LineString", "coordinates": [ [ 9.9430617, 49.579071199999987 ], [ 9.9300312, 49.5727679 ] ] } },
{ "type": "Feature", "properties": { "voltage_kv": "380 kV", "operator_show": "–", "name_show": "–" }, "geometry": { "type": "LineString", "coordinates": [ [ 9.9435948, 49.5784303 ], [ 9.9445957, 49.5786788 ] ] } },
{ "type": "Feature", "properties": { "voltage_kv": "380 kV", "operator_show": "–", "name_show": "–" }, "geometry": { "type": "LineString", "coordinates": [ [ 10.2138951, 47.9386108 ], [ 10.2101214, 47.9368767 ] ] } },
{ "type": "Feature", "properties": { "voltage_kv": "380 kV", "operator_show": "RWE", "name_show": "Vöhringen Ost;Füssen West" }, "geometry": { "type": "LineString", "coordinates": [ [ 10.2117546, 47.9357168 ], [ 10.2142605, 47.9380159 ] ] } },
{ "type": "Feature", "properties": { "voltage_kv": "380 kV; 220 kV; 110 kV", "operator_show": "Amprion", "name_show": "380 kV Gilzem Ost;Uchtelfangen West;220 kV Osburg" }, "geometry": { "type": "LineString", "coordinates": [ [ 6.7031846, 49.8300304 ], [ 6.7519726, 49.8400663 ] ] } },
{ "type": "Feature", "properties": { "voltage_kv": "380 kV", "operator_show": "50Hertz Transmission", "name_show": "Tr 404" }, "geometry": { "type": "LineString", "coordinates": [ [ 13.3833617, 51.3565665 ], [ 13.382111, 51.3566944 ] ] } },
{ "type": "Feature", "properties": { "voltage_kv": "380 kV", "operator_show": "TenneT TSO GmbH", "name_show": "–" }, "geometry": { "type": "LineString", "coordinates": [ [ 11.8675785, 48.2076385 ], [ 11.8673708, 48.2068844 ] ] } },
{ "type": "Feature", "properties": { "voltage_kv": "380 kV", "operator_show": "TenneT TSO", "name_show": "–" }, "geometry": { "type": "LineString", "coordinates": [ [ 11.8663349, 48.2085132 ], [ 11.8675785, 48.2076385 ] ] } },
{ "type": "Feature", "properties": { "voltage_kv": "380 kV", "operator_show": "TenneT TSO GmbH", "name_show": "Irsching - Ottenhofen;Oberbachern - Ottenhofen" }, "geometry": { "type": "LineString", "coordinates": [ [ 11.8681753, 48.2076823 ], [ 11.8678556, 48.2069097 ] ] } },
{ "type": "Feature", "properties": { "voltage_kv": "380 kV", "operator_show": "TenneT TSO GmbH", "name_show": "Irsching - Ottenhofen;Oberbachern - Ottenhofen" }, "geometry": { "type": "LineString", "coordinates": [ [ 11.8668843, 48.208809399999986 ], [ 11.8681753, 48.2076823 ] ] } },
{ "type": "Feature", "properties": { "voltage_kv": "380 kV", "operator_show": "TenneT TSO GmbH", "name_show": "Isar - Ottenhofen" }, "geometry": { "type": "LineString", "coordinates": [ [ 11.8698082, 48.2070371 ], [ 11.8702567, 48.2075718 ] ] } },
{ "type": "Feature", "properties": { "voltage_kv": "380 kV", "operator_show": "TenneT TSO GmbH", "name_show": "Isar - Ottenhofen" }, "geometry": { "type": "LineString", "coordinates": [ [ 11.8700301, 48.2070528 ], [ 11.8695482, 48.2070184 ] ] } },
{ "type": "Feature", "properties": { "voltage_kv": "380 kV", "operator_show": "Stadtwerke München", "name_show": "OH-FO" }, "geometry": { "type": "LineString", "coordinates": [ [ 11.8658586, 48.207411599999986 ], [ 11.8666504, 48.206831 ] ] } },
{ "type": "Feature", "properties": { "voltage_kv": "380 kV", "operator_show": "Stadtwerke München", "name_show": "OH-FO" }, "geometry": { "type": "LineString", "coordinates": [ [ 11.8658586, 48.207411599999986 ], [ 11.866438, 48.2068229 ] ] } },
{ "type": "Feature", "properties": { "voltage_kv": "380 kV", "operator_show": "50Hertz Transmission", "name_show": "Ltg 501 Schönewalde" }, "geometry": { "type": "LineString", "coordinates": [ [ 13.9008002, 51.8763714 ], [ 13.8989056, 51.8775954 ] ] } },
{ "type": "Feature", "properties": { "voltage_kv": "380 kV", "operator_show": "50Hertz Transmission", "name_show": "Ltg 562 Streumen" }, "geometry": { "type": "LineString", "coordinates": [ [ 13.9003201, 51.8762282 ], [ 13.8981156, 51.8773119 ] ] } },
{ "type": "Feature", "properties": { "voltage_kv": "380 kV", "operator_show": "50Hertz Transmission", "name_show": "Ltg 561 Streumen" }, "geometry": { "type": "LineString", "coordinates": [ [ 13.8996227, 51.8759798 ], [ 13.8981156, 51.8773119 ] ] } },
{ "type": "Feature", "properties": { "voltage_kv": "380 kV", "operator_show": "50Hertz Transmission", "name_show": "–" }, "geometry": { "type": "LineString", "coordinates": [ [ 11.6451857, 50.533879499999976 ], [ 11.6463551, 50.5340823 ] ] } },
{ "type": "Feature", "properties": { "voltage_kv": "380 kV", "operator_show": "50Hertz Transmission", "name_show": "–" }, "geometry": { "type": "LineString", "coordinates": [ [ 11.6452578, 50.5337192 ], [ 11.6464271, 50.5339229 ] ] } },
{ "type": "Feature", "properties": { "voltage_kv": "380 kV", "operator_show": "–", "name_show": "–" }, "geometry": { "type": "LineString", "coordinates": [ [ 8.3655621, 51.9275034 ], [ 8.3662581, 51.9278708 ] ] } },
{ "type": "Feature", "properties": { "voltage_kv": "380 kV", "operator_show": "–", "name_show": "–" }, "geometry": { "type": "LineString", "coordinates": [ [ 11.004887, 50.5074868 ], [ 11.0054073, 50.5073018 ] ] } },
{ "type": "Feature", "properties": { "voltage_kv": "380 kV", "operator_show": "–", "name_show": "–" }, "geometry": { "type": "LineString", "coordinates": [ [ 11.0049228, 50.5073071 ], [ 11.0054073, 50.5073018 ] ] } },
{ "type": "Feature", "properties": { "voltage_kv": "380 kV", "operator_show": "–", "name_show": "–" }, "geometry": { "type": "LineString", "coordinates": [ [ 6.599904, 50.952243699999983 ], [ 6.5981747, 50.952982 ] ] } },
{ "type": "Feature", "properties": { "voltage_kv": "380 kV", "operator_show": "–", "name_show": "–" }, "geometry": { "type": "LineString", "coordinates": [ [ 6.599904, 50.952243699999983 ], [ 6.5980753, 50.9528152 ] ] } },
{ "type": "Feature", "properties": { "voltage_kv": "380 kV", "operator_show": "TenneT TSO", "name_show": "–" }, "geometry": { "type": "LineString", "coordinates": [ [ 11.1928163, 50.160461699999985 ], [ 11.1915776, 50.160726299999979 ] ] } },
{ "type": "Feature", "properties": { "voltage_kv": "380 kV", "operator_show": "TenneT TSO", "name_show": "–" }, "geometry": { "type": "LineString", "coordinates": [ [ 11.192986, 50.1607674 ], [ 11.1917498, 50.1610367 ] ] } },
{ "type": "Feature", "properties": { "voltage_kv": "380 kV", "operator_show": "TenneT TSO", "name_show": "–" }, "geometry": { "type": "LineString", "coordinates": [ [ 11.1930702, 50.1609191 ], [ 11.1918335, 50.1611877 ] ] } },
{ "type": "Feature", "properties": { "voltage_kv": "380 kV", "operator_show": "TenneT TSO", "name_show": "–" }, "geometry": { "type": "LineString", "coordinates": [ [ 11.1931559, 50.1610734 ], [ 11.1919176, 50.1613392 ] ] } },
{ "type": "Feature", "properties": { "voltage_kv": "380 kV", "operator_show": "TenneT TSO", "name_show": "–" }, "geometry": { "type": "LineString", "coordinates": [ [ 11.1936639, 50.1619886 ], [ 11.1924242, 50.1622526 ] ] } },
{ "type": "Feature", "properties": { "voltage_kv": "380 kV", "operator_show": "TenneT TSO", "name_show": "–" }, "geometry": { "type": "LineString", "coordinates": [ [ 11.1937478, 50.1621398 ], [ 11.1925095, 50.1624063 ] ] } },
{ "type": "Feature", "properties": { "voltage_kv": "380 kV", "operator_show": "TenneT TSO", "name_show": "–" }, "geometry": { "type": "LineString", "coordinates": [ [ 11.1940917, 50.162759299999976 ], [ 11.1928496, 50.1631409 ] ] } },
{ "type": "Feature", "properties": { "voltage_kv": "380 kV", "operator_show": "TenneT TSO", "name_show": "Ltg 413 Remptendorf" }, "geometry": { "type": "LineString", "coordinates": [ [ 11.1925936, 50.1625578 ], [ 11.19199, 50.163171799999986 ] ] } },
{ "type": "Feature", "properties": { "voltage_kv": "380 kV", "operator_show": "TenneT TSO", "name_show": "Ltg 436 Redwitz" }, "geometry": { "type": "LineString", "coordinates": [ [ 11.1067219, 49.9792019 ], [ 11.1076596, 49.9806303 ] ] } },
{ "type": "Feature", "properties": { "voltage_kv": "380 kV", "operator_show": "TenneT TSO", "name_show": "–" }, "geometry": { "type": "LineString", "coordinates": [ [ 11.8111677, 50.18365 ], [ 11.8107784, 50.1830915 ] ] } },
{ "type": "Feature", "properties": { "voltage_kv": "380 kV; 0 kV", "operator_show": "TenneT TSO", "name_show": "Ltg 437 und 248 Etzenricht - Mechlenreuth" }, "geometry": { "type": "LineString", "coordinates": [ [ 12.1131468, 49.6325207 ], [ 12.1135949, 49.6333954 ] ] } },
{ "type": "Feature", "properties": { "voltage_kv": "380 kV", "operator_show": "TenneT TSO", "name_show": "Ltg 437 Mechlenreuth" }, "geometry": { "type": "LineString", "coordinates": [ [ 12.1130979, 49.6317156 ], [ 12.1131468, 49.6325207 ] ] } },
{ "type": "Feature", "properties": { "voltage_kv": "380 kV", "operator_show": "TenneT TSO", "name_show": "Ltg 457 Schwandorf" }, "geometry": { "type": "LineString", "coordinates": [ [ 12.1120782, 49.6310664 ], [ 12.1116542, 49.63028880000001 ] ] } },
{ "type": "Feature", "properties": { "voltage_kv": "380 kV", "operator_show": "–", "name_show": "Ltg A Graustein" }, "geometry": { "type": "LineString", "coordinates": [ [ 14.355336, 51.533627 ], [ 14.3574505, 51.533726799999975 ] ] } },
{ "type": "Feature", "properties": { "voltage_kv": "380 kV", "operator_show": "RWE", "name_show": "–" }, "geometry": { "type": "LineString", "coordinates": [ [ 7.8568508, 49.8674728 ], [ 7.8184428, 49.892259799999984 ], [ 7.8185618, 49.9218667 ] ] } },
{ "type": "Feature", "properties": { "voltage_kv": "380 kV; 220 kV", "operator_show": "RWE", "name_show": "–" }, "geometry": { "type": "LineString", "coordinates": [ [ 8.2914412, 49.528176299999984 ], [ 8.295656, 49.529997 ] ] } },
{ "type": "Feature", "properties": { "voltage_kv": "380 kV; 220 kV", "operator_show": "RWE", "name_show": "–" }, "geometry": { "type": "LineString", "coordinates": [ [ 8.2877738, 49.526527599999987 ], [ 8.2914412, 49.528176299999984 ] ] } },
{ "type": "Feature", "properties": { "voltage_kv": "380 kV; 220 kV", "operator_show": "RWE", "name_show": "Kaiserslautern Süd; Eisbach Süd; Weingarten Ltg.; Roxheim Süd" }, "geometry": { "type": "LineString", "coordinates": [ [ 8.2923428, 49.5227263 ], [ 8.2877738, 49.526527599999987 ] ] } },
{ "type": "Feature", "properties": { "voltage_kv": "380 kV", "operator_show": "Amprion", "name_show": "–" }, "geometry": { "type": "LineString", "coordinates": [ [ 7.2396134, 49.3600082 ], [ 7.2405489, 49.358212 ] ] } },
{ "type": "Feature", "properties": { "voltage_kv": "380 kV", "operator_show": "–", "name_show": "–" }, "geometry": { "type": "LineString", "coordinates": [ [ 7.5950063, 50.3870218 ], [ 7.5977456, 50.386003699999989 ] ] } },
{ "type": "Feature", "properties": { "voltage_kv": "380 kV", "operator_show": "–", "name_show": "–" }, "geometry": { "type": "LineString", "coordinates": [ [ 7.5946829, 50.387222299999976 ], [ 7.5942285, 50.385904399999987 ] ] } },
{ "type": "Feature", "properties": { "voltage_kv": "380 kV", "operator_show": "–", "name_show": "–" }, "geometry": { "type": "LineString", "coordinates": [ [ 7.5952199, 50.3870339 ], [ 7.5947946, 50.385885 ] ] } },
{ "type": "Feature", "properties": { "voltage_kv": "380 kV", "operator_show": "Amprion", "name_show": "Anlage 315" }, "geometry": { "type": "LineString", "coordinates": [ [ 9.192349, 48.915112500000021 ], [ 9.1919545, 48.916212199999983 ] ] } },
{ "type": "Feature", "properties": { "voltage_kv": "380 kV", "operator_show": "Amprion", "name_show": "Anlage 315" }, "geometry": { "type": "LineString", "coordinates": [ [ 9.1920712, 48.915136199999985 ], [ 9.1919545, 48.916212199999983 ] ] } },
{ "type": "Feature", "properties": { "voltage_kv": "380 kV", "operator_show": "Amprion GmbH", "name_show": "–" }, "geometry": { "type": "LineString", "coordinates": [ [ 9.1900225, 48.916324300000014 ], [ 9.1893612, 48.9153615 ] ] } },
{ "type": "Feature", "properties": { "voltage_kv": "380 kV", "operator_show": "Amprion", "name_show": "Emsland-D1|D2|D0" }, "geometry": { "type": "LineString", "coordinates": [ [ 7.3038092, 52.4822632 ], [ 7.3043171, 52.4821571 ] ] } },
{ "type": "Feature", "properties": { "voltage_kv": "380 kV", "operator_show": "Amprion", "name_show": "Emsland-D1|D2|D0" }, "geometry": { "type": "LineString", "coordinates": [ [ 7.304226, 52.4823859 ], [ 7.3043171, 52.4821571 ] ] } },
{ "type": "Feature", "properties": { "voltage_kv": "380 kV", "operator_show": "–", "name_show": "–" }, "geometry": { "type": "LineString", "coordinates": [ [ 7.3120652, 52.4743563 ], [ 7.3114612, 52.4744002 ] ] } },
{ "type": "Feature", "properties": { "voltage_kv": "380 kV", "operator_show": "–", "name_show": "KKI 2-Is" }, "geometry": { "type": "LineString", "coordinates": [ [ 12.2906435, 48.6053085 ], [ 12.2910313, 48.6053367 ] ] } },
{ "type": "Feature", "properties": { "voltage_kv": "380 kV", "operator_show": "–", "name_show": "KKI 2-Is" }, "geometry": { "type": "LineString", "coordinates": [ [ 12.2906435, 48.6053085 ], [ 12.2909566, 48.6054951 ] ] } },
{ "type": "Feature", "properties": { "voltage_kv": "380 kV; 220 kV", "operator_show": "50Hertz Transmission", "name_show": "Ltg 436 Perleberg - Parchim Süd und 332 Wolmirstedt - Parchim Süd" }, "geometry": { "type": "LineString", "coordinates": [ [ 11.8437867, 53.2845189 ], [ 11.8630845, 53.382264 ] ] } },
{ "type": "Feature", "properties": { "voltage_kv": "380 kV", "operator_show": "50Hertz Transmission", "name_show": "Ltg 531 Ragow - Jessen Nord und 532 Ragow - Förderstedt" }, "geometry": { "type": "LineString", "coordinates": [ [ 13.8996702, 51.877846899999987 ], [ 13.8137386, 51.9121204 ], [ 13.7261696, 51.9024704 ], [ 13.6733116, 51.873309299999988 ], [ 13.3463362, 51.8372587 ], [ 13.1352158, 51.828876299999983 ], [ 13.0304176, 51.8042891 ] ] } },
{ "type": "Feature", "properties": { "voltage_kv": "380 kV", "operator_show": "–", "name_show": "–" }, "geometry": { "type": "LineString", "coordinates": [ [ 10.2496755, 48.4166054 ], [ 10.2522611, 48.4111648 ] ] } },
{ "type": "Feature", "properties": { "voltage_kv": "380 kV", "operator_show": "Amprion", "name_show": "–" }, "geometry": { "type": "LineString", "coordinates": [ [ 7.0550204, 51.693146799999987 ], [ 7.0546322, 51.6936523 ] ] } },
{ "type": "Feature", "properties": { "voltage_kv": "380 kV", "operator_show": "Amprion", "name_show": "–" }, "geometry": { "type": "LineString", "coordinates": [ [ 7.0550204, 51.693146799999987 ], [ 7.0548659, 51.6937174 ] ] } },
{ "type": "Feature", "properties": { "voltage_kv": "380 kV", "operator_show": "Amprion", "name_show": "–" }, "geometry": { "type": "LineString", "coordinates": [ [ 7.054552, 51.6953272 ], [ 7.0544896, 51.695700399999986 ] ] } },
{ "type": "Feature", "properties": { "voltage_kv": "380 kV", "operator_show": "Amprion", "name_show": "–" }, "geometry": { "type": "LineString", "coordinates": [ [ 7.0544896, 51.695700399999986 ], [ 7.0547911, 51.6954075 ] ] } },
{ "type": "Feature", "properties": { "voltage_kv": "380 kV", "operator_show": "Amprion", "name_show": "–" }, "geometry": { "type": "LineString", "coordinates": [ [ 7.0560613, 51.694044299999987 ], [ 7.056481, 51.6935955 ] ] } },
{ "type": "Feature", "properties": { "voltage_kv": "380 kV", "operator_show": "Amprion", "name_show": "–" }, "geometry": { "type": "LineString", "coordinates": [ [ 7.056481, 51.6935955 ], [ 7.0562791, 51.6941034 ] ] } },
{ "type": "Feature", "properties": { "voltage_kv": "380 kV", "operator_show": "Amprion", "name_show": "–" }, "geometry": { "type": "LineString", "coordinates": [ [ 7.0565087, 51.6941634 ], [ 7.056961, 51.6937114 ] ] } },
{ "type": "Feature", "properties": { "voltage_kv": "380 kV", "operator_show": "Amprion", "name_show": "–" }, "geometry": { "type": "LineString", "coordinates": [ [ 7.056961, 51.6937114 ], [ 7.0567237, 51.6942303 ] ] } },
{ "type": "Feature", "properties": { "voltage_kv": "380 kV", "operator_show": "Amprion", "name_show": "380kV Recklinghausen+Westfalen West" }, "geometry": { "type": "LineString", "coordinates": [ [ 7.057495, 51.6938419 ], [ 7.0569724, 51.6943157 ] ] } },
{ "type": "Feature", "properties": { "voltage_kv": "380 kV", "operator_show": "Amprion", "name_show": "380kV Recklinghausen+Westfalen West" }, "geometry": { "type": "LineString", "coordinates": [ [ 7.0572187, 51.6943904 ], [ 7.057495, 51.6938419 ] ] } },
{ "type": "Feature", "properties": { "voltage_kv": "380 kV", "operator_show": "RWE", "name_show": "380kV Weitmar West" }, "geometry": { "type": "LineString", "coordinates": [ [ 7.121608, 51.4480898 ], [ 7.1228918, 51.4482964 ] ] } },
{ "type": "Feature", "properties": { "voltage_kv": "380 kV", "operator_show": "RWE", "name_show": "380kV Oerkhaus West" }, "geometry": { "type": "LineString", "coordinates": [ [ 7.121608, 51.4480898 ], [ 7.1231944, 51.4479925 ] ] } },
{ "type": "Feature", "properties": { "voltage_kv": "380 kV", "operator_show": "TransnetBW GmbH", "name_show": "Anlage 303 Mühlhausen - Wendlingen und Laichingen - Wendlingen" }, "geometry": { "type": "LineString", "coordinates": [ [ 9.4043299, 48.6677204 ], [ 9.4072458, 48.6697961 ] ] } },
{ "type": "Feature", "properties": { "voltage_kv": "380 kV", "operator_show": "EnBW", "name_show": "ROLSO-DELL" }, "geometry": { "type": "LineString", "coordinates": [ [ 10.2231446, 48.7372015 ], [ 10.2229323, 48.736852 ] ] } },
{ "type": "Feature", "properties": { "voltage_kv": "380 kV", "operator_show": "TransnetBW GmbH", "name_show": "1x 380 kV" }, "geometry": { "type": "LineString", "coordinates": [ [ 8.7860607, 48.5853981 ], [ 8.7866725, 48.5841203 ] ] } },
{ "type": "Feature", "properties": { "voltage_kv": "380 kV", "operator_show": "TransnetBW GmbH", "name_show": "1x 380 kV" }, "geometry": { "type": "LineString", "coordinates": [ [ 8.7860607, 48.5853981 ], [ 8.7874851, 48.5833556 ] ] } },
{ "type": "Feature", "properties": { "voltage_kv": "380 kV", "operator_show": "–", "name_show": "–" }, "geometry": { "type": "LineString", "coordinates": [ [ 10.1904836, 49.97937850000001 ], [ 10.1901558, 49.9803759 ] ] } },
{ "type": "Feature", "properties": { "voltage_kv": "380 kV", "operator_show": "RWE", "name_show": "380kV Mengede Nord+Süd" }, "geometry": { "type": "LineString", "coordinates": [ [ 7.4031763, 51.6434068 ], [ 7.4024883, 51.6444614 ] ] } },
{ "type": "Feature", "properties": { "voltage_kv": "380 kV", "operator_show": "RWE", "name_show": "380kV Mengede Nord+Süd" }, "geometry": { "type": "LineString", "coordinates": [ [ 7.4031763, 51.6434068 ], [ 7.4039575, 51.6437667 ] ] } },
{ "type": "Feature", "properties": { "voltage_kv": "380 kV", "operator_show": "Amprion", "name_show": "–" }, "geometry": { "type": "LineString", "coordinates": [ [ 8.5182763, 50.0495275 ], [ 8.5197553, 50.0494695 ] ] } },
{ "type": "Feature", "properties": { "voltage_kv": "380 kV", "operator_show": "RWE", "name_show": "Amprion Leitung Kurpfalz West" }, "geometry": { "type": "LineString", "coordinates": [ [ 8.5479596, 49.441508 ], [ 8.5478153, 49.440373599999987 ] ] } },
{ "type": "Feature", "properties": { "voltage_kv": "380 kV", "operator_show": "RWE", "name_show": "Amprion Leitung Kurpfalz Ost" }, "geometry": { "type": "LineString", "coordinates": [ [ 8.5479596, 49.441508 ], [ 8.5483162, 49.4403958 ] ] } },
{ "type": "Feature", "properties": { "voltage_kv": "380 kV", "operator_show": "Amprion", "name_show": "–" }, "geometry": { "type": "LineString", "coordinates": [ [ 8.5503074, 49.4387541 ], [ 8.5493079, 49.4404316 ] ] } },
{ "type": "Feature", "properties": { "voltage_kv": "380 kV; 220 kV", "operator_show": "Amprion", "name_show": "–" }, "geometry": { "type": "LineString", "coordinates": [ [ 7.0931992, 50.5845582 ], [ 7.0969703, 50.5828297 ] ] } },
{ "type": "Feature", "properties": { "voltage_kv": "380 kV; 110 kV", "operator_show": "TenneT TSO", "name_show": "Ltg 3011 und 1165" }, "geometry": { "type": "LineString", "coordinates": [ [ 8.7827096, 50.2087258 ], [ 8.7577572, 50.2174775 ] ] } },
{ "type": "Feature", "properties": { "voltage_kv": "380 kV", "operator_show": "TenneT TSO", "name_show": "Ltg 3011" }, "geometry": { "type": "LineString", "coordinates": [ [ 8.7577572, 50.2174775 ], [ 8.6856134, 50.218042699999984 ] ] } },
{ "type": "Feature", "properties": { "voltage_kv": "380 kV", "operator_show": "–", "name_show": "–" }, "geometry": { "type": "LineString", "coordinates": [ [ 6.4761281, 49.9247862 ], [ 6.4766533, 49.9236779 ] ] } },
{ "type": "Feature", "properties": { "voltage_kv": "380 kV", "operator_show": "–", "name_show": "–" }, "geometry": { "type": "LineString", "coordinates": [ [ 6.4761281, 49.9247862 ], [ 6.4768206, 49.923841 ] ] } },
{ "type": "Feature", "properties": { "voltage_kv": "380 kV", "operator_show": "–", "name_show": "–" }, "geometry": { "type": "LineString", "coordinates": [ [ 6.4792836, 49.921772399999988 ], [ 6.4788432, 49.9203123 ] ] } },
{ "type": "Feature", "properties": { "voltage_kv": "380 kV", "operator_show": "–", "name_show": "–" }, "geometry": { "type": "LineString", "coordinates": [ [ 6.477529, 49.921866 ], [ 6.4788432, 49.9203123 ] ] } },
{ "type": "Feature", "properties": { "voltage_kv": "380 kV", "operator_show": "Amprion", "name_show": "380kV Bliestal Süd, 380kV Bürstadt Ltg." }, "geometry": { "type": "LineString", "coordinates": [ [ 6.9919999, 49.3755644 ], [ 6.9935455, 49.3752748 ] ] } },
{ "type": "Feature", "properties": { "voltage_kv": "380 kV", "operator_show": "Amprion", "name_show": "380kV Bliestal Süd, 380kV Bürstadt Ltg." }, "geometry": { "type": "LineString", "coordinates": [ [ 6.9919999, 49.3755644 ], [ 6.9935946, 49.3750918 ] ] } },
{ "type": "Feature", "properties": { "voltage_kv": "380 kV", "operator_show": "Amprion", "name_show": "380 kV Uchtelfangen Ost|West" }, "geometry": { "type": "LineString", "coordinates": [ [ 6.9907574, 49.3746528 ], [ 6.9936345, 49.3749428 ] ] } },
{ "type": "Feature", "properties": { "voltage_kv": "380 kV", "operator_show": "Amprion", "name_show": "380 kV Uchtelfangen Ost|West" }, "geometry": { "type": "LineString", "coordinates": [ [ 6.9907574, 49.3746528 ], [ 6.9937361, 49.374563499999987 ] ] } },
{ "type": "Feature", "properties": { "voltage_kv": "380 kV", "operator_show": "–", "name_show": "–" }, "geometry": { "type": "LineString", "coordinates": [ [ 14.4584475, 51.8340278 ], [ 14.4584661, 51.8340241 ] ] } },
{ "type": "Feature", "properties": { "voltage_kv": "380 kV", "operator_show": "–", "name_show": "–" }, "geometry": { "type": "LineString", "coordinates": [ [ 14.4572051, 51.834276499999987 ], [ 14.4572257, 51.8342721 ] ] } },
{ "type": "Feature", "properties": { "voltage_kv": "380 kV", "operator_show": "–", "name_show": "–" }, "geometry": { "type": "LineString", "coordinates": [ [ 14.4542773, 51.834097699999987 ], [ 14.4542948, 51.834094399999984 ] ] } },
{ "type": "Feature", "properties": { "voltage_kv": "380 kV", "operator_show": "–", "name_show": "–" }, "geometry": { "type": "LineString", "coordinates": [ [ 14.4530346, 51.8343457 ], [ 14.4530538, 51.8343418 ] ] } },
{ "type": "Feature", "properties": { "voltage_kv": "380 kV", "operator_show": "–", "name_show": "–" }, "geometry": { "type": "LineString", "coordinates": [ [ 7.2341553, 49.368374 ], [ 7.2354698, 49.3685688 ] ] } },
{ "type": "Feature", "properties": { "voltage_kv": "380 kV", "operator_show": "–", "name_show": "–" }, "geometry": { "type": "LineString", "coordinates": [ [ 7.2341553, 49.368374 ], [ 7.2353684, 49.3687479 ] ] } },
{ "type": "Feature", "properties": { "voltage_kv": "380 kV", "operator_show": "–", "name_show": "–" }, "geometry": { "type": "LineString", "coordinates": [ [ 7.2342461, 49.365856 ], [ 7.2350745, 49.369256099999987 ] ] } },
{ "type": "Feature", "properties": { "voltage_kv": "380 kV", "operator_show": "–", "name_show": "–" }, "geometry": { "type": "LineString", "coordinates": [ [ 7.2342461, 49.365856 ], [ 7.2341553, 49.368374 ] ] } },
{ "type": "Feature", "properties": { "voltage_kv": "380 kV", "operator_show": "Amprion", "name_show": "–" }, "geometry": { "type": "LineString", "coordinates": [ [ 7.2362116, 49.3699963 ], [ 7.2371565, 49.3697133 ] ] } },
{ "type": "Feature", "properties": { "voltage_kv": "380 kV", "operator_show": "–", "name_show": "–" }, "geometry": { "type": "LineString", "coordinates": [ [ 7.2365308, 49.3694176 ], [ 7.2371565, 49.3697133 ] ] } },
{ "type": "Feature", "properties": { "voltage_kv": "380 kV", "operator_show": "–", "name_show": "–" }, "geometry": { "type": "LineString", "coordinates": [ [ 14.4626185, 51.8339559 ], [ 14.4626362, 51.833952299999957 ] ] } },
{ "type": "Feature", "properties": { "voltage_kv": "380 kV", "operator_show": "–", "name_show": "–" }, "geometry": { "type": "LineString", "coordinates": [ [ 14.4613759, 51.8342057 ], [ 14.4613967, 51.8342015 ] ] } },
{ "type": "Feature", "properties": { "voltage_kv": "400 kV", "operator_show": "–", "name_show": "–" }, "geometry": { "type": "LineString", "coordinates": [ [ 14.9046817, 50.949943599999983 ], [ 14.9086739, 50.950266599999985 ] ] } },
{ "type": "Feature", "properties": { "voltage_kv": "380 kV", "operator_show": "–", "name_show": "–" }, "geometry": { "type": "LineString", "coordinates": [ [ 7.7263447, 49.484377 ], [ 7.7235689, 49.486781399999984 ] ] } },
{ "type": "Feature", "properties": { "voltage_kv": "380 kV", "operator_show": "–", "name_show": "–" }, "geometry": { "type": "LineString", "coordinates": [ [ 7.7235689, 49.486781399999984 ], [ 7.7226942, 49.4877849 ] ] } },
{ "type": "Feature", "properties": { "voltage_kv": "380 kV", "operator_show": "–", "name_show": "–" }, "geometry": { "type": "LineString", "coordinates": [ [ 7.7274534, 49.483885599999986 ], [ 7.7263447, 49.484377 ] ] } },
{ "type": "Feature", "properties": { "voltage_kv": "380 kV; 110 kV", "operator_show": "–", "name_show": "Kaiserslautern - Morbach" }, "geometry": { "type": "LineString", "coordinates": [ [ 7.7240568, 49.4870164 ], [ 7.7268638, 49.4846218 ] ] } },
{ "type": "Feature", "properties": { "voltage_kv": "380 kV", "operator_show": "–", "name_show": "–" }, "geometry": { "type": "LineString", "coordinates": [ [ 7.7240568, 49.4870164 ], [ 7.7226942, 49.4877849 ] ] } },
{ "type": "Feature", "properties": { "voltage_kv": "380 kV", "operator_show": "Amprion", "name_show": "380kV Bürstadt Ltg. | 380kV Kaiserslautern Süd" }, "geometry": { "type": "LineString", "coordinates": [ [ 7.7189563, 49.487538 ], [ 7.4418513, 49.425856 ], [ 7.3616955, 49.4219069 ], [ 7.3047645, 49.3848599 ] ] } },
{ "type": "Feature", "properties": { "voltage_kv": "380 kV", "operator_show": "Amprion", "name_show": "–" }, "geometry": { "type": "LineString", "coordinates": [ [ 7.8616119, 50.7669751 ], [ 7.8613227, 50.7685134 ] ] } },
{ "type": "Feature", "properties": { "voltage_kv": "380 kV", "operator_show": "RWE", "name_show": "380 kV Siegtal Nord+Süd" }, "geometry": { "type": "LineString", "coordinates": [ [ 7.8614097, 50.7668429 ], [ 7.860857, 50.7681967 ] ] } },
{ "type": "Feature", "properties": { "voltage_kv": "380 kV", "operator_show": "RWE", "name_show": "380 kV Siegtal Nord+Süd" }, "geometry": { "type": "LineString", "coordinates": [ [ 7.8612218, 50.7667173 ], [ 7.860857, 50.7681967 ] ] } },
{ "type": "Feature", "properties": { "voltage_kv": "380 kV", "operator_show": "Amprion", "name_show": "–" }, "geometry": { "type": "LineString", "coordinates": [ [ 7.862293, 50.7674076 ], [ 7.8613227, 50.7685134 ] ] } },
{ "type": "Feature", "properties": { "voltage_kv": "380 kV", "operator_show": "–", "name_show": "–" }, "geometry": { "type": "LineString", "coordinates": [ [ 9.8031666, 47.6525789 ], [ 9.8018861, 47.653019699999987 ] ] } },
{ "type": "Feature", "properties": { "voltage_kv": "380 kV", "operator_show": "Amprion", "name_show": "–" }, "geometry": { "type": "LineString", "coordinates": [ [ 7.8894427, 52.2776912 ], [ 7.8879105, 52.2768915 ] ] } },
{ "type": "Feature", "properties": { "voltage_kv": "380 kV", "operator_show": "RWE", "name_show": "–" }, "geometry": { "type": "LineString", "coordinates": [ [ 8.0154665, 50.6392758 ], [ 8.0152862, 50.6395032 ] ] } },
{ "type": "Feature", "properties": { "voltage_kv": "380 kV", "operator_show": "RWE", "name_show": "–" }, "geometry": { "type": "LineString", "coordinates": [ [ 8.0148851, 50.6391619 ], [ 7.9681342, 50.675753 ] ] } },
{ "type": "Feature", "properties": { "voltage_kv": "380 kV; 110 kV", "operator_show": "TenneT TSO GmbH;Avacon Netz GmbH", "name_show": "Leitung 3012" }, "geometry": { "type": "LineString", "coordinates": [ [ 9.3500632, 51.6349947 ], [ 9.3799086, 51.6425471 ] ] } },
{ "type": "Feature", "properties": { "voltage_kv": "380 kV", "operator_show": "TenneT TSO", "name_show": "–" }, "geometry": { "type": "LineString", "coordinates": [ [ 9.1234632, 52.5367006 ], [ 9.1240795, 52.536608200000011 ] ] } },
{ "type": "Feature", "properties": { "voltage_kv": "380 kV", "operator_show": "TenneT TSO", "name_show": "Sottrum–Landesbergen" }, "geometry": { "type": "LineString", "coordinates": [ [ 9.1236993, 52.537509 ], [ 9.1232119, 52.537619 ] ] } },
{ "type": "Feature", "properties": { "voltage_kv": "380 kV", "operator_show": "–", "name_show": "–" }, "geometry": { "type": "LineString", "coordinates": [ [ 8.9566763, 50.081718699999989 ], [ 8.955571, 50.0821836 ] ] } },
{ "type": "Feature", "properties": { "voltage_kv": "380 kV", "operator_show": "–", "name_show": "–" }, "geometry": { "type": "LineString", "coordinates": [ [ 8.9564993, 50.0815749 ], [ 8.955571, 50.0821836 ] ] } },
{ "type": "Feature", "properties": { "voltage_kv": "380 kV", "operator_show": "50Hertz Transmission", "name_show": "Ltg 407 und 408 Bertikow - Pasewalk" }, "geometry": { "type": "LineString", "coordinates": [ [ 13.9584694, 53.2534026 ], [ 13.9928969, 53.311753900000014 ], [ 13.9713453, 53.3585232 ], [ 13.992028, 53.480256 ], [ 14.035926, 53.505478599999989 ] ] } },
{ "type": "Feature", "properties": { "voltage_kv": "380 kV", "operator_show": "Amprion", "name_show": "Vöhringen Ost" }, "geometry": { "type": "LineString", "coordinates": [ [ 10.3638371, 47.7393024 ], [ 10.3660106, 47.7396701 ] ] } },
{ "type": "Feature", "properties": { "voltage_kv": "380 kV", "operator_show": "–", "name_show": "–" }, "geometry": { "type": "LineString", "coordinates": [ [ 10.2540816, 48.4103268 ], [ 10.2522662, 48.409706399999983 ] ] } },
{ "type": "Feature", "properties": { "voltage_kv": "380 kV", "operator_show": "Amprion", "name_show": "Vöhringen - Gundremmingen" }, "geometry": { "type": "LineString", "coordinates": [ [ 10.2540816, 48.4103268 ], [ 10.3480251, 48.464311 ], [ 10.4262041, 48.4844789 ] ] } },
{ "type": "Feature", "properties": { "voltage_kv": "380 kV", "operator_show": "Amprion", "name_show": "Vöhringen - Gundremmingen" }, "geometry": { "type": "LineString", "coordinates": [ [ 10.2522662, 48.409706399999983 ], [ 10.2540816, 48.4103268 ] ] } },
{ "type": "Feature", "properties": { "voltage_kv": "380 kV", "operator_show": "–", "name_show": "–" }, "geometry": { "type": "LineString", "coordinates": [ [ 9.209175, 49.030637400000018 ], [ 9.2105088, 49.0291631 ] ] } },
{ "type": "Feature", "properties": { "voltage_kv": "380 kV", "operator_show": "–", "name_show": "–" }, "geometry": { "type": "LineString", "coordinates": [ [ 9.1495374, 49.1418311 ], [ 9.1490109, 49.1406398 ] ] } },
{ "type": "Feature", "properties": { "voltage_kv": "380 kV; 110 kV", "operator_show": "DB Energie GmbH;EnBW", "name_show": "Anlage 373;NWH-SEE 220 kV, NWH-MUL 220 kV, Bahnstrom Neckarwestheim - Stuttgart-Zazenhausen" }, "geometry": { "type": "LineString", "coordinates": [ [ 9.2403641, 48.863235 ], [ 9.2161888, 48.853699099999986 ] ] } },
{ "type": "Feature", "properties": { "voltage_kv": "380 kV; 110 kV", "operator_show": "DB Energie GmbH;EnBW", "name_show": "Anlage 373;NWH-SEE 220 kV, NWH-MUL 220 kV, Bahnstrom Neckarwestheim - Stuttgart-Zazenhausen" }, "geometry": { "type": "LineString", "coordinates": [ [ 9.2410995, 48.922082899999985 ], [ 9.2403641, 48.863235 ] ] } },
{ "type": "Feature", "properties": { "voltage_kv": "380 kV", "operator_show": "TransnetBW GmbH", "name_show": "–" }, "geometry": { "type": "LineString", "coordinates": [ [ 9.14871, 49.142996 ], [ 9.1475021, 49.1446876 ] ] } },
{ "type": "Feature", "properties": { "voltage_kv": "380 kV", "operator_show": "–", "name_show": "–" }, "geometry": { "type": "LineString", "coordinates": [ [ 9.0793296, 54.5091927 ], [ 9.0814018, 54.508948599999982 ] ] } },
{ "type": "Feature", "properties": { "voltage_kv": "380 kV", "operator_show": "–", "name_show": "–" }, "geometry": { "type": "LineString", "coordinates": [ [ 9.0814018, 54.508948599999982 ], [ 9.0793873, 54.5095215 ] ] } },
{ "type": "Feature", "properties": { "voltage_kv": "380 kV; 110 kV", "operator_show": "–", "name_show": "–" }, "geometry": { "type": "LineString", "coordinates": [ [ 9.1376987, 54.2726134 ], [ 9.1473268, 54.2646205 ] ] } },
{ "type": "Feature", "properties": { "voltage_kv": "380 kV; 110 kV", "operator_show": "Tennet", "name_show": "Westküstenleitung" }, "geometry": { "type": "LineString", "coordinates": [ [ 9.1110603, 54.4455445 ], [ 9.0971133, 54.3949466 ], [ 9.1154475, 54.374737699999983 ] ] } },
{ "type": "Feature", "properties": { "voltage_kv": "380 kV", "operator_show": "Amprion", "name_show": "–" }, "geometry": { "type": "LineString", "coordinates": [ [ 8.3664625, 51.9271171 ], [ 8.3659331, 51.9268842 ] ] } },
{ "type": "Feature", "properties": { "voltage_kv": "380 kV", "operator_show": "Amprion", "name_show": "–" }, "geometry": { "type": "LineString", "coordinates": [ [ 8.3637287, 51.92606030000001 ], [ 8.3643754, 51.926165 ] ] } },
{ "type": "Feature", "properties": { "voltage_kv": "380 kV", "operator_show": "Amprion", "name_show": "–" }, "geometry": { "type": "LineString", "coordinates": [ [ 8.3637287, 51.92606030000001 ], [ 8.3645989, 51.9258257 ] ] } },
{ "type": "Feature", "properties": { "voltage_kv": "380 kV; 110 kV", "operator_show": "Amprion", "name_show": "–" }, "geometry": { "type": "LineString", "coordinates": [ [ 8.3205825, 52.066671 ], [ 8.3348847, 52.0702658 ] ] } },
{ "type": "Feature", "properties": { "voltage_kv": "380 kV", "operator_show": "–", "name_show": "–" }, "geometry": { "type": "LineString", "coordinates": [ [ 8.3205825, 52.066671 ], [ 8.3198613, 52.0658706 ] ] } },
{ "type": "Feature", "properties": { "voltage_kv": "380 kV", "operator_show": "–", "name_show": "–" }, "geometry": { "type": "LineString", "coordinates": [ [ 8.3205825, 52.066671 ], [ 8.3196376, 52.0660335 ] ] } },
{ "type": "Feature", "properties": { "voltage_kv": "380 kV", "operator_show": "Amprion", "name_show": "–" }, "geometry": { "type": "LineString", "coordinates": [ [ 8.3653735, 51.927801799999983 ], [ 8.3662581, 51.9278708 ] ] } },
{ "type": "Feature", "properties": { "voltage_kv": "380 kV", "operator_show": "Amprion", "name_show": "380 kV Siegtal Nord|Süd" }, "geometry": { "type": "LineString", "coordinates": [ [ 7.4792987, 50.7675562 ], [ 7.4594932, 50.7588761 ] ] } },
{ "type": "Feature", "properties": { "voltage_kv": "380 kV; 110 kV", "operator_show": "RWE", "name_show": "–" }, "geometry": { "type": "LineString", "coordinates": [ [ 7.724434, 50.7586503 ], [ 7.6809856, 50.7552327 ] ] } },
{ "type": "Feature", "properties": { "voltage_kv": "380 kV", "operator_show": "–", "name_show": "–" }, "geometry": { "type": "LineString", "coordinates": [ [ 7.4037501, 51.6449786 ], [ 7.4031491, 51.6444731 ] ] } },
{ "type": "Feature", "properties": { "voltage_kv": "380 kV", "operator_show": "–", "name_show": "–" }, "geometry": { "type": "LineString", "coordinates": [ [ 7.3107282, 51.4477302 ], [ 7.3124086, 51.4469682 ] ] } },
{ "type": "Feature", "properties": { "voltage_kv": "380 kV", "operator_show": "–", "name_show": "–" }, "geometry": { "type": "LineString", "coordinates": [ [ 6.9072476, 51.5649711 ], [ 6.9073102, 51.5647966 ] ] } },
{ "type": "Feature", "properties": { "voltage_kv": "380 kV", "operator_show": "Amprion", "name_show": "–" }, "geometry": { "type": "LineString", "coordinates": [ [ 7.1687934, 51.5543581 ], [ 7.17122, 51.5555548 ] ] } },
{ "type": "Feature", "properties": { "voltage_kv": "380 kV", "operator_show": "Amprion", "name_show": "–" }, "geometry": { "type": "LineString", "coordinates": [ [ 7.1687934, 51.5543581 ], [ 7.1696102, 51.5550643 ] ] } },
{ "type": "Feature", "properties": { "voltage_kv": "380 kV; 220 kV; 110 kV", "operator_show": "–", "name_show": "–" }, "geometry": { "type": "LineString", "coordinates": [ [ 7.1725462, 51.554253099999983 ], [ 7.1794318, 51.5481415 ] ] } },
{ "type": "Feature", "properties": { "voltage_kv": "380 kV", "operator_show": "Amprion", "name_show": "–" }, "geometry": { "type": "LineString", "coordinates": [ [ 7.1725462, 51.554253099999983 ], [ 7.1715835, 51.5544788 ] ] } },
{ "type": "Feature", "properties": { "voltage_kv": "380 kV", "operator_show": "Amprion", "name_show": "–" }, "geometry": { "type": "LineString", "coordinates": [ [ 7.1725462, 51.554253099999983 ], [ 7.1715499, 51.5546087 ] ] } },
{ "type": "Feature", "properties": { "voltage_kv": "380 kV", "operator_show": "Amprion", "name_show": "–" }, "geometry": { "type": "LineString", "coordinates": [ [ 7.1714734, 51.5547699 ], [ 7.1697386, 51.5545785 ] ] } },
{ "type": "Feature", "properties": { "voltage_kv": "380 kV", "operator_show": "TenneT TSO GmbH", "name_show": "–" }, "geometry": { "type": "LineString", "coordinates": [ [ 9.9705697, 51.8953633 ], [ 9.9277191, 51.8811787 ] ] } },
{ "type": "Feature", "properties": { "voltage_kv": "380 kV; 110 kV", "operator_show": "TenneT TSO", "name_show": "–" }, "geometry": { "type": "LineString", "coordinates": [ [ 9.5519404, 50.94487680000001 ], [ 9.5798046, 51.0111228 ] ] } },
{ "type": "Feature", "properties": { "voltage_kv": "380 kV", "operator_show": "TenneT TSO GmbH", "name_show": "–" }, "geometry": { "type": "LineString", "coordinates": [ [ 9.5798046, 51.0111228 ], [ 9.5480616, 51.0663377 ] ] } },
{ "type": "Feature", "properties": { "voltage_kv": "380 kV", "operator_show": "RWE", "name_show": "380kV Meerbusch West" }, "geometry": { "type": "LineString", "coordinates": [ [ 6.6217478, 51.2587515 ], [ 6.6190159, 51.259057 ] ] } },
{ "type": "Feature", "properties": { "voltage_kv": "380 kV", "operator_show": "Amprion", "name_show": "–" }, "geometry": { "type": "LineString", "coordinates": [ [ 6.7097843, 51.0907112 ], [ 6.7099505, 51.088107 ] ] } },
{ "type": "Feature", "properties": { "voltage_kv": "380 kV", "operator_show": "–", "name_show": "–" }, "geometry": { "type": "LineString", "coordinates": [ [ 6.7085974, 51.093785 ], [ 6.6511202, 51.2014068 ] ] } },
{ "type": "Feature", "properties": { "voltage_kv": "380 kV", "operator_show": "Amprion", "name_show": "–" }, "geometry": { "type": "LineString", "coordinates": [ [ 6.7118644, 51.0882791 ], [ 6.7085974, 51.093785 ] ] } },
{ "type": "Feature", "properties": { "voltage_kv": "380 kV", "operator_show": "Amprion", "name_show": "–" }, "geometry": { "type": "LineString", "coordinates": [ [ 6.7118644, 51.0882791 ], [ 6.7085974, 51.093785 ] ] } },
{ "type": "Feature", "properties": { "voltage_kv": "380 kV", "operator_show": "Amprion", "name_show": "380 kV Neurath 2b" }, "geometry": { "type": "LineString", "coordinates": [ [ 6.7131958, 51.0903272 ], [ 6.7081093, 51.0899099 ] ] } },
{ "type": "Feature", "properties": { "voltage_kv": "380 kV", "operator_show": "Amprion", "name_show": "380 kV Neurath 2b" }, "geometry": { "type": "LineString", "coordinates": [ [ 6.7068995, 51.0902216 ], [ 6.7081093, 51.0899099 ] ] } },
{ "type": "Feature", "properties": { "voltage_kv": "380 kV; 220 kV", "operator_show": "RWE", "name_show": "380 kV St. Peter Süd; 220kV Frimmersdorf 5e" }, "geometry": { "type": "LineString", "coordinates": [ [ 6.7131126, 51.0906785 ], [ 6.7154321, 51.0920765 ] ] } },
{ "type": "Feature", "properties": { "voltage_kv": "380 kV", "operator_show": "RWE", "name_show": "380 kV Leichlingen Ost|West" }, "geometry": { "type": "LineString", "coordinates": [ [ 6.9660289, 51.0718067 ], [ 6.9678763, 51.071731399999983 ] ] } },
{ "type": "Feature", "properties": { "voltage_kv": "380 kV", "operator_show": "RWE", "name_show": "380 kV Opladen Nord|Süd" }, "geometry": { "type": "LineString", "coordinates": [ [ 6.9632142, 51.0704216 ], [ 6.9640368, 51.0711788 ] ] } },
{ "type": "Feature", "properties": { "voltage_kv": "380 kV", "operator_show": "RWE", "name_show": "380 kV Opladen Nord|Süd" }, "geometry": { "type": "LineString", "coordinates": [ [ 6.9632142, 51.0704216 ], [ 6.9645719, 51.0707471 ] ] } },
{ "type": "Feature", "properties": { "voltage_kv": "380 kV", "operator_show": "RWE", "name_show": "380 kV Neurath 2b;Oerkhaus Ost" }, "geometry": { "type": "LineString", "coordinates": [ [ 6.962558, 51.0709058 ], [ 6.9632131, 51.071065399999981 ] ] } },
{ "type": "Feature", "properties": { "voltage_kv": "380 kV", "operator_show": "RWE", "name_show": "380 kV Neurath 2b;Oerkhaus Ost" }, "geometry": { "type": "LineString", "coordinates": [ [ 6.962558, 51.0709058 ], [ 6.9628397, 51.0714187 ] ] } },
{ "type": "Feature", "properties": { "voltage_kv": "380 kV", "operator_show": "–", "name_show": "–" }, "geometry": { "type": "LineString", "coordinates": [ [ 6.4596014, 50.2103834 ], [ 6.4572449, 50.20907 ] ] } },
{ "type": "Feature", "properties": { "voltage_kv": "380 kV", "operator_show": "–", "name_show": "–" }, "geometry": { "type": "LineString", "coordinates": [ [ 6.4599603, 50.2100357 ], [ 6.4572449, 50.20907 ] ] } },
{ "type": "Feature", "properties": { "voltage_kv": "380 kV", "operator_show": "–", "name_show": "–" }, "geometry": { "type": "LineString", "coordinates": [ [ 6.9691455, 50.7964554 ], [ 6.9706353, 50.7959085 ] ] } },
{ "type": "Feature", "properties": { "voltage_kv": "380 kV; 380 kV; 380 kV; 0 kV", "operator_show": "RWE", "name_show": "220 kV Godorf Ost;Olefin West" }, "geometry": { "type": "LineString", "coordinates": [ [ 6.8089257, 50.9662626 ], [ 6.8086993, 50.9650003 ] ] } },
{ "type": "Feature", "properties": { "voltage_kv": "380 kV", "operator_show": "–", "name_show": "–" }, "geometry": { "type": "LineString", "coordinates": [ [ 6.8083696, 50.967431 ], [ 6.8089257, 50.9662626 ] ] } },
{ "type": "Feature", "properties": { "voltage_kv": "380 kV; 220 kV; 110 kV", "operator_show": "Amprion", "name_show": "–" }, "geometry": { "type": "LineString", "coordinates": [ [ 6.807879, 50.9591587 ], [ 6.8211163, 50.9351997 ] ] } },
{ "type": "Feature", "properties": { "voltage_kv": "380 kV; 380 kV; 380 kV; 220 kV; 220 kV", "operator_show": "RWE", "name_show": "220 kV Godorf Ost;Olefin West" }, "geometry": { "type": "LineString", "coordinates": [ [ 6.8086993, 50.9650003 ], [ 6.807879, 50.9591587 ] ] } },
{ "type": "Feature", "properties": { "voltage_kv": "380 kV", "operator_show": "–", "name_show": "–" }, "geometry": { "type": "LineString", "coordinates": [ [ 6.8432241, 50.863580599999985 ], [ 6.8428896, 50.8633412 ] ] } },
{ "type": "Feature", "properties": { "voltage_kv": "380 kV; 220 kV; 110 kV", "operator_show": "–", "name_show": "–" }, "geometry": { "type": "LineString", "coordinates": [ [ 6.9223465, 50.8797686 ], [ 6.8379937, 50.9126158 ] ] } },
{ "type": "Feature", "properties": { "voltage_kv": "380 kV; 220 kV; 110 kV", "operator_show": "–", "name_show": "–" }, "geometry": { "type": "LineString", "coordinates": [ [ 6.9298681, 50.8464081 ], [ 6.9223465, 50.8797686 ] ] } },
{ "type": "Feature", "properties": { "voltage_kv": "380 kV; 220 kV; 110 kV", "operator_show": "–", "name_show": "–" }, "geometry": { "type": "LineString", "coordinates": [ [ 6.9298681, 50.8464081 ], [ 6.9271776, 50.8381764 ] ] } },
{ "type": "Feature", "properties": { "voltage_kv": "380 kV", "operator_show": "–", "name_show": "380 kV Siegtal Nord" }, "geometry": { "type": "LineString", "coordinates": [ [ 7.1898435, 50.7989271 ], [ 7.1891829, 50.7979893 ] ] } },
{ "type": "Feature", "properties": { "voltage_kv": "380 kV; 220 kV", "operator_show": "–", "name_show": "380 kV Siegtal Nord; 220 kV Gremberghoven Ost|West" }, "geometry": { "type": "LineString", "coordinates": [ [ 7.1891829, 50.7979893 ], [ 7.1818366, 50.7968454 ] ] } },
{ "type": "Feature", "properties": { "voltage_kv": "380 kV", "operator_show": "–", "name_show": "380 kV Siegtal Nord" }, "geometry": { "type": "LineString", "coordinates": [ [ 7.1818366, 50.7968454 ], [ 7.1831215, 50.796095899999983 ] ] } },
{ "type": "Feature", "properties": { "voltage_kv": "380 kV; 220 kV", "operator_show": "–", "name_show": "380 kV Siegtal Nord; 220 kV Gremberghoven Ost|West" }, "geometry": { "type": "LineString", "coordinates": [ [ 7.1818366, 50.7968454 ], [ 7.1781163, 50.797488 ] ] } },
{ "type": "Feature", "properties": { "voltage_kv": "380 kV; 220 kV; 110 kV", "operator_show": "RWE", "name_show": "380 kV Brauweiler West" }, "geometry": { "type": "LineString", "coordinates": [ [ 6.8413034, 50.875179 ], [ 6.8368488, 50.8735056 ] ] } },
{ "type": "Feature", "properties": { "voltage_kv": "380 kV", "operator_show": "–", "name_show": "–" }, "geometry": { "type": "LineString", "coordinates": [ [ 6.6318995, 51.0344309 ], [ 6.6326646, 51.034419199999988 ] ] } },
{ "type": "Feature", "properties": { "voltage_kv": "380 kV", "operator_show": "–", "name_show": "–" }, "geometry": { "type": "LineString", "coordinates": [ [ 6.6338592, 51.0344303 ], [ 6.6346443, 51.03443 ] ] } },
{ "type": "Feature", "properties": { "voltage_kv": "380 kV", "operator_show": "–", "name_show": "–" }, "geometry": { "type": "LineString", "coordinates": [ [ 6.7071744, 51.0087628 ], [ 6.7063955, 51.0110745 ] ] } },
{ "type": "Feature", "properties": { "voltage_kv": "380 kV", "operator_show": "–", "name_show": "–" }, "geometry": { "type": "LineString", "coordinates": [ [ 6.7063955, 51.0110745 ], [ 6.7389449, 51.0281343 ], [ 6.7118644, 51.0882791 ] ] } },
{ "type": "Feature", "properties": { "voltage_kv": "380 kV", "operator_show": "RWE", "name_show": "380 kV Weissweiler Nord|Süd" }, "geometry": { "type": "LineString", "coordinates": [ [ 6.4554569, 50.871114499999976 ], [ 6.4574237, 50.8694327 ] ] } },
{ "type": "Feature", "properties": { "voltage_kv": "380 kV", "operator_show": "Amprion", "name_show": "–" }, "geometry": { "type": "LineString", "coordinates": [ [ 6.4569992, 50.871237 ], [ 6.4579192, 50.869863099999982 ] ] } },
{ "type": "Feature", "properties": { "voltage_kv": "380 kV", "operator_show": "Amprion", "name_show": "–" }, "geometry": { "type": "LineString", "coordinates": [ [ 6.4561814, 50.871172 ], [ 6.4579192, 50.869863099999982 ] ] } },
{ "type": "Feature", "properties": { "voltage_kv": "380 kV", "operator_show": "RWE", "name_show": "380 kV Hambach 1a|2b|3c" }, "geometry": { "type": "LineString", "coordinates": [ [ 6.4593708, 50.8714254 ], [ 6.4598973, 50.8702421 ] ] } },
{ "type": "Feature", "properties": { "voltage_kv": "380 kV", "operator_show": "RWE", "name_show": "380 kV Hambach 1a|2b|3c" }, "geometry": { "type": "LineString", "coordinates": [ [ 6.4596557, 50.871448 ], [ 6.4598973, 50.8702421 ] ] } },
{ "type": "Feature", "properties": { "voltage_kv": "380 kV", "operator_show": "RWE", "name_show": "380 kV Hambach 1a|2b|3c" }, "geometry": { "type": "LineString", "coordinates": [ [ 6.4599429, 50.8714708 ], [ 6.4598973, 50.8702421 ] ] } },
{ "type": "Feature", "properties": { "voltage_kv": "380 kV", "operator_show": "RWE", "name_show": "380 kV Sechtem Nord|Süd" }, "geometry": { "type": "LineString", "coordinates": [ [ 6.4573049, 50.8712613 ], [ 6.4585864, 50.869957 ] ] } },
{ "type": "Feature", "properties": { "voltage_kv": "380 kV", "operator_show": "RWE", "name_show": "380 kV Sechtem Nord|Süd" }, "geometry": { "type": "LineString", "coordinates": [ [ 6.4588035, 50.8713803 ], [ 6.4585864, 50.869957 ] ] } },
{ "type": "Feature", "properties": { "voltage_kv": "380 kV", "operator_show": "RWE", "name_show": "380 kV Sechtem Nord|Süd;Walberberg West" }, "geometry": { "type": "LineString", "coordinates": [ [ 6.9691455, 50.7964554 ], [ 6.969521, 50.795412299999988 ] ] } },
{ "type": "Feature", "properties": { "voltage_kv": "380 kV", "operator_show": "–", "name_show": "–" }, "geometry": { "type": "LineString", "coordinates": [ [ 6.3218576, 50.835350600000012 ], [ 6.3215311, 50.8368227 ] ] } },
{ "type": "Feature", "properties": { "voltage_kv": "380 kV", "operator_show": "–", "name_show": "–" }, "geometry": { "type": "LineString", "coordinates": [ [ 6.3215311, 50.8368227 ], [ 6.3218772, 50.836816899999981 ] ] } },
{ "type": "Feature", "properties": { "voltage_kv": "380 kV", "operator_show": "–", "name_show": "–" }, "geometry": { "type": "LineString", "coordinates": [ [ 6.997574, 51.516273 ], [ 6.9975432, 51.5145972 ] ] } },
{ "type": "Feature", "properties": { "voltage_kv": "380 kV", "operator_show": "–", "name_show": "–" }, "geometry": { "type": "LineString", "coordinates": [ [ 6.997574, 51.516273 ], [ 6.9995738, 51.514665199999989 ] ] } },
{ "type": "Feature", "properties": { "voltage_kv": "380 kV", "operator_show": "RWE", "name_show": "–" }, "geometry": { "type": "LineString", "coordinates": [ [ 6.7131604, 51.5273688 ], [ 6.7170757, 51.5277244 ] ] } },
{ "type": "Feature", "properties": { "voltage_kv": "380 kV; 110 kV", "operator_show": "Amprion", "name_show": "–" }, "geometry": { "type": "LineString", "coordinates": [ [ 8.4941942, 50.083037 ], [ 8.5248485, 50.0755404 ] ] } },
{ "type": "Feature", "properties": { "voltage_kv": "380 kV; 110 kV", "operator_show": "Tennet", "name_show": "–" }, "geometry": { "type": "LineString", "coordinates": [ [ 9.0046808, 54.6052119 ], [ 9.0127159, 54.6199011 ] ] } },
{ "type": "Feature", "properties": { "voltage_kv": "380 kV", "operator_show": "–", "name_show": "–" }, "geometry": { "type": "LineString", "coordinates": [ [ 9.0786783, 54.510592699999989 ], [ 9.0770902, 54.5104798 ] ] } },
{ "type": "Feature", "properties": { "voltage_kv": "380 kV", "operator_show": "–", "name_show": "–" }, "geometry": { "type": "LineString", "coordinates": [ [ 9.0785762, 54.510265 ], [ 9.0770902, 54.5104798 ] ] } },
{ "type": "Feature", "properties": { "voltage_kv": "380 kV", "operator_show": "–", "name_show": "–" }, "geometry": { "type": "LineString", "coordinates": [ [ 9.0770902, 54.5104798 ], [ 9.0742942, 54.5125556 ] ] } },
{ "type": "Feature", "properties": { "voltage_kv": "380 kV", "operator_show": "–", "name_show": "–" }, "geometry": { "type": "LineString", "coordinates": [ [ 9.0057254, 54.5895968 ], [ 9.0046808, 54.6052119 ] ] } },
{ "type": "Feature", "properties": { "voltage_kv": "380 kV", "operator_show": "50Hertz Transmission", "name_show": "–" }, "geometry": { "type": "LineString", "coordinates": [ [ 12.942404, 52.5609534 ], [ 12.9436697, 52.5609012 ] ] } },
{ "type": "Feature", "properties": { "voltage_kv": "380 kV", "operator_show": "–", "name_show": "–" }, "geometry": { "type": "LineString", "coordinates": [ [ 10.8023652, 53.8969855 ], [ 10.8018041, 53.8968667 ] ] } },
{ "type": "Feature", "properties": { "voltage_kv": "380 kV", "operator_show": "–", "name_show": "–" }, "geometry": { "type": "LineString", "coordinates": [ [ 10.8017399, 53.897599699999986 ], [ 10.8020961, 53.8975675 ] ] } },
{ "type": "Feature", "properties": { "voltage_kv": "380 kV", "operator_show": "–", "name_show": "–" }, "geometry": { "type": "LineString", "coordinates": [ [ 10.8649223, 48.5462242 ], [ 10.863752, 48.5465215 ] ] } },
{ "type": "Feature", "properties": { "voltage_kv": "380 kV", "operator_show": "–", "name_show": "–" }, "geometry": { "type": "LineString", "coordinates": [ [ 10.8649223, 48.5462242 ], [ 10.8637737, 48.546826 ] ] } },
{ "type": "Feature", "properties": { "voltage_kv": "380 kV", "operator_show": "TransnetBW", "name_show": "–" }, "geometry": { "type": "LineString", "coordinates": [ [ 8.44064, 49.250447199999989 ], [ 8.4368818, 49.2537491 ] ] } },
{ "type": "Feature", "properties": { "voltage_kv": "380 kV", "operator_show": "TransnetBW", "name_show": "–" }, "geometry": { "type": "LineString", "coordinates": [ [ 8.4455895, 49.2482474 ], [ 8.4495721, 49.248105899999985 ] ] } },
{ "type": "Feature", "properties": { "voltage_kv": "380 kV", "operator_show": "TransnetBW", "name_show": "Daxlanden - Philippsburg" }, "geometry": { "type": "LineString", "coordinates": [ [ 8.4412766, 49.248979199999987 ], [ 8.4409229, 49.2499789 ] ] } },
{ "type": "Feature", "properties": { "voltage_kv": "380 kV", "operator_show": "TransnetBW", "name_show": "Daxlanden - Philippsburg" }, "geometry": { "type": "LineString", "coordinates": [ [ 8.4412766, 49.248979199999987 ], [ 8.4407021, 49.2498871 ] ] } },
{ "type": "Feature", "properties": { "voltage_kv": "380 kV", "operator_show": "TransnetBW", "name_show": "–" }, "geometry": { "type": "LineString", "coordinates": [ [ 8.4455895, 49.2482474 ], [ 8.4411438, 49.2500706 ] ] } },
{ "type": "Feature", "properties": { "voltage_kv": "380 kV", "operator_show": "TransnetBW", "name_show": "–" }, "geometry": { "type": "LineString", "coordinates": [ [ 8.4461815, 49.2489494 ], [ 8.4415855, 49.250254 ] ] } },
{ "type": "Feature", "properties": { "voltage_kv": "380 kV", "operator_show": "TransnetBW", "name_show": "–" }, "geometry": { "type": "LineString", "coordinates": [ [ 8.4413646, 49.2501623 ], [ 8.4455895, 49.2482474 ] ] } },
{ "type": "Feature", "properties": { "voltage_kv": "380 kV", "operator_show": "TransnetBW GmbH", "name_show": "–" }, "geometry": { "type": "LineString", "coordinates": [ [ 9.2746506, 48.550798099999987 ], [ 9.2748115, 48.550823 ] ] } },
{ "type": "Feature", "properties": { "voltage_kv": "380 kV", "operator_show": "TransnetBW GmbH", "name_show": "–" }, "geometry": { "type": "LineString", "coordinates": [ [ 9.2745777, 48.5509817 ], [ 9.2747352, 48.5510075 ] ] } },
{ "type": "Feature", "properties": { "voltage_kv": "380 kV", "operator_show": "TransnetBW GmbH", "name_show": "BZW-WDL/MEZ 380 kV" }, "geometry": { "type": "LineString", "coordinates": [ [ 9.2717833, 48.551481900000013 ], [ 9.2748115, 48.550823 ] ] } },
{ "type": "Feature", "properties": { "voltage_kv": "380 kV", "operator_show": "TransnetBW", "name_show": "AL1-BZW 380 kV, BZW-WDL/MEZ 380 kV" }, "geometry": { "type": "LineString", "coordinates": [ [ 9.561845, 48.7028961 ], [ 9.5629327, 48.7012469 ] ] } },
{ "type": "Feature", "properties": { "voltage_kv": "380 kV", "operator_show": "–", "name_show": "–" }, "geometry": { "type": "LineString", "coordinates": [ [ 9.2373058, 53.9147707 ], [ 9.2365056, 53.9164975 ] ] } },
{ "type": "Feature", "properties": { "voltage_kv": "380 kV", "operator_show": "–", "name_show": "–" }, "geometry": { "type": "LineString", "coordinates": [ [ 9.2373058, 53.9147707 ], [ 9.2362169, 53.916463499999978 ] ] } },
{ "type": "Feature", "properties": { "voltage_kv": "380 kV", "operator_show": "–", "name_show": "–" }, "geometry": { "type": "LineString", "coordinates": [ [ 9.2359664, 53.914561100000014 ], [ 9.2348673, 53.9162935 ] ] } },
{ "type": "Feature", "properties": { "voltage_kv": "380 kV", "operator_show": "–", "name_show": "–" }, "geometry": { "type": "LineString", "coordinates": [ [ 9.2359664, 53.914561100000014 ], [ 9.2345895, 53.9162658 ] ] } },
{ "type": "Feature", "properties": { "voltage_kv": "380 kV", "operator_show": "–", "name_show": "–" }, "geometry": { "type": "LineString", "coordinates": [ [ 9.2334767, 53.9161209 ], [ 9.2337022, 53.915491699999976 ] ] } },
{ "type": "Feature", "properties": { "voltage_kv": "380 kV", "operator_show": "TenneT TSO", "name_show": "304" }, "geometry": { "type": "LineString", "coordinates": [ [ 8.0317645, 53.3322525 ], [ 8.0477674, 53.3322662 ] ] } },
{ "type": "Feature", "properties": { "voltage_kv": "380 kV", "operator_show": "Amprion", "name_show": "–" }, "geometry": { "type": "LineString", "coordinates": [ [ 7.490659, 51.411838 ], [ 7.502876, 51.406934699999979 ] ] } },
{ "type": "Feature", "properties": { "voltage_kv": "380 kV; 110 kV", "operator_show": "–", "name_show": "–" }, "geometry": { "type": "LineString", "coordinates": [ [ 7.9421349, 50.836956399999977 ], [ 7.9295009, 50.8189066 ] ] } },
{ "type": "Feature", "properties": { "voltage_kv": "380 kV; 110 kV", "operator_show": "–", "name_show": "–" }, "geometry": { "type": "LineString", "coordinates": [ [ 7.9138075, 50.7847694 ], [ 7.9035313, 50.7692883 ], [ 7.8720286, 50.7704248 ] ] } },
{ "type": "Feature", "properties": { "voltage_kv": "380 kV; 110 kV", "operator_show": "–", "name_show": "–" }, "geometry": { "type": "LineString", "coordinates": [ [ 7.9295009, 50.8189066 ], [ 7.9043373, 50.7953594 ] ] } },
{ "type": "Feature", "properties": { "voltage_kv": "380 kV; 110 kV", "operator_show": "–", "name_show": "–" }, "geometry": { "type": "LineString", "coordinates": [ [ 7.9826733, 50.8407053 ], [ 7.9672249, 50.829908 ], [ 7.9421349, 50.836956399999977 ] ] } },
{ "type": "Feature", "properties": { "voltage_kv": "380 kV", "operator_show": "–", "name_show": "–" }, "geometry": { "type": "LineString", "coordinates": [ [ 7.9043373, 50.7953594 ], [ 7.9138075, 50.7847694 ] ] } },
{ "type": "Feature", "properties": { "voltage_kv": "380 kV", "operator_show": "TenneT", "name_show": "Stade–Landesbergen" }, "geometry": { "type": "LineString", "coordinates": [ [ 9.2549465, 53.1161144 ], [ 9.2534191, 53.1157311 ] ] } },
{ "type": "Feature", "properties": { "voltage_kv": "380 kV", "operator_show": "TenneT", "name_show": "Stade–Landesbergen" }, "geometry": { "type": "LineString", "coordinates": [ [ 9.2549465, 53.1161144 ], [ 9.2534824, 53.1155697 ] ] } },
{ "type": "Feature", "properties": { "voltage_kv": "380 kV", "operator_show": "TenneT", "name_show": "Stade–Landesbergen" }, "geometry": { "type": "LineString", "coordinates": [ [ 9.2549465, 53.1161144 ], [ 9.256604, 53.1794605 ], [ 9.3456222, 53.2791207 ] ] } },
{ "type": "Feature", "properties": { "voltage_kv": "380 kV", "operator_show": "Amprion", "name_show": "–" }, "geometry": { "type": "LineString", "coordinates": [ [ 8.4019613, 52.49668549999997 ], [ 8.4021378, 52.494993 ] ] } },
{ "type": "Feature", "properties": { "voltage_kv": "380 kV", "operator_show": "–", "name_show": "–" }, "geometry": { "type": "LineString", "coordinates": [ [ 8.3067248, 52.3469336 ], [ 8.307307, 52.3460095 ] ] } },
{ "type": "Feature", "properties": { "voltage_kv": "380 kV", "operator_show": "–", "name_show": "–" }, "geometry": { "type": "LineString", "coordinates": [ [ 8.3067248, 52.3469336 ], [ 8.3076178, 52.346016599999977 ] ] } },
{ "type": "Feature", "properties": { "voltage_kv": "380 kV", "operator_show": "Amprion", "name_show": "–" }, "geometry": { "type": "LineString", "coordinates": [ [ 8.3061342, 52.3461811 ], [ 8.3062036, 52.345598899999978 ] ] } },
{ "type": "Feature", "properties": { "voltage_kv": "380 kV", "operator_show": "TenneT TSO GmbH", "name_show": "–" }, "geometry": { "type": "LineString", "coordinates": [ [ 9.992235, 51.956257 ], [ 9.9895481, 51.9549615 ] ] } },
{ "type": "Feature", "properties": { "voltage_kv": "380 kV", "operator_show": "TransnetBW GmbH", "name_show": "Dellmensingen - Niederstotzingen (-Rotensohl)" }, "geometry": { "type": "LineString", "coordinates": [ [ 9.8847707, 48.3029253 ], [ 9.8863906, 48.3020557 ] ] } },
{ "type": "Feature", "properties": { "voltage_kv": "380 kV", "operator_show": "TransnetBW GmbH", "name_show": "Dellmensingen - Niederstotzingen (-Rotensohl)" }, "geometry": { "type": "LineString", "coordinates": [ [ 9.8850143, 48.3029774 ], [ 9.8863906, 48.3020557 ] ] } },
{ "type": "Feature", "properties": { "voltage_kv": "380 kV", "operator_show": "TransnetBW GmbH", "name_show": "PULVE-OBJTT-ENGST 380 kV, OBJTT-ENGST 380 kV, TRSNG-WDLNG 220 kV" }, "geometry": { "type": "LineString", "coordinates": [ [ 8.8725352, 48.3121149 ], [ 8.8717979, 48.3107208 ] ] } },
{ "type": "Feature", "properties": { "voltage_kv": "380 kV", "operator_show": "TransnetBW GmbH", "name_show": "PULVE-OBJTT-ENGST 380 kV, OBJTT-ENGST 380 kV, TRSNG-WDLNG 220 kV" }, "geometry": { "type": "LineString", "coordinates": [ [ 8.8725352, 48.3121149 ], [ 8.8715916, 48.3107701 ] ] } },
{ "type": "Feature", "properties": { "voltage_kv": "380 kV", "operator_show": "TransnetBW GmbH", "name_show": "Anlage 335;PULVE-OBJTT-ENGST 380 kV, OBJTT-ENGST 380 kV" }, "geometry": { "type": "LineString", "coordinates": [ [ 8.7861512, 48.5829097 ], [ 8.7874419, 48.581290699999975 ] ] } },
{ "type": "Feature", "properties": { "voltage_kv": "380 kV", "operator_show": "TransnetBW GmbH", "name_show": "Anlage 335;PULVE-OBJTT-ENGST 380 kV, OBJTT-ENGST 380 kV" }, "geometry": { "type": "LineString", "coordinates": [ [ 8.7863817, 48.582985299999983 ], [ 8.7874419, 48.581290699999975 ] ] } },
{ "type": "Feature", "properties": { "voltage_kv": "380 kV", "operator_show": "–", "name_show": "–" }, "geometry": { "type": "LineString", "coordinates": [ [ 9.0430964, 48.905072 ], [ 9.0427646, 48.9038474 ] ] } },
{ "type": "Feature", "properties": { "voltage_kv": "380 kV", "operator_show": "–", "name_show": "–" }, "geometry": { "type": "LineString", "coordinates": [ [ 9.0430964, 48.905072 ], [ 9.0430035, 48.9037848 ] ] } },
{ "type": "Feature", "properties": { "voltage_kv": "380 kV; 110 kV", "operator_show": "TransnetBW GmbH", "name_show": "–" }, "geometry": { "type": "LineString", "coordinates": [ [ 9.2370128, 48.9221859 ], [ 9.2410995, 48.922082899999985 ] ] } },
{ "type": "Feature", "properties": { "voltage_kv": "380 kV", "operator_show": "–", "name_show": "–" }, "geometry": { "type": "LineString", "coordinates": [ [ 9.3772727, 48.8124944 ], [ 9.3773542, 48.8124423 ] ] } },
{ "type": "Feature", "properties": { "voltage_kv": "380 kV", "operator_show": "TransnetBW GmbH", "name_show": "EDS-WDL 1x 380 kV" }, "geometry": { "type": "LineString", "coordinates": [ [ 9.4031704, 48.667235299999987 ], [ 9.4034293, 48.6677022 ] ] } },
{ "type": "Feature", "properties": { "voltage_kv": "380 kV", "operator_show": "TenneT TSO GmbH", "name_show": "Leitung 3212;Leitung 3213" }, "geometry": { "type": "LineString", "coordinates": [ [ 8.9922722, 51.341691399999988 ], [ 8.9935318, 51.3420347 ] ] } },
{ "type": "Feature", "properties": { "voltage_kv": "380 kV", "operator_show": "TenneT TSO GmbH", "name_show": "Leitung 3212;Leitung 3213" }, "geometry": { "type": "LineString", "coordinates": [ [ 8.9922722, 51.341691399999988 ], [ 8.9936112, 51.341879 ] ] } },
{ "type": "Feature", "properties": { "voltage_kv": "380 kV", "operator_show": "RWE", "name_show": "–" }, "geometry": { "type": "LineString", "coordinates": [ [ 7.4514208, 50.4020744 ], [ 7.4533107, 50.4022226 ] ] } },
{ "type": "Feature", "properties": { "voltage_kv": "380 kV", "operator_show": "Amprion", "name_show": "380kV Metternich" }, "geometry": { "type": "LineString", "coordinates": [ [ 7.4513117, 50.399569 ], [ 7.4502316, 50.400126299999989 ] ] } },
{ "type": "Feature", "properties": { "voltage_kv": "380 kV", "operator_show": "Amprion", "name_show": "380kV Soonwald West" }, "geometry": { "type": "LineString", "coordinates": [ [ 7.4502787, 50.400301899999988 ], [ 7.4513117, 50.399569 ] ] } },
{ "type": "Feature", "properties": { "voltage_kv": "380 kV", "operator_show": "Amprion", "name_show": "380kV Soonwald Ost" }, "geometry": { "type": "LineString", "coordinates": [ [ 7.4503114, 50.4004818 ], [ 7.4513117, 50.399569 ] ] } },
{ "type": "Feature", "properties": { "voltage_kv": "380 kV", "operator_show": "–", "name_show": "–" }, "geometry": { "type": "LineString", "coordinates": [ [ 8.2550741, 47.634038 ], [ 8.2573476, 47.6337896 ] ] } },
{ "type": "Feature", "properties": { "voltage_kv": "380 kV; 220 kV", "operator_show": "–", "name_show": "Herbertingen - Tiengen" }, "geometry": { "type": "LineString", "coordinates": [ [ 8.2611338, 47.6344878 ], [ 8.2601055, 47.632025400000011 ] ] } },
{ "type": "Feature", "properties": { "voltage_kv": "380 kV; 110 kV", "operator_show": "Amprion", "name_show": "–" }, "geometry": { "type": "LineString", "coordinates": [ [ 8.3006428, 52.387767599999982 ], [ 8.3069431, 52.3505664 ] ] } },
{ "type": "Feature", "properties": { "voltage_kv": "380 kV", "operator_show": "RWE", "name_show": "380 kV Niederaußem 8h" }, "geometry": { "type": "LineString", "coordinates": [ [ 6.673906, 50.992854 ], [ 6.6739244, 50.9928292 ] ] } },
{ "type": "Feature", "properties": { "voltage_kv": "380 kV", "operator_show": "RWE", "name_show": "380 kV Niederaußem 8h" }, "geometry": { "type": "LineString", "coordinates": [ [ 6.6742918, 50.992976699999986 ], [ 6.6743128, 50.9929516 ] ] } },
{ "type": "Feature", "properties": { "voltage_kv": "380 kV", "operator_show": "TenneT TSO GmbH", "name_show": "Irsching - Raitersaich" }, "geometry": { "type": "LineString", "coordinates": [ [ 11.5834338, 48.7642882 ], [ 11.5833328, 48.7639751 ] ] } },
{ "type": "Feature", "properties": { "voltage_kv": "380 kV", "operator_show": "TenneT TSO GmbH", "name_show": "Irsching - Raitersaich" }, "geometry": { "type": "LineString", "coordinates": [ [ 11.5834338, 48.7642882 ], [ 11.5835838, 48.7639751 ] ] } },
{ "type": "Feature", "properties": { "voltage_kv": "380 kV; 110 kV", "operator_show": "TenneT TSO;Avacon Netz", "name_show": "–" }, "geometry": { "type": "LineString", "coordinates": [ [ 8.6373107, 51.8950664 ], [ 8.6405167, 51.893782699999988 ] ] } },
{ "type": "Feature", "properties": { "voltage_kv": "380 kV", "operator_show": "–", "name_show": "–" }, "geometry": { "type": "LineString", "coordinates": [ [ 7.1794318, 51.5481415 ], [ 7.1799789, 51.5477819 ] ] } },
{ "type": "Feature", "properties": { "voltage_kv": "380 kV", "operator_show": "Amprion", "name_show": "380kV Witten West" }, "geometry": { "type": "LineString", "coordinates": [ [ 7.3123403, 51.4477879 ], [ 7.3126246, 51.447059599999989 ] ] } },
{ "type": "Feature", "properties": { "voltage_kv": "380 kV", "operator_show": "Amprion", "name_show": "380kV Persebeck" }, "geometry": { "type": "LineString", "coordinates": [ [ 7.3128398, 51.4471538 ], [ 7.3123403, 51.4477879 ] ] } },
{ "type": "Feature", "properties": { "voltage_kv": "380 kV; 220 kV", "operator_show": "RWE", "name_show": "–" }, "geometry": { "type": "LineString", "coordinates": [ [ 7.1773134, 51.4725352 ], [ 7.1790934, 51.475171899999985 ] ] } },
{ "type": "Feature", "properties": { "voltage_kv": "380 kV; 220 kV; 110 kV", "operator_show": "–", "name_show": "–" }, "geometry": { "type": "LineString", "coordinates": [ [ 6.8211163, 50.9351997 ], [ 6.8379937, 50.9126158 ] ] } },
{ "type": "Feature", "properties": { "voltage_kv": "380 kV", "operator_show": "RWE", "name_show": "380 kV Weißenthurm Ost" }, "geometry": { "type": "LineString", "coordinates": [ [ 7.1340893, 50.641871299999984 ], [ 7.1366438, 50.6428768 ] ] } },
{ "type": "Feature", "properties": { "voltage_kv": "380 kV", "operator_show": "RWE", "name_show": "380 kV Liessem Ost" }, "geometry": { "type": "LineString", "coordinates": [ [ 7.1340893, 50.641871299999984 ], [ 7.1363066, 50.6433767 ] ] } },
{ "type": "Feature", "properties": { "voltage_kv": "380 kV", "operator_show": "TenneT", "name_show": "380-kV-Leitung Klixbüll - Bundesgrenze DK, LH-13-322" }, "geometry": { "type": "LineString", "coordinates": [ [ 8.9151976, 54.901341 ], [ 8.9306509, 54.865475600000018 ], [ 8.8984323, 54.850810399999986 ], [ 8.8684571, 54.7974974 ] ] } },
{ "type": "Feature", "properties": { "voltage_kv": "380 kV", "operator_show": "RWE", "name_show": "380 kV Neurath 2b|3c" }, "geometry": { "type": "LineString", "coordinates": [ [ 6.6108371, 51.0366223 ], [ 6.6087923, 51.0346788 ] ] } },
{ "type": "Feature", "properties": { "voltage_kv": "380 kV", "operator_show": "–", "name_show": "–" }, "geometry": { "type": "LineString", "coordinates": [ [ 6.6106592, 51.0365324 ], [ 6.6107983, 51.0365002 ] ] } },
{ "type": "Feature", "properties": { "voltage_kv": "380 kV", "operator_show": "–", "name_show": "–" }, "geometry": { "type": "LineString", "coordinates": [ [ 6.6106122, 51.0364497 ], [ 6.6107711, 51.0364148 ] ] } },
{ "type": "Feature", "properties": { "voltage_kv": "380 kV", "operator_show": "–", "name_show": "–" }, "geometry": { "type": "LineString", "coordinates": [ [ 6.6105733, 51.0363823 ], [ 6.6107475, 51.036340499999987 ] ] } },
{ "type": "Feature", "properties": { "voltage_kv": "380 kV", "operator_show": "–", "name_show": "–" }, "geometry": { "type": "LineString", "coordinates": [ [ 6.6117337, 51.036292099999983 ], [ 6.6115652, 51.036329099999989 ] ] } },
{ "type": "Feature", "properties": { "voltage_kv": "380 kV", "operator_show": "–", "name_show": "–" }, "geometry": { "type": "LineString", "coordinates": [ [ 6.6116868, 51.0362094 ], [ 6.6115061, 51.0362512 ] ] } },
{ "type": "Feature", "properties": { "voltage_kv": "380 kV", "operator_show": "–", "name_show": "–" }, "geometry": { "type": "LineString", "coordinates": [ [ 6.6116479, 51.0361419 ], [ 6.6114566, 51.0361858 ] ] } },
{ "type": "Feature", "properties": { "voltage_kv": "380 kV", "operator_show": "–", "name_show": "–" }, "geometry": { "type": "LineString", "coordinates": [ [ 6.6129157, 51.0360133 ], [ 6.6127135, 51.0360566 ] ] } },
{ "type": "Feature", "properties": { "voltage_kv": "380 kV", "operator_show": "–", "name_show": "–" }, "geometry": { "type": "LineString", "coordinates": [ [ 6.6128709, 51.0359296 ], [ 6.6126631, 51.0359762 ] ] } },
{ "type": "Feature", "properties": { "voltage_kv": "380 kV", "operator_show": "–", "name_show": "–" }, "geometry": { "type": "LineString", "coordinates": [ [ 6.6128309, 51.035855 ], [ 6.6126169, 51.035902399999976 ] ] } },
{ "type": "Feature", "properties": { "voltage_kv": "380 kV", "operator_show": "TenneT TSO GmbH", "name_show": "Kriegenbrunn - Redwitz;Raitersaich - Kriegenbrunn" }, "geometry": { "type": "LineString", "coordinates": [ [ 10.9727019, 49.5590868 ], [ 10.9713022, 49.55895490000001 ] ] } },
{ "type": "Feature", "properties": { "voltage_kv": "380 kV", "operator_show": "RWE", "name_show": "380kV Mengede Süd" }, "geometry": { "type": "LineString", "coordinates": [ [ 7.3536245, 51.5760771 ], [ 7.3543075, 51.5758894 ] ] } },
{ "type": "Feature", "properties": { "voltage_kv": "380 kV; 110 kV", "operator_show": "Amprion", "name_show": "380 kV Siegtal Nord|Süd" }, "geometry": { "type": "LineString", "coordinates": [ [ 7.5501182, 50.764060399999984 ], [ 7.4792987, 50.7675562 ] ] } },
{ "type": "Feature", "properties": { "voltage_kv": "380 kV", "operator_show": "Amprion", "name_show": "380 kV Siegtal Nord|Süd" }, "geometry": { "type": "LineString", "coordinates": [ [ 7.5557448, 50.7645869 ], [ 7.5501182, 50.764060399999984 ] ] } },
{ "type": "Feature", "properties": { "voltage_kv": "380 kV", "operator_show": "Amprion", "name_show": "380kV Leichlingen Ost" }, "geometry": { "type": "LineString", "coordinates": [ [ 7.2320083, 51.2300215 ], [ 7.2326271, 51.2313421 ] ] } },
{ "type": "Feature", "properties": { "voltage_kv": "380 kV", "operator_show": "Amprion", "name_show": "380kV Dauersberg Ost" }, "geometry": { "type": "LineString", "coordinates": [ [ 7.2329544, 51.2313257 ], [ 7.2320083, 51.2300215 ] ] } },
{ "type": "Feature", "properties": { "voltage_kv": "380 kV", "operator_show": "–", "name_show": "–" }, "geometry": { "type": "LineString", "coordinates": [ [ 9.9518292, 53.4901337 ], [ 9.9514749, 53.4900696 ] ] } },
{ "type": "Feature", "properties": { "voltage_kv": "380 kV", "operator_show": "–", "name_show": "–" }, "geometry": { "type": "LineString", "coordinates": [ [ 9.9524505, 53.4894145 ], [ 9.9520737, 53.4893049 ] ] } },
{ "type": "Feature", "properties": { "voltage_kv": "380 kV", "operator_show": "–", "name_show": "–" }, "geometry": { "type": "LineString", "coordinates": [ [ 8.5488407, 49.440417299999979 ], [ 8.5503074, 49.4387541 ] ] } },
{ "type": "Feature", "properties": { "voltage_kv": "380 kV", "operator_show": "Amprion", "name_show": "–" }, "geometry": { "type": "LineString", "coordinates": [ [ 7.1689886, 51.5539043 ], [ 7.1697386, 51.5545785 ] ] } },
{ "type": "Feature", "properties": { "voltage_kv": "380 kV", "operator_show": "Amprion", "name_show": "380kV Recklinghausen + 220kV Herne 4" }, "geometry": { "type": "LineString", "coordinates": [ [ 7.1841658, 51.558870300000017 ], [ 7.1815181, 51.5594209 ] ] } },
{ "type": "Feature", "properties": { "voltage_kv": "380 kV", "operator_show": "–", "name_show": "–" }, "geometry": { "type": "LineString", "coordinates": [ [ 7.0014455, 51.2501218 ], [ 6.9991839, 51.2490263 ] ] } },
{ "type": "Feature", "properties": { "voltage_kv": "380 kV", "operator_show": "–", "name_show": "–" }, "geometry": { "type": "LineString", "coordinates": [ [ 6.9991658, 51.248658399999989 ], [ 7.0014455, 51.2501218 ] ] } },
{ "type": "Feature", "properties": { "voltage_kv": "380 kV", "operator_show": "–", "name_show": "–" }, "geometry": { "type": "LineString", "coordinates": [ [ 7.0010618, 51.247487 ], [ 6.9991416, 51.2484427 ] ] } },
{ "type": "Feature", "properties": { "voltage_kv": "380 kV", "operator_show": "–", "name_show": "–" }, "geometry": { "type": "LineString", "coordinates": [ [ 7.0010618, 51.247487 ], [ 6.9988828, 51.2480708 ] ] } },
{ "type": "Feature", "properties": { "voltage_kv": "380 kV", "operator_show": "Amprion", "name_show": "–" }, "geometry": { "type": "LineString", "coordinates": [ [ 7.4488206, 51.4102311 ], [ 7.4634134, 51.4111024 ] ] } },
{ "type": "Feature", "properties": { "voltage_kv": "380 kV", "operator_show": "TenneT TSO", "name_show": "–" }, "geometry": { "type": "LineString", "coordinates": [ [ 9.7733297, 50.5293642 ], [ 9.770995, 50.5296979 ] ] } },
{ "type": "Feature", "properties": { "voltage_kv": "380 kV", "operator_show": "TenneT TSO", "name_show": "–" }, "geometry": { "type": "LineString", "coordinates": [ [ 9.7732874, 50.5281781 ], [ 9.7709279, 50.5281825 ] ] } },
{ "type": "Feature", "properties": { "voltage_kv": "380 kV", "operator_show": "TenneT TSO", "name_show": "–" }, "geometry": { "type": "LineString", "coordinates": [ [ 9.7709279, 50.5281825 ], [ 9.7732833, 50.5279943 ] ] } },
{ "type": "Feature", "properties": { "voltage_kv": "380 kV", "operator_show": "TenneT TSO", "name_show": "Stade–Landesbergen" }, "geometry": { "type": "LineString", "coordinates": [ [ 9.521154, 53.5460157 ], [ 9.4868607, 53.5433918 ], [ 9.4037779, 53.478285799999988 ], [ 9.3826115, 53.3444484 ], [ 9.4044933, 53.328196099999985 ], [ 9.3456222, 53.2791207 ] ] } },
{ "type": "Feature", "properties": { "voltage_kv": "380 kV", "operator_show": "TenneT", "name_show": "3101" }, "geometry": { "type": "LineString", "coordinates": [ [ 9.527403, 53.5469049 ], [ 9.521154, 53.5460157 ] ] } },
{ "type": "Feature", "properties": { "voltage_kv": "380 kV", "operator_show": "TenneT TSO", "name_show": "3100 Dollern - Sottrum" }, "geometry": { "type": "LineString", "coordinates": [ [ 9.3886907, 53.338420499999977 ], [ 9.4056086, 53.3257619 ], [ 9.3837797, 53.3146739 ] ] } },
{ "type": "Feature", "properties": { "voltage_kv": "380 kV", "operator_show": "TenneT TSO", "name_show": "3100 Dollern - Sottrum" }, "geometry": { "type": "LineString", "coordinates": [ [ 9.3837797, 53.3146739 ], [ 9.2762267, 53.2072159 ], [ 9.2570706, 53.115075 ] ] } },
{ "type": "Feature", "properties": { "voltage_kv": "380 kV", "operator_show": "TenneT TSO", "name_show": "3100 Dollern - Sottrum" }, "geometry": { "type": "LineString", "coordinates": [ [ 9.3886907, 53.338420499999977 ], [ 9.3837797, 53.3146739 ] ] } },
{ "type": "Feature", "properties": { "voltage_kv": "380 kV", "operator_show": "TenneT TSO", "name_show": "–" }, "geometry": { "type": "LineString", "coordinates": [ [ 10.364077, 52.2848983 ], [ 10.362842, 52.284675 ] ] } },
{ "type": "Feature", "properties": { "voltage_kv": "380 kV", "operator_show": "TenneT TSO", "name_show": "–" }, "geometry": { "type": "LineString", "coordinates": [ [ 10.3641532, 52.284568899999982 ], [ 10.362842, 52.284675 ] ] } },
{ "type": "Feature", "properties": { "voltage_kv": "380 kV", "operator_show": "TenneT TSO", "name_show": "–" }, "geometry": { "type": "LineString", "coordinates": [ [ 10.2573992, 52.171624199999982 ], [ 10.2556292, 52.1704791 ] ] } },
{ "type": "Feature", "properties": { "voltage_kv": "380 kV", "operator_show": "TenneT TSO", "name_show": "–" }, "geometry": { "type": "LineString", "coordinates": [ [ 10.2556292, 52.1704791 ], [ 10.2513909, 52.1691604 ] ] } },
{ "type": "Feature", "properties": { "voltage_kv": "380 kV", "operator_show": "TenneT TSO GmbH", "name_show": "–" }, "geometry": { "type": "LineString", "coordinates": [ [ 10.1953014, 52.079996 ], [ 10.1939598, 52.0783766 ] ] } },
{ "type": "Feature", "properties": { "voltage_kv": "380 kV", "operator_show": "TenneT TSO GmbH", "name_show": "–" }, "geometry": { "type": "LineString", "coordinates": [ [ 10.1949616, 52.0800212 ], [ 10.1939598, 52.0783766 ] ] } },
{ "type": "Feature", "properties": { "voltage_kv": "380 kV; 110 kV", "operator_show": "TenneT TSO", "name_show": "–" }, "geometry": { "type": "LineString", "coordinates": [ [ 9.5385056, 51.067303 ], [ 9.5171901, 51.1105113 ] ] } },
{ "type": "Feature", "properties": { "voltage_kv": "380 kV; 110 kV", "operator_show": "TenneT TSO", "name_show": "–" }, "geometry": { "type": "LineString", "coordinates": [ [ 9.5799085, 51.288554199999986 ], [ 9.5914519, 51.326296299999989 ] ] } },
{ "type": "Feature", "properties": { "voltage_kv": "380 kV", "operator_show": "TenneT TSO GmbH", "name_show": "–" }, "geometry": { "type": "LineString", "coordinates": [ [ 9.5914519, 51.326296299999989 ], [ 9.5970079, 51.330859899999986 ] ] } },
{ "type": "Feature", "properties": { "voltage_kv": "380 kV; 110 kV", "operator_show": "TenneT TSO GmbH", "name_show": "–" }, "geometry": { "type": "LineString", "coordinates": [ [ 9.5346966, 51.1476583 ], [ 9.5374746, 51.1748399 ] ] } },
{ "type": "Feature", "properties": { "voltage_kv": "380 kV; 380 kV; 110 kV", "operator_show": "TransnetBW GmbH", "name_show": "–" }, "geometry": { "type": "LineString", "coordinates": [ [ 8.7167937, 48.9154887 ], [ 8.6642917, 48.907038 ] ] } },
{ "type": "Feature", "properties": { "voltage_kv": "380 kV", "operator_show": "50Hertz Transmission", "name_show": "Grafenrheinfeld - Eltmann" }, "geometry": { "type": "LineString", "coordinates": [ [ 10.6625374, 49.9798565 ], [ 10.6626401, 49.9803141 ] ] } },
{ "type": "Feature", "properties": { "voltage_kv": "380 kV", "operator_show": "50Hertz Transmission", "name_show": "Eltmann - Redwitz" }, "geometry": { "type": "LineString", "coordinates": [ [ 10.6625374, 49.9798565 ], [ 10.6630479, 49.980170499999986 ] ] } },
{ "type": "Feature", "properties": { "voltage_kv": "380 kV", "operator_show": "–", "name_show": "–" }, "geometry": { "type": "LineString", "coordinates": [ [ 8.3198613, 52.0658706 ], [ 8.319471, 52.0656881 ] ] } },
{ "type": "Feature", "properties": { "voltage_kv": "380 kV", "operator_show": "–", "name_show": "–" }, "geometry": { "type": "LineString", "coordinates": [ [ 8.3196376, 52.0660335 ], [ 8.3191916, 52.0658587 ] ] } },
{ "type": "Feature", "properties": { "voltage_kv": "380 kV; 110 kV", "operator_show": "TenneT TSO;Avacon Netz", "name_show": "–" }, "geometry": { "type": "LineString", "coordinates": [ [ 8.6405167, 51.893782699999988 ], [ 8.6625354, 51.8606736 ] ] } },
{ "type": "Feature", "properties": { "voltage_kv": "380 kV", "operator_show": "Avacon Netz", "name_show": "–" }, "geometry": { "type": "LineString", "coordinates": [ [ 8.6625354, 51.8606736 ], [ 8.6642547, 51.8577994 ] ] } },
{ "type": "Feature", "properties": { "voltage_kv": "380 kV; 380 kV; 110 kV; 110 kV", "operator_show": "Netze BW GmbH;TransnetBW GmbH", "name_show": "2x 380 kV ; 2x 110 kV" }, "geometry": { "type": "LineString", "coordinates": [ [ 8.9523741, 48.7399553 ], [ 8.946948, 48.7157168 ] ] } },
{ "type": "Feature", "properties": { "voltage_kv": "380 kV; 380 kV; 110 kV; 110 kV", "operator_show": "Netze BW GmbH;TransnetBW GmbH", "name_show": "2x 380 kV ; 2x 110 kV" }, "geometry": { "type": "LineString", "coordinates": [ [ 8.946948, 48.7157168 ], [ 8.9461778, 48.714952199999985 ] ] } },
{ "type": "Feature", "properties": { "voltage_kv": "380 kV; 110 kV", "operator_show": "TenneT TSO GmbH;DB Energie GmbH", "name_show": "–" }, "geometry": { "type": "LineString", "coordinates": [ [ 9.5171901, 51.1105113 ], [ 9.5346966, 51.1476583 ] ] } },
{ "type": "Feature", "properties": { "voltage_kv": "380 kV", "operator_show": "TenneT TSO GmbH", "name_show": "Leitung 3016" }, "geometry": { "type": "LineString", "coordinates": [ [ 8.9964425, 52.3796906 ], [ 8.9959484, 52.379129699999979 ] ] } },
{ "type": "Feature", "properties": { "voltage_kv": "380 kV", "operator_show": "Amprion", "name_show": "–" }, "geometry": { "type": "LineString", "coordinates": [ [ 8.2727343, 49.021956699999983 ], [ 8.2740395, 49.0257139 ] ] } },
{ "type": "Feature", "properties": { "voltage_kv": "380 kV", "operator_show": "Amprion", "name_show": "–" }, "geometry": { "type": "LineString", "coordinates": [ [ 8.2740395, 49.0257139 ], [ 8.2727059, 49.027581499999975 ] ] } },
{ "type": "Feature", "properties": { "voltage_kv": "380 kV", "operator_show": "Amprion", "name_show": "–" }, "geometry": { "type": "LineString", "coordinates": [ [ 8.2718141, 49.0276994 ], [ 8.2740395, 49.0257139 ] ] } },
{ "type": "Feature", "properties": { "voltage_kv": "400 kV", "operator_show": "–", "name_show": "–" }, "geometry": { "type": "LineString", "coordinates": [ [ 7.8698131, 50.9014589 ], [ 7.8695702, 50.90179 ] ] } },
{ "type": "Feature", "properties": { "voltage_kv": "380 kV", "operator_show": "RWE", "name_show": "–" }, "geometry": { "type": "LineString", "coordinates": [ [ 7.5449299, 51.9696367 ], [ 7.545017, 51.9692542 ] ] } },
{ "type": "Feature", "properties": { "voltage_kv": "380 kV", "operator_show": "RWE", "name_show": "–" }, "geometry": { "type": "LineString", "coordinates": [ [ 7.5454396, 51.9695765 ], [ 7.545017, 51.9692542 ] ] } },
{ "type": "Feature", "properties": { "voltage_kv": "380 kV", "operator_show": "–", "name_show": "–" }, "geometry": { "type": "LineString", "coordinates": [ [ 10.2488358, 48.4179383 ], [ 10.2496755, 48.4166054 ] ] } },
{ "type": "Feature", "properties": { "voltage_kv": "380 kV", "operator_show": "–", "name_show": "–" }, "geometry": { "type": "LineString", "coordinates": [ [ 10.2493157, 48.4179861 ], [ 10.2496755, 48.4166054 ] ] } },
{ "type": "Feature", "properties": { "voltage_kv": "380 kV", "operator_show": "Amprion GmbH", "name_show": "Amprion Leitung Ried Ost / West und Biblis 1a / 3c" }, "geometry": { "type": "LineString", "coordinates": [ [ 8.4302541, 49.635453299999988 ], [ 8.423794, 49.631892399999984 ] ] } },
{ "type": "Feature", "properties": { "voltage_kv": "380 kV", "operator_show": "50Hertz Transmission", "name_show": "Ltg 496 Neuenhagen - Marzahn" }, "geometry": { "type": "LineString", "coordinates": [ [ 13.7102364, 52.5386379 ], [ 13.7083799, 52.5366397 ] ] } },
{ "type": "Feature", "properties": { "voltage_kv": "380 kV", "operator_show": "–", "name_show": "–" }, "geometry": { "type": "LineString", "coordinates": [ [ 13.7094592, 52.539302 ], [ 13.7102364, 52.5386379 ] ] } },
{ "type": "Feature", "properties": { "voltage_kv": "380 kV", "operator_show": "50Hertz Transmission", "name_show": "Ltg 496 Marzahn" }, "geometry": { "type": "LineString", "coordinates": [ [ 13.7086328, 52.5385995 ], [ 13.7102364, 52.5386379 ] ] } },
{ "type": "Feature", "properties": { "voltage_kv": "380 kV", "operator_show": "50Hertz Transmission", "name_show": "Ltg 495 Neuenhagen - Marzahn" }, "geometry": { "type": "LineString", "coordinates": [ [ 13.7125335, 52.5386607 ], [ 13.7083799, 52.5366397 ] ] } },
{ "type": "Feature", "properties": { "voltage_kv": "380 kV; 220 kV", "operator_show": "RWE", "name_show": "–" }, "geometry": { "type": "LineString", "coordinates": [ [ 6.5845759, 51.4385793 ], [ 6.5839531, 51.4395796 ] ] } },
{ "type": "Feature", "properties": { "voltage_kv": "380 kV", "operator_show": "Amprion", "name_show": "Amprion Leitung Biblis 1a" }, "geometry": { "type": "LineString", "coordinates": [ [ 8.4160758, 49.7059694 ], [ 8.418055, 49.7071144 ] ] } },
{ "type": "Feature", "properties": { "voltage_kv": "380 kV", "operator_show": "Amprion", "name_show": "Amprion Leitung Biblis 1a" }, "geometry": { "type": "LineString", "coordinates": [ [ 8.418055, 49.7071144 ], [ 8.4173122, 49.710521 ] ] } },
{ "type": "Feature", "properties": { "voltage_kv": "380 kV", "operator_show": "Amprion", "name_show": "Amprion Leitung Biblis 1a" }, "geometry": { "type": "LineString", "coordinates": [ [ 8.4173122, 49.710521 ], [ 8.4189651, 49.710882 ] ] } },
{ "type": "Feature", "properties": { "voltage_kv": "380 kV", "operator_show": "Amprion GmbH", "name_show": "Amprion Leitung FGH - Trafo 401" }, "geometry": { "type": "LineString", "coordinates": [ [ 8.547579, 49.4403627 ], [ 8.544332, 49.4429557 ] ] } },
{ "type": "Feature", "properties": { "voltage_kv": "380 kV", "operator_show": "TenneT TSO", "name_show": "–" }, "geometry": { "type": "LineString", "coordinates": [ [ 9.9140333, 51.7090052 ], [ 9.9046696, 51.697567 ] ] } },
{ "type": "Feature", "properties": { "voltage_kv": "380 kV; 110 kV", "operator_show": "TenneT TSO", "name_show": "–" }, "geometry": { "type": "LineString", "coordinates": [ [ 9.9046696, 51.697567 ], [ 9.9017367, 51.6889033 ] ] } },
{ "type": "Feature", "properties": { "voltage_kv": "380 kV; 110 kV", "operator_show": "TenneT TSO GmbH;Bayernwerk Netz GmbH", "name_show": "Etzenricht - Mechlenreut - Redwitz;Münchberg - Untersteinach" }, "geometry": { "type": "LineString", "coordinates": [ [ 11.565605, 50.1689864 ], [ 11.6133479, 50.1809872 ] ] } },
{ "type": "Feature", "properties": { "voltage_kv": "380 kV", "operator_show": "TenneT TSO", "name_show": "Ltg 437 Mechlenreuth - Redwitz" }, "geometry": { "type": "LineString", "coordinates": [ [ 11.2688545, 50.1657172 ], [ 11.3564199, 50.1509024 ], [ 11.4572486, 50.161632 ], [ 11.521988, 50.14893 ], [ 11.5620441, 50.1661575 ] ] } },
{ "type": "Feature", "properties": { "voltage_kv": "380 kV; 110 kV; 0 kV", "operator_show": "TenneT TSO", "name_show": "Ltg 437 Mechlenreuth - Redwitz sowie 169 Neuses - Redwitz und 172 Kronach - Redwitz" }, "geometry": { "type": "LineString", "coordinates": [ [ 11.2005612, 50.163002 ], [ 11.2688545, 50.1657172 ] ] } },
{ "type": "Feature", "properties": { "voltage_kv": "380 kV; 110 kV", "operator_show": "TenneT;Avacon Netz", "name_show": "–" }, "geometry": { "type": "LineString", "coordinates": [ [ 8.7153305, 50.462595699999987 ], [ 8.6620215, 50.5194555 ] ] } },
{ "type": "Feature", "properties": { "voltage_kv": "380 kV", "operator_show": "TransnetBW GmbH", "name_show": "–" }, "geometry": { "type": "LineString", "coordinates": [ [ 8.6298847, 49.3529668 ], [ 8.6259157, 49.3550591 ] ] } },
{ "type": "Feature", "properties": { "voltage_kv": "380 kV; 220 kV", "operator_show": "Amprion", "name_show": "Amprion Leitung Biblis 2b und 3c" }, "geometry": { "type": "LineString", "coordinates": [ [ 8.4149529, 49.7112265 ], [ 8.4128707, 49.7103794 ] ] } },
{ "type": "Feature", "properties": { "voltage_kv": "380 kV", "operator_show": "TenneT TSO", "name_show": "Ltg 437 Mechlenreuth - Redwitz sowie 169 Neuses - Redwitz und 172 Kronach - Redwitz" }, "geometry": { "type": "LineString", "coordinates": [ [ 11.1966895, 50.1618836 ], [ 11.2005612, 50.163002 ] ] } },
{ "type": "Feature", "properties": { "voltage_kv": "380 kV", "operator_show": "TenneT TSO", "name_show": "246" }, "geometry": { "type": "LineString", "coordinates": [ [ 11.1935862, 50.1618332 ], [ 11.1948608, 50.1617089 ] ] } },
{ "type": "Feature", "properties": { "voltage_kv": "380 kV; 110 kV", "operator_show": "–", "name_show": "–" }, "geometry": { "type": "LineString", "coordinates": [ [ 11.6734418, 50.196030299999975 ], [ 11.764603, 50.2104776 ] ] } },
{ "type": "Feature", "properties": { "voltage_kv": "380 kV; 110 kV", "operator_show": "TenneT TSO GmbH;Bayernwerk Netz GmbH", "name_show": "Etzenricht - Mechlenreut - Redwitz;Marktleugast - Münchberg;Münchberg - Untersteinach" }, "geometry": { "type": "LineString", "coordinates": [ [ 11.6734418, 50.196030299999975 ], [ 11.6133479, 50.1809872 ] ] } },
{ "type": "Feature", "properties": { "voltage_kv": "380 kV; 110 kV", "operator_show": "TenneT TSO", "name_show": "Ltg 437 Mechlenreuth - Redwitz" }, "geometry": { "type": "LineString", "coordinates": [ [ 11.5620441, 50.1661575 ], [ 11.565605, 50.1689864 ] ] } },
{ "type": "Feature", "properties": { "voltage_kv": "380 kV; 110 kV", "operator_show": "–", "name_show": "–" }, "geometry": { "type": "LineString", "coordinates": [ [ 11.7771548, 50.2084163 ], [ 11.8056702, 50.21019780000001 ], [ 11.8115942, 50.1855341 ] ] } },
{ "type": "Feature", "properties": { "voltage_kv": "380 kV", "operator_show": "–", "name_show": "–" }, "geometry": { "type": "LineString", "coordinates": [ [ 11.764603, 50.2104776 ], [ 11.7734068, 50.2077701 ] ] } },
{ "type": "Feature", "properties": { "voltage_kv": "380 kV", "operator_show": "–", "name_show": "–" }, "geometry": { "type": "LineString", "coordinates": [ [ 11.8115942, 50.1855341 ], [ 11.8097649, 50.184086599999979 ] ] } },
{ "type": "Feature", "properties": { "voltage_kv": "380 kV; 110 kV", "operator_show": "–", "name_show": "–" }, "geometry": { "type": "LineString", "coordinates": [ [ 11.7734068, 50.2077701 ], [ 11.7771548, 50.2084163 ] ] } },
{ "type": "Feature", "properties": { "voltage_kv": "380 kV", "operator_show": "–", "name_show": "–" }, "geometry": { "type": "LineString", "coordinates": [ [ 11.8115942, 50.1855341 ], [ 11.8106996, 50.1837946 ] ] } },
{ "type": "Feature", "properties": { "voltage_kv": "380 kV", "operator_show": "50Hertz Transmission", "name_show": "Ltg 516 Stendal West" }, "geometry": { "type": "LineString", "coordinates": [ [ 11.8522373, 53.0875762 ], [ 11.8511636, 53.088214299999976 ] ] } },
{ "type": "Feature", "properties": { "voltage_kv": "380 kV", "operator_show": "50Hertz Transmission", "name_show": "Ltg 596 Putlitz Süd / Putlitz" }, "geometry": { "type": "LineString", "coordinates": [ [ 11.851998, 53.087275799999986 ], [ 11.8511636, 53.088214299999976 ] ] } },
{ "type": "Feature", "properties": { "voltage_kv": "380 kV", "operator_show": "50Hertz Transmission", "name_show": "Ltg 436 Parchim Süd" }, "geometry": { "type": "LineString", "coordinates": [ [ 11.8512175, 53.0863491 ], [ 11.8503546, 53.087246 ] ] } },
{ "type": "Feature", "properties": { "voltage_kv": "380 kV", "operator_show": "50Hertz Transmission", "name_show": "Ltg 436 Perleberg - Parchim Süd" }, "geometry": { "type": "LineString", "coordinates": [ [ 11.8503546, 53.087246 ], [ 11.8500722, 53.0880709 ] ] } },
{ "type": "Feature", "properties": { "voltage_kv": "380 kV", "operator_show": "50Hertz Transmission", "name_show": "Ltg 436 Perleberg - Parchim Süd" }, "geometry": { "type": "LineString", "coordinates": [ [ 11.8500722, 53.0880709 ], [ 11.8518185, 53.0921127 ] ] } },
{ "type": "Feature", "properties": { "voltage_kv": "380 kV", "operator_show": "50Hertz Transmission", "name_show": "Ltg 436 Perleberg" }, "geometry": { "type": "LineString", "coordinates": [ [ 11.8985353, 53.4069953 ], [ 11.8967328, 53.40663760000001 ] ] } },
{ "type": "Feature", "properties": { "voltage_kv": "380 kV; 220 kV", "operator_show": "50Hertz Transmission", "name_show": "Ltg 436 Perleberg - Parchim Süd und 332 Wolmirstedt - Parchim Süd" }, "geometry": { "type": "LineString", "coordinates": [ [ 11.8165918, 53.217435 ], [ 11.8222347, 53.233600800000012 ] ] } },
{ "type": "Feature", "properties": { "voltage_kv": "380 kV; 220 kV", "operator_show": "50Hertz Transmission", "name_show": "Ltg 436 Perleberg - Parchim Süd und 332 Wolmirstedt - Parchim Süd" }, "geometry": { "type": "LineString", "coordinates": [ [ 11.8378832, 53.131810599999987 ], [ 11.8165918, 53.217435 ] ] } },
{ "type": "Feature", "properties": { "voltage_kv": "380 kV; 220 kV", "operator_show": "50Hertz Transmission", "name_show": "Ltg 436 Perleberg - Parchim Süd und 332 Wolmirstedt - Parchim Süd" }, "geometry": { "type": "LineString", "coordinates": [ [ 11.8222347, 53.233600800000012 ], [ 11.8369002, 53.2682748 ] ] } },
{ "type": "Feature", "properties": { "voltage_kv": "380 kV; 220 kV", "operator_show": "50Hertz Transmission", "name_show": "Ltg 436 Perleberg - Parchim Süd und 332 Wolmirstedt - Parchim Süd" }, "geometry": { "type": "LineString", "coordinates": [ [ 11.8369002, 53.2682748 ], [ 11.8437867, 53.2845189 ] ] } },
{ "type": "Feature", "properties": { "voltage_kv": "380 kV; 220 kV", "operator_show": "50Hertz Transmission", "name_show": "Ltg 436 Perleberg - Parchim Süd und 332 Wolmirstedt - Parchim Süd" }, "geometry": { "type": "LineString", "coordinates": [ [ 11.8630845, 53.382264 ], [ 11.8967328, 53.40663760000001 ] ] } },
{ "type": "Feature", "properties": { "voltage_kv": "380 kV; 220 kV", "operator_show": "50Hertz Transmission", "name_show": "Ltg 436 Perleberg - Parchim Süd und 332 Wolmirstedt - Parchim Süd" }, "geometry": { "type": "LineString", "coordinates": [ [ 11.8518185, 53.0921127 ], [ 11.8378832, 53.131810599999987 ] ] } },
{ "type": "Feature", "properties": { "voltage_kv": "380 kV", "operator_show": "TenneT TSO", "name_show": "Etzenricht - Schwandorf" }, "geometry": { "type": "LineString", "coordinates": [ [ 12.1171764, 49.6305417 ], [ 12.1462529, 49.599924 ], [ 12.1142559, 49.5624092 ], [ 12.1167635, 49.500937499999978 ], [ 12.0759802, 49.4599435 ], [ 12.0810553, 49.4061715 ], [ 12.1087384, 49.3891448 ], [ 12.1151127, 49.3547321 ] ] } },
{ "type": "Feature", "properties": { "voltage_kv": "380 kV", "operator_show": "–", "name_show": "Etzenricht - Schwandorf" }, "geometry": { "type": "LineString", "coordinates": [ [ 12.077895, 49.298712599999988 ], [ 12.0803154, 49.2989334 ] ] } },
{ "type": "Feature", "properties": { "voltage_kv": "380 kV", "operator_show": "TenneT TSO", "name_show": "Etzenricht - Schwandorf" }, "geometry": { "type": "LineString", "coordinates": [ [ 12.0692523, 49.3068676 ], [ 12.077895, 49.298712599999988 ] ] } },
{ "type": "Feature", "properties": { "voltage_kv": "380 kV; 110 kV", "operator_show": "TenneT TSO", "name_show": "Etzenricht - Schwandorf;Schwandorf - Schwarzenfeld; Naab - Schwandorf" }, "geometry": { "type": "LineString", "coordinates": [ [ 12.084915, 49.332916 ], [ 12.0692523, 49.3068676 ] ] } },
{ "type": "Feature", "properties": { "voltage_kv": "380 kV", "operator_show": "–", "name_show": "–" }, "geometry": { "type": "LineString", "coordinates": [ [ 12.0803971, 49.297276 ], [ 12.0796507, 49.2931674 ] ] } },
{ "type": "Feature", "properties": { "voltage_kv": "380 kV", "operator_show": "TenneT TSO GmbH", "name_show": "Schwandorf - Etzenricht" }, "geometry": { "type": "LineString", "coordinates": [ [ 12.0810506, 49.295366500000014 ], [ 12.0828746, 49.2959905 ] ] } },
{ "type": "Feature", "properties": { "voltage_kv": "380 kV", "operator_show": "TenneT TSO GmbH", "name_show": "Pleinting - Plattling - Schwandorf" }, "geometry": { "type": "LineString", "coordinates": [ [ 12.08288, 49.295840099999985 ], [ 12.0810506, 49.295366500000014 ] ] } },
{ "type": "Feature", "properties": { "voltage_kv": "380 kV", "operator_show": "TenneT TSO", "name_show": "–" }, "geometry": { "type": "LineString", "coordinates": [ [ 8.8054971, 50.7380815 ], [ 8.8026556, 50.7360962 ] ] } },
{ "type": "Feature", "properties": { "voltage_kv": "380 kV; 110 kV", "operator_show": "TenneT TSO GmbH;Avacon Netz GmbH", "name_show": "–" }, "geometry": { "type": "LineString", "coordinates": [ [ 9.1165838, 50.166985399999987 ], [ 9.120363, 50.1775821 ] ] } },
{ "type": "Feature", "properties": { "voltage_kv": "380 kV; 110 kV", "operator_show": "TenneT TSO", "name_show": "Ltg 3011 und 1046" }, "geometry": { "type": "LineString", "coordinates": [ [ 8.6856134, 50.218042699999984 ], [ 8.6515067, 50.20221140000001 ] ] } },
{ "type": "Feature", "properties": { "voltage_kv": "380 kV; 110 kV", "operator_show": "TenneT TSO", "name_show": "Ltg 3011 und 1148" }, "geometry": { "type": "LineString", "coordinates": [ [ 8.8043585, 50.205271599999989 ], [ 8.7827096, 50.2087258 ] ] } },
{ "type": "Feature", "properties": { "voltage_kv": "380 kV; 110 kV", "operator_show": "TenneT TSO GmbH;Avacon Netz GmbH", "name_show": "–" }, "geometry": { "type": "LineString", "coordinates": [ [ 9.6862017, 50.4827649 ], [ 9.6407165, 50.4616502 ] ] } },
{ "type": "Feature", "properties": { "voltage_kv": "380 kV; 110 kV", "operator_show": "TenneT;Avacon Netz", "name_show": "–" }, "geometry": { "type": "LineString", "coordinates": [ [ 9.0876797, 50.8574194 ], [ 9.0245308, 50.8451425 ] ] } },
{ "type": "Feature", "properties": { "voltage_kv": "380 kV; 110 kV", "operator_show": "TenneT TSO GmbH;Avacon Netz GmbH", "name_show": "–" }, "geometry": { "type": "LineString", "coordinates": [ [ 9.718643, 50.496792199999987 ], [ 9.6862017, 50.4827649 ] ] } },
{ "type": "Feature", "properties": { "voltage_kv": "380 kV", "operator_show": "TenneT", "name_show": "–" }, "geometry": { "type": "LineString", "coordinates": [ [ 8.7386216, 51.6740791 ], [ 8.7069295, 51.7010169 ] ] } },
{ "type": "Feature", "properties": { "voltage_kv": "380 kV", "operator_show": "–", "name_show": "–" }, "geometry": { "type": "LineString", "coordinates": [ [ 10.801779, 53.897772599999989 ], [ 10.8021308, 53.8977454 ] ] } },
{ "type": "Feature", "properties": { "voltage_kv": "380 kV", "operator_show": "–", "name_show": "–" }, "geometry": { "type": "LineString", "coordinates": [ [ 10.8020611, 53.8973876 ], [ 10.8017051, 53.897421 ] ] } },
{ "type": "Feature", "properties": { "voltage_kv": "380 kV", "operator_show": "–", "name_show": "–" }, "geometry": { "type": "LineString", "coordinates": [ [ 10.8018123, 53.896812199999985 ], [ 10.8027183, 53.8968758 ] ] } },
{ "type": "Feature", "properties": { "voltage_kv": "380 kV", "operator_show": "–", "name_show": "–" }, "geometry": { "type": "LineString", "coordinates": [ [ 10.8017907, 53.8969345 ], [ 10.80223, 53.8967692 ] ] } },
{ "type": "Feature", "properties": { "voltage_kv": "380 kV", "operator_show": "–", "name_show": "–" }, "geometry": { "type": "LineString", "coordinates": [ [ 10.8023652, 53.8969855 ], [ 10.8025779, 53.896647099999988 ] ] } },
{ "type": "Feature", "properties": { "voltage_kv": "380 kV", "operator_show": "–", "name_show": "–" }, "geometry": { "type": "LineString", "coordinates": [ [ 9.0701858, 53.5660158 ], [ 9.0690432, 53.5645294 ] ] } },
{ "type": "Feature", "properties": { "voltage_kv": "380 kV", "operator_show": "–", "name_show": "–" }, "geometry": { "type": "LineString", "coordinates": [ [ 9.0643675, 53.5634244 ], [ 9.0652839, 53.5639749 ] ] } },
{ "type": "Feature", "properties": { "voltage_kv": "380 kV", "operator_show": "–", "name_show": "–" }, "geometry": { "type": "LineString", "coordinates": [ [ 9.0643675, 53.5634244 ], [ 9.0655439, 53.5639377 ] ] } },
{ "type": "Feature", "properties": { "voltage_kv": "380 kV", "operator_show": "–", "name_show": "–" }, "geometry": { "type": "LineString", "coordinates": [ [ 9.0701858, 53.5660158 ], [ 9.0693426, 53.5644901 ] ] } },
{ "type": "Feature", "properties": { "voltage_kv": "380 kV", "operator_show": "–", "name_show": "–" }, "geometry": { "type": "LineString", "coordinates": [ [ 7.9826733, 50.8407053 ], [ 7.9849116, 50.841444199999977 ] ] } },
{ "type": "Feature", "properties": { "voltage_kv": "380 kV", "operator_show": "–", "name_show": "–" }, "geometry": { "type": "LineString", "coordinates": [ [ 7.9826733, 50.8407053 ], [ 7.9849517, 50.8412647 ] ] } },
{ "type": "Feature", "properties": { "voltage_kv": "380 kV", "operator_show": "–", "name_show": "–" }, "geometry": { "type": "LineString", "coordinates": [ [ 7.94053, 50.846253799999985 ], [ 7.9421349, 50.836956399999977 ] ] } },
{ "type": "Feature", "properties": { "voltage_kv": "380 kV; 220 kV", "operator_show": "RWE", "name_show": "380 kV Walberberg West;220 kV Knapsack 2b" }, "geometry": { "type": "LineString", "coordinates": [ [ 6.84681, 50.8639348 ], [ 6.8701888, 50.8569308 ] ] } },
{ "type": "Feature", "properties": { "voltage_kv": "380 kV", "operator_show": "RWE", "name_show": "380 kV Kirchberg Süd;Selfkant weiss" }, "geometry": { "type": "LineString", "coordinates": [ [ 6.4543619, 50.8731339 ], [ 6.4543083, 50.872657 ] ] } },
{ "type": "Feature", "properties": { "voltage_kv": "380 kV", "operator_show": "RWE", "name_show": "380 kV Kirchberg Süd;Selfkant weiss" }, "geometry": { "type": "LineString", "coordinates": [ [ 6.4543619, 50.8731339 ], [ 6.4548706, 50.8727075 ] ] } },
{ "type": "Feature", "properties": { "voltage_kv": "380 kV", "operator_show": "RWE", "name_show": "380 kV Neurath 4d|5e" }, "geometry": { "type": "LineString", "coordinates": [ [ 6.6366629, 51.0338645 ], [ 6.6344385, 51.033959 ] ] } },
{ "type": "Feature", "properties": { "voltage_kv": "380 kV; 380 kV; 380 kV; 220 kV; 220 kV", "operator_show": "Amprion", "name_show": "–" }, "geometry": { "type": "LineString", "coordinates": [ [ 6.7147233, 51.004911400000012 ], [ 6.7038391, 51.0061663 ] ] } },
{ "type": "Feature", "properties": { "voltage_kv": "380 kV", "operator_show": "50Hertz Transmission", "name_show": "Ltg 517 und 518" }, "geometry": { "type": "LineString", "coordinates": [ [ 13.5119547, 52.6202568 ], [ 13.5153197, 52.620090099999985 ] ] } },
{ "type": "Feature", "properties": { "voltage_kv": "380 kV", "operator_show": "TenneT", "name_show": "–" }, "geometry": { "type": "LineString", "coordinates": [ [ 8.8684571, 54.7974974 ], [ 8.8697323, 54.7955894 ] ] } },
{ "type": "Feature", "properties": { "voltage_kv": "380 kV", "operator_show": "TenneT", "name_show": "–" }, "geometry": { "type": "LineString", "coordinates": [ [ 8.8684571, 54.7974974 ], [ 8.8701924, 54.7957776 ] ] } },
{ "type": "Feature", "properties": { "voltage_kv": "380 kV", "operator_show": "50Hertz Transmission", "name_show": "Ltg 483 und 484" }, "geometry": { "type": "LineString", "coordinates": [ [ 13.6952443, 52.5602142 ], [ 13.6921032, 52.5572629 ] ] } },
{ "type": "Feature", "properties": { "voltage_kv": "380 kV; 110 kV", "operator_show": "TenneT", "name_show": "–" }, "geometry": { "type": "LineString", "coordinates": [ [ 8.9071635, 51.3949158 ], [ 8.9184935, 51.4322673 ], [ 8.8876271, 51.4844835 ] ] } },
{ "type": "Feature", "properties": { "voltage_kv": "380 kV", "operator_show": "Amprion", "name_show": "380kV Twistetal West 4" }, "geometry": { "type": "LineString", "coordinates": [ [ 8.6245935, 51.427025 ], [ 8.6259694, 51.4269278 ] ] } },
{ "type": "Feature", "properties": { "voltage_kv": "380 kV", "operator_show": "Amprion", "name_show": "380kV Twistetal Ost 3" }, "geometry": { "type": "LineString", "coordinates": [ [ 8.6246939, 51.4271706 ], [ 8.6259694, 51.4269278 ] ] } },
{ "type": "Feature", "properties": { "voltage_kv": "380 kV", "operator_show": "50Hertz Transmission", "name_show": "Ltg 961 (A)" }, "geometry": { "type": "LineString", "coordinates": [ [ 10.1604368, 53.556172599999989 ], [ 10.1620671, 53.557174399999987 ] ] } },
{ "type": "Feature", "properties": { "voltage_kv": "380 kV", "operator_show": "50Hertz Transmission", "name_show": "B" }, "geometry": { "type": "LineString", "coordinates": [ [ 10.1615949, 53.5560195 ], [ 10.1620671, 53.557174399999987 ] ] } },
{ "type": "Feature", "properties": { "voltage_kv": "380 kV; 0 kV", "operator_show": "–", "name_show": "–" }, "geometry": { "type": "LineString", "coordinates": [ [ 9.4239987, 48.065433799999987 ], [ 9.4262001, 48.065133799999984 ] ] } },
{ "type": "Feature", "properties": { "voltage_kv": "380 kV", "operator_show": "–", "name_show": "–" }, "geometry": { "type": "LineString", "coordinates": [ [ 9.423768, 48.0652061 ], [ 9.4239987, 48.065433799999987 ] ] } },
{ "type": "Feature", "properties": { "voltage_kv": "380 kV", "operator_show": "–", "name_show": "–" }, "geometry": { "type": "LineString", "coordinates": [ [ 9.4239987, 48.065433799999987 ], [ 9.4240087, 48.0651745 ] ] } },
{ "type": "Feature", "properties": { "voltage_kv": "380 kV; 0 kV", "operator_show": "Amprion", "name_show": "Herbertingen - Grünkraut;Bludenz West" }, "geometry": { "type": "LineString", "coordinates": [ [ 9.4240527, 48.062954699999985 ], [ 9.4236264, 48.0616421 ] ] } },
{ "type": "Feature", "properties": { "voltage_kv": "380 kV", "operator_show": "–", "name_show": "–" }, "geometry": { "type": "LineString", "coordinates": [ [ 8.1383106, 53.5751392 ], [ 8.1384142, 53.5749457 ] ] } },
{ "type": "Feature", "properties": { "voltage_kv": "380 kV", "operator_show": "Amprion", "name_show": "380kV Sauerland Nord" }, "geometry": { "type": "LineString", "coordinates": [ [ 7.9924759, 51.68319 ], [ 7.9909212, 51.6824839 ] ] } },
{ "type": "Feature", "properties": { "voltage_kv": "380 kV", "operator_show": "Amprion", "name_show": "380kV Arpe West" }, "geometry": { "type": "LineString", "coordinates": [ [ 7.9923114, 51.6833034 ], [ 7.9909212, 51.6824839 ] ] } },
{ "type": "Feature", "properties": { "voltage_kv": "380 kV", "operator_show": "Amprion", "name_show": "380kV Lippborg Trafo 412" }, "geometry": { "type": "LineString", "coordinates": [ [ 7.9921451, 51.6834278 ], [ 7.9902667, 51.68297110000001 ] ] } },
{ "type": "Feature", "properties": { "voltage_kv": "380 kV", "operator_show": "Amprion", "name_show": "380kV Geithe West" }, "geometry": { "type": "LineString", "coordinates": [ [ 7.9918132, 51.6836775 ], [ 7.9902667, 51.68297110000001 ] ] } },
{ "type": "Feature", "properties": { "voltage_kv": "380 kV", "operator_show": "Amprion", "name_show": "380kV KWE D" }, "geometry": { "type": "LineString", "coordinates": [ [ 7.9916374, 51.6838009 ], [ 7.9897279, 51.6832509 ] ] } },
{ "type": "Feature", "properties": { "voltage_kv": "380 kV", "operator_show": "Amprion", "name_show": "380kV KWE E" }, "geometry": { "type": "LineString", "coordinates": [ [ 7.9912951, 51.6840486 ], [ 7.9897279, 51.6832509 ] ] } },
{ "type": "Feature", "properties": { "voltage_kv": "380 kV", "operator_show": "Amprion", "name_show": "380kV Uentrop Nord" }, "geometry": { "type": "LineString", "coordinates": [ [ 7.9911326, 51.6841708 ], [ 7.9895115, 51.6839257 ] ] } },
{ "type": "Feature", "properties": { "voltage_kv": "380 kV", "operator_show": "Amprion", "name_show": "–" }, "geometry": { "type": "LineString", "coordinates": [ [ 7.9907963, 51.6844148 ], [ 7.9895115, 51.6839257 ] ] } },
{ "type": "Feature", "properties": { "voltage_kv": "380 kV", "operator_show": "Amprion", "name_show": "380kV Gersteinwerk Ost" }, "geometry": { "type": "LineString", "coordinates": [ [ 7.9906264, 51.684541 ], [ 7.9893687, 51.684293899999986 ] ] } },
{ "type": "Feature", "properties": { "voltage_kv": "380 kV", "operator_show": "Amprion", "name_show": "380kV Gütersloh Süd" }, "geometry": { "type": "LineString", "coordinates": [ [ 7.9904627, 51.6846615 ], [ 7.9893687, 51.684293899999986 ] ] } },
{ "type": "Feature", "properties": { "voltage_kv": "380 kV", "operator_show": "RWE", "name_show": "–" }, "geometry": { "type": "LineString", "coordinates": [ [ 7.9314852, 51.6717771 ], [ 7.9305304, 51.6721587 ] ] } },
{ "type": "Feature", "properties": { "voltage_kv": "380 kV", "operator_show": "RWE", "name_show": "–" }, "geometry": { "type": "LineString", "coordinates": [ [ 7.9307925, 51.672321599999968 ], [ 7.9314852, 51.6717771 ] ] } },
{ "type": "Feature", "properties": { "voltage_kv": "380 kV", "operator_show": "RWE", "name_show": "380kV Westfalen E" }, "geometry": { "type": "LineString", "coordinates": [ [ 7.969158, 51.676344199999981 ], [ 7.9684965, 51.6766408 ] ] } },
{ "type": "Feature", "properties": { "voltage_kv": "380 kV; 110 kV", "operator_show": "TenneT TSO GmbH", "name_show": "–" }, "geometry": { "type": "LineString", "coordinates": [ [ 9.5480616, 51.0663377 ], [ 9.5385056, 51.067303 ] ] } },
{ "type": "Feature", "properties": { "voltage_kv": "380 kV", "operator_show": "TransnetBW GmbH", "name_show": "–" }, "geometry": { "type": "LineString", "coordinates": [ [ 9.1488546, 49.1417909 ], [ 9.1486866, 49.142368 ] ] } },
{ "type": "Feature", "properties": { "voltage_kv": "380 kV; 380 kV; 110 kV", "operator_show": "Amprion GmbH", "name_show": "–" }, "geometry": { "type": "LineString", "coordinates": [ [ 8.2631876, 49.0305537 ], [ 8.2710057, 49.0300089 ] ] } },
{ "type": "Feature", "properties": { "voltage_kv": "380 kV", "operator_show": "Amprion GmbH", "name_show": "Weinstraße Ost" }, "geometry": { "type": "LineString", "coordinates": [ [ 8.2710057, 49.0300089 ], [ 8.2731651, 49.0286516 ] ] } },
{ "type": "Feature", "properties": { "voltage_kv": "380 kV", "operator_show": "Amprion GmbH", "name_show": "Weinstraße West" }, "geometry": { "type": "LineString", "coordinates": [ [ 8.2710057, 49.0300089 ], [ 8.2724918, 49.0281964 ] ] } },
{ "type": "Feature", "properties": { "voltage_kv": "220 kV; 380 kV", "operator_show": "TransnetBW", "name_show": "–" }, "geometry": { "type": "LineString", "coordinates": [ [ 8.4914171, 49.244626700000012 ], [ 8.5205478, 49.278189499999989 ] ] } },
{ "type": "Feature", "properties": { "voltage_kv": "380 kV", "operator_show": "–", "name_show": "–" }, "geometry": { "type": "LineString", "coordinates": [ [ 9.1127692, 52.5438563 ], [ 9.114403, 52.5438391 ] ] } },
{ "type": "Feature", "properties": { "voltage_kv": "380 kV; 380 kV", "operator_show": "TransnetBW GmbH", "name_show": "–" }, "geometry": { "type": "LineString", "coordinates": [ [ 8.8342098, 48.9281594 ], [ 8.8418966, 48.9052053 ] ] } },
{ "type": "Feature", "properties": { "voltage_kv": "380 kV", "operator_show": "50Hertz Transmission", "name_show": "Ltg 407 Bertikow" }, "geometry": { "type": "LineString", "coordinates": [ [ 14.0356734, 53.506609399999988 ], [ 14.035926, 53.505478599999989 ] ] } },
{ "type": "Feature", "properties": { "voltage_kv": "380 kV", "operator_show": "50Hertz Transmission", "name_show": "Ltg 408 Bertikow" }, "geometry": { "type": "LineString", "coordinates": [ [ 14.036235, 53.5066047 ], [ 14.035926, 53.505478599999989 ] ] } },
{ "type": "Feature", "properties": { "voltage_kv": "380 kV", "operator_show": "Amprion", "name_show": "–" }, "geometry": { "type": "LineString", "coordinates": [ [ 8.1029002, 52.263882199999983 ], [ 8.1034601, 52.2616286 ] ] } },
{ "type": "Feature", "properties": { "voltage_kv": "380 kV", "operator_show": "Amprion", "name_show": "380kV Kusenhorst" }, "geometry": { "type": "LineString", "coordinates": [ [ 7.0198626, 51.6259255 ], [ 7.0211464, 51.6248785 ] ] } },
{ "type": "Feature", "properties": { "voltage_kv": "380 kV", "operator_show": "–", "name_show": "–" }, "geometry": { "type": "LineString", "coordinates": [ [ 7.0191552, 51.6240884 ], [ 7.0208023, 51.6241891 ] ] } },
{ "type": "Feature", "properties": { "voltage_kv": "380 kV", "operator_show": "–", "name_show": "–" }, "geometry": { "type": "LineString", "coordinates": [ [ 7.0191552, 51.6240884 ], [ 7.020624, 51.6238492 ] ] } },
{ "type": "Feature", "properties": { "voltage_kv": "380 kV", "operator_show": "–", "name_show": "–" }, "geometry": { "type": "LineString", "coordinates": [ [ 6.9973956, 51.6048003 ], [ 7.0016242, 51.6041826 ] ] } },
{ "type": "Feature", "properties": { "voltage_kv": "380 kV", "operator_show": "–", "name_show": "–" }, "geometry": { "type": "LineString", "coordinates": [ [ 7.0016242, 51.6041826 ], [ 7.0019721, 51.6044508 ] ] } },
{ "type": "Feature", "properties": { "voltage_kv": "380 kV", "operator_show": "–", "name_show": "–" }, "geometry": { "type": "LineString", "coordinates": [ [ 7.0016242, 51.6041826 ], [ 7.0016937, 51.604522 ] ] } },
{ "type": "Feature", "properties": { "voltage_kv": "380 kV", "operator_show": "–", "name_show": "–" }, "geometry": { "type": "LineString", "coordinates": [ [ 9.9277191, 51.8811787 ], [ 9.9248352, 51.8828047 ] ] } },
{ "type": "Feature", "properties": { "voltage_kv": "380 kV", "operator_show": "50Hertz Transmission", "name_show": "Ltg 585 und 586 Eula - Streumen" }, "geometry": { "type": "LineString", "coordinates": [ [ 12.5209929, 51.156100900000013 ], [ 12.6017079, 51.0794085 ], [ 12.6385096, 51.0783199 ] ] } },
{ "type": "Feature", "properties": { "voltage_kv": "380 kV", "operator_show": "50Hertz Transmission", "name_show": "Ltg 541 und 542 Preilack - Graustein" }, "geometry": { "type": "LineString", "coordinates": [ [ 14.4235202, 51.8900034 ], [ 14.2509246, 51.8599452 ] ] } },
{ "type": "Feature", "properties": { "voltage_kv": "380 kV", "operator_show": "50Hertz Transmission", "name_show": "Ltg 539 und 540 Ragow - Preilack" }, "geometry": { "type": "LineString", "coordinates": [ [ 14.2122141, 51.8647324 ], [ 14.4256514, 51.891120099999988 ] ] } },
{ "type": "Feature", "properties": { "voltage_kv": "380 kV", "operator_show": "50Hertz Transmission", "name_show": "Ltg 541 und 542 Preilack - Graustein" }, "geometry": { "type": "LineString", "coordinates": [ [ 14.2509246, 51.8599452 ], [ 14.2241929, 51.8493021 ] ] } },
{ "type": "Feature", "properties": { "voltage_kv": "380 kV", "operator_show": "50Hertz Transmission", "name_show": "Ltg 561 und 562 Ragow - Streumen" }, "geometry": { "type": "LineString", "coordinates": [ [ 13.3973502, 51.3593251 ], [ 13.3872435, 51.355519399999984 ] ] } },
{ "type": "Feature", "properties": { "voltage_kv": "380 kV", "operator_show": "50Hertz Transmission", "name_show": "Ltg 571 und 572 Streumen - Röhrsdorf" }, "geometry": { "type": "LineString", "coordinates": [ [ 13.3867403, 51.3534014 ], [ 13.3947939, 51.3442515 ] ] } },
{ "type": "Feature", "properties": { "voltage_kv": "380 kV; 220 kV", "operator_show": "50Hertz Transmission", "name_show": "Ltg 525 Ragow - (Thyrow) - Wustermark und Ltg 526 Thyrow - Wustermark" }, "geometry": { "type": "LineString", "coordinates": [ [ 13.3071585, 52.227322600000015 ], [ 13.2995558, 52.227234 ] ] } },
{ "type": "Feature", "properties": { "voltage_kv": "380 kV", "operator_show": "50Hertz Transmission", "name_show": "Ltg 521 Ragow - (Thyrow) - Wustermark und Ltg 522 Ragow - Thyrow" }, "geometry": { "type": "LineString", "coordinates": [ [ 13.312674, 52.2248458 ], [ 13.3083666, 52.2273255 ] ] } },
{ "type": "Feature", "properties": { "voltage_kv": "380 kV", "operator_show": "50Hertz Transmission", "name_show": "Ltg 589 und 590 Pulgar-Vieselbach" }, "geometry": { "type": "LineString", "coordinates": [ [ 12.2924915, 51.169335 ], [ 12.3040766, 51.145806499999985 ], [ 12.2717442, 51.1313468 ], [ 12.2284622, 51.0539132 ], [ 12.1715109, 51.018825599999985 ] ] } },
{ "type": "Feature", "properties": { "voltage_kv": "380 kV", "operator_show": "–", "name_show": "Ltg MN und MP Boxberg - Bärwalde" }, "geometry": { "type": "LineString", "coordinates": [ [ 14.5571358, 51.4094675 ], [ 14.5466965, 51.4219703 ] ] } },
{ "type": "Feature", "properties": { "voltage_kv": "400 kV", "operator_show": "50Hertz Transmission;PSE Operator", "name_show": "Ltg 507 und 508 Krajnik - Vierraden" }, "geometry": { "type": "LineString", "coordinates": [ [ 14.4771413, 53.1927955 ], [ 14.4291593, 53.181489099999986 ], [ 14.3937016, 53.1458923 ], [ 14.3642605, 53.1706453 ] ] } },
{ "type": "Feature", "properties": { "voltage_kv": "400 kV", "operator_show": "50Hertz Transmission;PSE Operator", "name_show": "Ltg 507 und 508 Krajnik - Vierraden" }, "geometry": { "type": "LineString", "coordinates": [ [ 14.2677757, 53.1205325 ], [ 14.2709999, 53.09877190000001 ] ] } },
{ "type": "Feature", "properties": { "voltage_kv": "380 kV; 220 kV; 110 kV", "operator_show": "RWE", "name_show": "380 kV Knechtsteden West;220 kV Frixheim Nord;Neurath 1a;Osterath West;110 kV Kaarst Ost|West" }, "geometry": { "type": "LineString", "coordinates": [ [ 6.6521314, 51.1982788 ], [ 6.6689493, 51.1768804 ] ] } },
{ "type": "Feature", "properties": { "voltage_kv": "380 kV; 220 kV; 110 kV", "operator_show": "RWE", "name_show": "380 kV Knechtsteden West;220 kV Frixheim Nord;Neurath 1a;Osterath West;110 kV Kaarst Ost|West" }, "geometry": { "type": "LineString", "coordinates": [ [ 6.6689493, 51.1768804 ], [ 6.6827921, 51.1581419 ] ] } },
{ "type": "Feature", "properties": { "voltage_kv": "380 kV", "operator_show": "50Hertz Transmission", "name_show": "Ltg 449 Mecklar - Vieselbach und 450 Mecklar - Eisenach" }, "geometry": { "type": "LineString", "coordinates": [ [ 10.2025742, 51.007342099999988 ], [ 10.2086231, 51.0093533 ] ] } },
{ "type": "Feature", "properties": { "voltage_kv": "380 kV", "operator_show": "50Hertz Transmission", "name_show": "Ltg 499 Jessen Nord - Lauchstädt und Ltg 504 Marke - Lauchstädt" }, "geometry": { "type": "LineString", "coordinates": [ [ 12.1170953, 51.5115702 ], [ 12.0868976, 51.499295199999985 ] ] } },
{ "type": "Feature", "properties": { "voltage_kv": "380 kV", "operator_show": "50Hertz Transmission", "name_show": "Ltg 499 Jessen Nord - Lauchstädt und Ltg 504 Marke - Lauchstädt" }, "geometry": { "type": "LineString", "coordinates": [ [ 12.0868976, 51.499295199999985 ], [ 12.0727961, 51.4790103 ] ] } },
{ "type": "Feature", "properties": { "voltage_kv": "380 kV", "operator_show": "50Hertz Transmission", "name_show": "Ltg 553 und 554 Schmölln - Hagenwerder" }, "geometry": { "type": "LineString", "coordinates": [ [ 14.9103302, 51.0474876 ], [ 14.9455484, 51.061722 ] ] } },
{ "type": "Feature", "properties": { "voltage_kv": "380 kV", "operator_show": "50Hertz Transmission", "name_show": "Ltg 574 Röhrsdorf - Remptendorf und Ltg 575 Röhrsdorf - Weida" }, "geometry": { "type": "LineString", "coordinates": [ [ 12.8114194, 50.856967800000014 ], [ 12.7483183, 50.8229185 ], [ 12.6211152, 50.8945021 ], [ 12.4165704, 50.8715669 ] ] } },
{ "type": "Feature", "properties": { "voltage_kv": "380 kV", "operator_show": "50Hertz Transmission", "name_show": "Ltg 555 und 556 Schmölln - Dresden Süd" }, "geometry": { "type": "LineString", "coordinates": [ [ 13.8564863, 50.988450199999988 ], [ 13.8545734, 50.9870049 ] ] } },
{ "type": "Feature", "properties": { "voltage_kv": "380 kV", "operator_show": "50Hertz Transmission", "name_show": "Ltg 591Dresden Süd - Röhrsdorf und Ltg 592 Dresden Süd - Freiberg Nord" }, "geometry": { "type": "LineString", "coordinates": [ [ 13.853137, 50.9862331 ], [ 13.850296, 50.98208 ] ] } },
{ "type": "Feature", "properties": { "voltage_kv": "380 kV", "operator_show": "50Hertz Transmission", "name_show": "Ltg 499 Jessen Nord - Lauchstädt und Ltg 500 Jessen Nord - Marke" }, "geometry": { "type": "LineString", "coordinates": [ [ 13.055846, 51.798168 ], [ 13.0500911, 51.7881786 ] ] } },
{ "type": "Feature", "properties": { "voltage_kv": "380 kV", "operator_show": "50Hertz Transmission", "name_show": "Ltg 502 Ragow-Jessen Nord und Ltg 503 Schönewalde-Jessen Nord" }, "geometry": { "type": "LineString", "coordinates": [ [ 13.0671328, 51.8007629 ], [ 13.0622297, 51.8006544 ] ] } },
{ "type": "Feature", "properties": { "voltage_kv": "380 kV", "operator_show": "50Hertz Transmission", "name_show": "Ltg 555 und 556 Schmölln - Dresden Süd" }, "geometry": { "type": "LineString", "coordinates": [ [ 13.8545734, 50.9870049 ], [ 13.852578, 50.9870577 ] ] } },
{ "type": "Feature", "properties": { "voltage_kv": "380 kV", "operator_show": "50Hertz Transmission", "name_show": "Ltg 591Dresden Süd - Röhrsdorf und Ltg 592 Dresden Süd - Freiberg Nord" }, "geometry": { "type": "LineString", "coordinates": [ [ 13.852578, 50.9870577 ], [ 13.853137, 50.9862331 ] ] } },
{ "type": "Feature", "properties": { "voltage_kv": "380 kV", "operator_show": "50Hertz Transmission", "name_show": "Ltg 553 und 554 Schmölln - Hagenwerder" }, "geometry": { "type": "LineString", "coordinates": [ [ 14.9085492, 51.047939500000012 ], [ 14.9103302, 51.0474876 ] ] } },
{ "type": "Feature", "properties": { "voltage_kv": "380 kV", "operator_show": "–", "name_show": "–" }, "geometry": { "type": "LineString", "coordinates": [ [ 12.4080574, 51.1788289 ], [ 12.4079993, 51.1789793 ] ] } },
{ "type": "Feature", "properties": { "voltage_kv": "380 kV", "operator_show": "–", "name_show": "–" }, "geometry": { "type": "LineString", "coordinates": [ [ 12.4080574, 51.1788289 ], [ 12.4080311, 51.1786831 ] ] } },
{ "type": "Feature", "properties": { "voltage_kv": "220 kV; 380 kV", "operator_show": "TransnetBW", "name_show": "–" }, "geometry": { "type": "LineString", "coordinates": [ [ 8.5205478, 49.278189499999989 ], [ 8.5759442, 49.2821625 ] ] } },
{ "type": "Feature", "properties": { "voltage_kv": "380 kV", "operator_show": "–", "name_show": "–" }, "geometry": { "type": "LineString", "coordinates": [ [ 8.5260501, 50.0772853 ], [ 8.5289968, 50.0776222 ] ] } },
{ "type": "Feature", "properties": { "voltage_kv": "380 kV", "operator_show": "–", "name_show": "–" }, "geometry": { "type": "LineString", "coordinates": [ [ 8.5260501, 50.0772853 ], [ 8.5289977, 50.0778158 ] ] } },
{ "type": "Feature", "properties": { "voltage_kv": "380 kV", "operator_show": "Amprion", "name_show": "–" }, "geometry": { "type": "LineString", "coordinates": [ [ 8.5248485, 50.0755404 ], [ 8.5260501, 50.0772853 ] ] } },
{ "type": "Feature", "properties": { "voltage_kv": "380 kV; 110 kV", "operator_show": "Amprion", "name_show": "–" }, "geometry": { "type": "LineString", "coordinates": [ [ 8.4927048, 50.0852457 ], [ 8.4941942, 50.083037 ] ] } },
{ "type": "Feature", "properties": { "voltage_kv": "380 kV", "operator_show": "Amprion", "name_show": "–" }, "geometry": { "type": "LineString", "coordinates": [ [ 8.4902244, 50.0850947 ], [ 8.4927048, 50.0852457 ] ] } },
{ "type": "Feature", "properties": { "voltage_kv": "380 kV", "operator_show": "–", "name_show": "–" }, "geometry": { "type": "LineString", "coordinates": [ [ 12.0458952, 50.7842865 ], [ 11.9604031, 50.7472645 ] ] } },
{ "type": "Feature", "properties": { "voltage_kv": "380 kV", "operator_show": "50Hertz Transmission", "name_show": "–" }, "geometry": { "type": "LineString", "coordinates": [ [ 12.0465993, 50.7834099 ], [ 12.0458952, 50.7842865 ] ] } },
{ "type": "Feature", "properties": { "voltage_kv": "380 kV", "operator_show": "50Hertz Transmission", "name_show": "–" }, "geometry": { "type": "LineString", "coordinates": [ [ 12.045816, 50.7833789 ], [ 12.0458952, 50.7842865 ] ] } },
{ "type": "Feature", "properties": { "voltage_kv": "380 kV", "operator_show": "TenneT", "name_show": "307" }, "geometry": { "type": "LineString", "coordinates": [ [ 9.4984565, 53.8484134 ], [ 9.5005036, 53.8486071 ] ] } },
{ "type": "Feature", "properties": { "voltage_kv": "380 kV", "operator_show": "TenneT", "name_show": "307" }, "geometry": { "type": "LineString", "coordinates": [ [ 9.5039074, 53.8454447 ], [ 9.5033265, 53.8471353 ] ] } },
{ "type": "Feature", "properties": { "voltage_kv": "380 kV", "operator_show": "TenneT", "name_show": "307" }, "geometry": { "type": "LineString", "coordinates": [ [ 9.5026744, 53.8471051 ], [ 9.5039074, 53.8454447 ] ] } },
{ "type": "Feature", "properties": { "voltage_kv": "380 kV", "operator_show": "TenneT", "name_show": "307" }, "geometry": { "type": "LineString", "coordinates": [ [ 9.4984565, 53.8484134 ], [ 9.5005373, 53.8482289 ] ] } },
{ "type": "Feature", "properties": { "voltage_kv": "380 kV", "operator_show": "TenneT", "name_show": "307" }, "geometry": { "type": "LineString", "coordinates": [ [ 9.4587434, 53.8644784 ], [ 9.4984565, 53.8484134 ] ] } },
{ "type": "Feature", "properties": { "voltage_kv": "380 kV", "operator_show": "–", "name_show": "–" }, "geometry": { "type": "LineString", "coordinates": [ [ 12.1154343, 49.6301075 ], [ 12.1171764, 49.6305417 ] ] } },
{ "type": "Feature", "properties": { "voltage_kv": "380 kV", "operator_show": "–", "name_show": "–" }, "geometry": { "type": "LineString", "coordinates": [ [ 12.1171764, 49.6305417 ], [ 12.1150033, 49.630366 ] ] } },
{ "type": "Feature", "properties": { "voltage_kv": "380 kV", "operator_show": "TransnetBW GmbH", "name_show": "–" }, "geometry": { "type": "LineString", "coordinates": [ [ 8.7540624, 48.9244088 ], [ 8.7167937, 48.9154887 ] ] } },
{ "type": "Feature", "properties": { "voltage_kv": "380 kV", "operator_show": "TransnetBW GmbH", "name_show": "–" }, "geometry": { "type": "LineString", "coordinates": [ [ 8.7892151, 48.9462277 ], [ 8.7906826, 48.9496975 ] ] } },
{ "type": "Feature", "properties": { "voltage_kv": "380 kV", "operator_show": "TransnetBW GmbH", "name_show": "–" }, "geometry": { "type": "LineString", "coordinates": [ [ 8.7892151, 48.9462277 ], [ 8.7923181, 48.949148400000013 ] ] } },
{ "type": "Feature", "properties": { "voltage_kv": "380 kV", "operator_show": "TransnetBW GmbH", "name_show": "–" }, "geometry": { "type": "LineString", "coordinates": [ [ 8.7892151, 48.9462277 ], [ 8.7540624, 48.9244088 ] ] } },
{ "type": "Feature", "properties": { "voltage_kv": "380 kV", "operator_show": "TransnetBW", "name_show": "–" }, "geometry": { "type": "LineString", "coordinates": [ [ 8.4368818, 49.2537491 ], [ 8.4335808, 49.253974699999979 ] ] } },
{ "type": "Feature", "properties": { "voltage_kv": "380 kV", "operator_show": "TransnetBW", "name_show": "–" }, "geometry": { "type": "LineString", "coordinates": [ [ 8.4410798, 49.2506299 ], [ 8.440665, 49.2510207 ] ] } },
{ "type": "Feature", "properties": { "voltage_kv": "380 kV", "operator_show": "TransnetBW", "name_show": "–" }, "geometry": { "type": "LineString", "coordinates": [ [ 8.4408599, 49.250538599999985 ], [ 8.440665, 49.2510207 ] ] } },
{ "type": "Feature", "properties": { "voltage_kv": "380 kV", "operator_show": "TransnetBW", "name_show": "–" }, "geometry": { "type": "LineString", "coordinates": [ [ 8.440665, 49.2510207 ], [ 8.4373263, 49.254249499999979 ] ] } },
{ "type": "Feature", "properties": { "voltage_kv": "380 kV", "operator_show": "TransnetBW", "name_show": "–" }, "geometry": { "type": "LineString", "coordinates": [ [ 8.4376574, 49.254567199999983 ], [ 8.4373263, 49.254249499999979 ] ] } },
{ "type": "Feature", "properties": { "voltage_kv": "380 kV", "operator_show": "TransnetBW", "name_show": "–" }, "geometry": { "type": "LineString", "coordinates": [ [ 8.4377894, 49.2544276 ], [ 8.4373263, 49.254249499999979 ] ] } },
{ "type": "Feature", "properties": { "voltage_kv": "380 kV", "operator_show": "–", "name_show": "Etzenricht - Schwandorf" }, "geometry": { "type": "LineString", "coordinates": [ [ 12.077895, 49.298712599999988 ], [ 12.0803269, 49.2986232 ] ] } },
{ "type": "Feature", "properties": { "voltage_kv": "380 kV", "operator_show": "TenneT TSO", "name_show": "Etzenricht - Schwandorf" }, "geometry": { "type": "LineString", "coordinates": [ [ 12.0882478, 49.336393499999978 ], [ 12.084915, 49.332916 ] ] } },
{ "type": "Feature", "properties": { "voltage_kv": "380 kV; 110 kV", "operator_show": "TenneT TSO", "name_show": "Etzenricht - Schwandorf;Naab - Neunburg vorm Wald, Schwandorf - Schwarzenfeld" }, "geometry": { "type": "LineString", "coordinates": [ [ 12.1151127, 49.3547321 ], [ 12.0882478, 49.336393499999978 ] ] } },
{ "type": "Feature", "properties": { "voltage_kv": "380 kV", "operator_show": "50Hertz Transmission", "name_show": "Ltg 408 Pasewalk" }, "geometry": { "type": "LineString", "coordinates": [ [ 13.9577746, 53.2528715 ], [ 13.9584694, 53.2534026 ] ] } },
{ "type": "Feature", "properties": { "voltage_kv": "380 kV", "operator_show": "50Hertz Transmission", "name_show": "Ltg 407 Pasewalk" }, "geometry": { "type": "LineString", "coordinates": [ [ 13.9573571, 53.2533036 ], [ 13.9584694, 53.2534026 ] ] } },
{ "type": "Feature", "properties": { "voltage_kv": "380 kV", "operator_show": "50Hertz Transmission", "name_show": "Ltg 483 und 484 Vierraden - Neuenhagen" }, "geometry": { "type": "LineString", "coordinates": [ [ 14.2672274, 53.102027 ], [ 14.2685017, 53.0998292 ] ] } },
{ "type": "Feature", "properties": { "voltage_kv": "380 kV", "operator_show": "50Hertz Transmission", "name_show": "Ltg 481 und 482 Bertikow - Vierraden" }, "geometry": { "type": "LineString", "coordinates": [ [ 14.2672274, 53.102027 ], [ 14.2699762, 53.0989059 ] ] } },
{ "type": "Feature", "properties": { "voltage_kv": "380 kV", "operator_show": "50Hertz Transmission", "name_show": "Ltg 482 Bertikow" }, "geometry": { "type": "LineString", "coordinates": [ [ 14.2695992, 53.0982081 ], [ 14.2699762, 53.0989059 ] ] } },
{ "type": "Feature", "properties": { "voltage_kv": "380 kV", "operator_show": "50Hertz Transmission", "name_show": "Ltg 481 Bertikow" }, "geometry": { "type": "LineString", "coordinates": [ [ 14.2701376, 53.098139499999981 ], [ 14.2699762, 53.0989059 ] ] } },
{ "type": "Feature", "properties": { "voltage_kv": "380 kV", "operator_show": "50Hertz Transmission", "name_show": "Ltg ___ Wolmirstedt" }, "geometry": { "type": "LineString", "coordinates": [ [ 11.5168995, 51.5833535 ], [ 11.5155365, 51.5821826 ] ] } },
{ "type": "Feature", "properties": { "voltage_kv": "380 kV", "operator_show": "50Hertz Transmission", "name_show": "Ltg 535 Lauchstädt" }, "geometry": { "type": "LineString", "coordinates": [ [ 11.517426, 51.5833032 ], [ 11.5165477, 51.5820757 ] ] } },
{ "type": "Feature", "properties": { "voltage_kv": "380 kV", "operator_show": "–", "name_show": "–" }, "geometry": { "type": "LineString", "coordinates": [ [ 8.4709765, 50.0967324 ], [ 8.471747, 50.094984099999984 ] ] } },
{ "type": "Feature", "properties": { "voltage_kv": "380 kV", "operator_show": "–", "name_show": "–" }, "geometry": { "type": "LineString", "coordinates": [ [ 8.6436467, 48.8910282 ], [ 8.6426485, 48.8909823 ] ] } },
{ "type": "Feature", "properties": { "voltage_kv": "380 kV", "operator_show": "–", "name_show": "–" }, "geometry": { "type": "LineString", "coordinates": [ [ 8.6436467, 48.8910282 ], [ 8.6426833, 48.8908133 ] ] } },
{ "type": "Feature", "properties": { "voltage_kv": "380 kV", "operator_show": "–", "name_show": "–" }, "geometry": { "type": "LineString", "coordinates": [ [ 11.6479435, 50.5339563 ], [ 11.7482737, 50.571854 ], [ 11.8046306, 50.6177695 ], [ 11.8509291, 50.6254687 ], [ 11.9385148, 50.7046098 ], [ 11.9604031, 50.7472645 ] ] } },
{ "type": "Feature", "properties": { "voltage_kv": "380 kV", "operator_show": "–", "name_show": "–" }, "geometry": { "type": "LineString", "coordinates": [ [ 12.8114194, 50.856967800000014 ], [ 12.8119833, 50.8584106 ] ] } },
{ "type": "Feature", "properties": { "voltage_kv": "380 kV", "operator_show": "–", "name_show": "–" }, "geometry": { "type": "LineString", "coordinates": [ [ 12.8114551, 50.8584067 ], [ 12.8114194, 50.856967800000014 ] ] } },
{ "type": "Feature", "properties": { "voltage_kv": "380 kV", "operator_show": "–", "name_show": "–" }, "geometry": { "type": "LineString", "coordinates": [ [ 8.0183204, 52.79991 ], [ 8.0175641, 52.7999063 ] ] } },
{ "type": "Feature", "properties": { "voltage_kv": "380 kV", "operator_show": "–", "name_show": "–" }, "geometry": { "type": "LineString", "coordinates": [ [ 8.0183204, 52.79991 ], [ 8.0176799, 52.800042599999983 ] ] } },
{ "type": "Feature", "properties": { "voltage_kv": "380 kV", "operator_show": "TenneT TSO", "name_show": "Sottrum–Landesbergen" }, "geometry": { "type": "LineString", "coordinates": [ [ 9.2546998, 53.1139123 ], [ 9.256775, 53.062386 ], [ 9.1990439, 53.038046899999976 ], [ 9.2048633, 52.926027 ], [ 9.178315, 52.870143 ] ] } },
{ "type": "Feature", "properties": { "voltage_kv": "380 kV", "operator_show": "TenneT TSO", "name_show": "Sottrum–Landesbergen" }, "geometry": { "type": "LineString", "coordinates": [ [ 9.178315, 52.870143 ], [ 9.166085, 52.847766 ] ] } },
{ "type": "Feature", "properties": { "voltage_kv": "380 kV", "operator_show": "–", "name_show": "–" }, "geometry": { "type": "LineString", "coordinates": [ [ 9.0039712, 52.545101 ], [ 8.9992832, 52.5357133 ] ] } },
{ "type": "Feature", "properties": { "voltage_kv": "380 kV", "operator_show": "TenneT TSO", "name_show": "Sottrum–Landesbergen" }, "geometry": { "type": "LineString", "coordinates": [ [ 8.9802554, 52.577227 ], [ 8.981146, 52.558759 ] ] } },
{ "type": "Feature", "properties": { "voltage_kv": "380 kV", "operator_show": "TenneT TSO", "name_show": "Sottrum–Landesbergen" }, "geometry": { "type": "LineString", "coordinates": [ [ 8.981146, 52.558759 ], [ 9.0039712, 52.545101 ] ] } },
{ "type": "Feature", "properties": { "voltage_kv": "380 kV", "operator_show": "–", "name_show": "–" }, "geometry": { "type": "LineString", "coordinates": [ [ 8.981146, 52.558759 ], [ 8.9802554, 52.577227 ] ] } },
{ "type": "Feature", "properties": { "voltage_kv": "380 kV", "operator_show": "Amprion", "name_show": "Schwerterheide Nord" }, "geometry": { "type": "LineString", "coordinates": [ [ 7.418437, 51.4581033 ], [ 7.4194221, 51.458479 ] ] } },
{ "type": "Feature", "properties": { "voltage_kv": "380 kV", "operator_show": "Amprion", "name_show": "Haarstrang Ost" }, "geometry": { "type": "LineString", "coordinates": [ [ 7.4194221, 51.458479 ], [ 7.4186398, 51.457814900000017 ] ] } },
{ "type": "Feature", "properties": { "voltage_kv": "380 kV", "operator_show": "–", "name_show": "–" }, "geometry": { "type": "LineString", "coordinates": [ [ 7.7526245, 48.1003897 ], [ 7.7530016, 48.100391 ] ] } },
{ "type": "Feature", "properties": { "voltage_kv": "380 kV", "operator_show": "–", "name_show": "–" }, "geometry": { "type": "LineString", "coordinates": [ [ 7.7526242, 48.1005181 ], [ 7.7527172, 48.100518099999981 ] ] } },
{ "type": "Feature", "properties": { "voltage_kv": "380 kV", "operator_show": "–", "name_show": "–" }, "geometry": { "type": "LineString", "coordinates": [ [ 7.752624, 48.100588599999988 ], [ 7.7528017, 48.1005886 ] ] } },
{ "type": "Feature", "properties": { "voltage_kv": "380 kV", "operator_show": "–", "name_show": "–" }, "geometry": { "type": "LineString", "coordinates": [ [ 7.7526239, 48.100623300000017 ], [ 7.7527998, 48.100624599999982 ] ] } },
{ "type": "Feature", "properties": { "voltage_kv": "380 kV", "operator_show": "TransnetBW", "name_show": "–" }, "geometry": { "type": "LineString", "coordinates": [ [ 8.4838325, 49.2443242 ], [ 8.4914171, 49.244626700000012 ] ] } },
{ "type": "Feature", "properties": { "voltage_kv": "380 kV", "operator_show": "TransnetBW", "name_show": "–" }, "geometry": { "type": "LineString", "coordinates": [ [ 8.4461815, 49.2489494 ], [ 8.4838325, 49.2443242 ] ] } },
{ "type": "Feature", "properties": { "voltage_kv": "380 kV", "operator_show": "–", "name_show": "–" }, "geometry": { "type": "LineString", "coordinates": [ [ 8.3061342, 52.3461811 ], [ 8.3067248, 52.3469336 ] ] } },
{ "type": "Feature", "properties": { "voltage_kv": "380 kV", "operator_show": "Amprion", "name_show": "–" }, "geometry": { "type": "LineString", "coordinates": [ [ 8.3069431, 52.3505664 ], [ 8.3067248, 52.3469336 ] ] } },
{ "type": "Feature", "properties": { "voltage_kv": "380 kV", "operator_show": "TenneT TSO GmbH", "name_show": "–" }, "geometry": { "type": "LineString", "coordinates": [ [ 9.5818735, 51.2838577 ], [ 9.5826699, 51.2856531 ] ] } },
{ "type": "Feature", "properties": { "voltage_kv": "380 kV", "operator_show": "TenneT TSO", "name_show": "–" }, "geometry": { "type": "LineString", "coordinates": [ [ 9.5826699, 51.2856531 ], [ 9.5799085, 51.288554199999986 ] ] } },
{ "type": "Feature", "properties": { "voltage_kv": "380 kV", "operator_show": "TenneT TSO GmbH", "name_show": "–" }, "geometry": { "type": "LineString", "coordinates": [ [ 9.5374746, 51.1748399 ], [ 9.521916, 51.1880364 ] ] } },
{ "type": "Feature", "properties": { "voltage_kv": "380 kV", "operator_show": "TenneT TSO", "name_show": "Ostfalen-Achse" }, "geometry": { "type": "LineString", "coordinates": [ [ 10.3490621, 52.2360235 ], [ 10.4042505, 52.2095132 ], [ 10.396732, 52.170370399999989 ] ] } },
{ "type": "Feature", "properties": { "voltage_kv": "380 kV", "operator_show": "50Hertz Transmission", "name_show": "Ltg 560 Preilack - Streumen und ___ Altdöbern - Streumen" }, "geometry": { "type": "LineString", "coordinates": [ [ 13.3932756, 51.4067316 ], [ 13.4077266, 51.37364920000001 ], [ 13.3871679, 51.35462 ] ] } },
{ "type": "Feature", "properties": { "voltage_kv": "380 kV", "operator_show": "Amprion", "name_show": "Meppen-Hanekenfähr" }, "geometry": { "type": "LineString", "coordinates": [ [ 7.2772544, 52.7510666 ], [ 7.2778841, 52.7527198 ] ] } },
{ "type": "Feature", "properties": { "voltage_kv": "380 kV", "operator_show": "Amprion", "name_show": "Meppen-Hanekenfähr" }, "geometry": { "type": "LineString", "coordinates": [ [ 7.277299, 52.7526638 ], [ 7.2772544, 52.7510666 ] ] } },
{ "type": "Feature", "properties": { "voltage_kv": "380 kV", "operator_show": "Amprion", "name_show": "Emsland West" }, "geometry": { "type": "LineString", "coordinates": [ [ 7.2758091, 52.7509001 ], [ 7.2770069, 52.752625 ] ] } },
{ "type": "Feature", "properties": { "voltage_kv": "380 kV", "operator_show": "Amprion", "name_show": "–" }, "geometry": { "type": "LineString", "coordinates": [ [ 7.3145397, 52.4737229 ], [ 7.3149109, 52.4699125 ] ] } },
{ "type": "Feature", "properties": { "voltage_kv": "380 kV", "operator_show": "Amprion", "name_show": "–" }, "geometry": { "type": "LineString", "coordinates": [ [ 7.3149109, 52.4699125 ], [ 7.3126525, 52.466810399999979 ] ] } },
{ "type": "Feature", "properties": { "voltage_kv": "380 kV", "operator_show": "50Hertz", "name_show": "Markersbach-Zwönitz-Röhrsdorf" }, "geometry": { "type": "LineString", "coordinates": [ [ 12.8813257, 50.5194468 ], [ 12.8822589, 50.5198229 ] ] } },
{ "type": "Feature", "properties": { "voltage_kv": "380 kV", "operator_show": "50Hertz", "name_show": "Markersbach-Zwönitz-Röhrsdorf" }, "geometry": { "type": "LineString", "coordinates": [ [ 12.8822589, 50.5198229 ], [ 12.8818076, 50.5192654 ] ] } },
{ "type": "Feature", "properties": { "voltage_kv": "380 kV", "operator_show": "–", "name_show": "–" }, "geometry": { "type": "LineString", "coordinates": [ [ 8.4550733, 52.6501481 ], [ 8.4553028, 52.6475983 ] ] } },
{ "type": "Feature", "properties": { "voltage_kv": "380 kV", "operator_show": "–", "name_show": "–" }, "geometry": { "type": "LineString", "coordinates": [ [ 8.4550733, 52.6501481 ], [ 8.4556363, 52.6476528 ] ] } },
{ "type": "Feature", "properties": { "voltage_kv": "380 kV", "operator_show": "TenneT TSO GmbH", "name_show": "LH-14-309" }, "geometry": { "type": "LineString", "coordinates": [ [ 8.5294199, 52.9666241 ], [ 8.5297465, 52.9627168 ] ] } },
{ "type": "Feature", "properties": { "voltage_kv": "380 kV", "operator_show": "–", "name_show": "–" }, "geometry": { "type": "LineString", "coordinates": [ [ 8.5297465, 52.9627168 ], [ 8.5297366, 52.966631599999985 ] ] } },
{ "type": "Feature", "properties": { "voltage_kv": "380 kV", "operator_show": "–", "name_show": "–" }, "geometry": { "type": "LineString", "coordinates": [ [ 8.5458641, 52.9914567 ], [ 8.547885, 52.9938186 ] ] } },
{ "type": "Feature", "properties": { "voltage_kv": "380 kV", "operator_show": "TenneT TSO GmbH", "name_show": "LH-14-309" }, "geometry": { "type": "LineString", "coordinates": [ [ 8.547885, 52.9938186 ], [ 8.5461837, 52.9914269 ] ] } },
{ "type": "Feature", "properties": { "voltage_kv": "380 kV", "operator_show": "–", "name_show": "–" }, "geometry": { "type": "LineString", "coordinates": [ [ 8.5527504, 53.0028337 ], [ 8.553415, 52.9994414 ] ] } },
{ "type": "Feature", "properties": { "voltage_kv": "380 kV", "operator_show": "TenneT TSO GmbH", "name_show": "LH-14-309" }, "geometry": { "type": "LineString", "coordinates": [ [ 8.5530764, 53.0029132 ], [ 8.553415, 52.9994414 ] ] } },
{ "type": "Feature", "properties": { "voltage_kv": "380 kV", "operator_show": "TenneT", "name_show": "–" }, "geometry": { "type": "LineString", "coordinates": [ [ 8.4800624, 50.5915046 ], [ 8.4802414, 50.591783 ] ] } },
{ "type": "Feature", "properties": { "voltage_kv": "380 kV", "operator_show": "TenneT", "name_show": "–" }, "geometry": { "type": "LineString", "coordinates": [ [ 8.4807349, 50.591646799999978 ], [ 8.4805506, 50.5913739 ] ] } },
{ "type": "Feature", "properties": { "voltage_kv": "380 kV", "operator_show": "TenneT TSO", "name_show": "308 AKW Brokdorf - UW Wilster" }, "geometry": { "type": "LineString", "coordinates": [ [ 9.3437315, 53.8517179 ], [ 9.3446243, 53.8522767 ] ] } },
{ "type": "Feature", "properties": { "voltage_kv": "380 kV", "operator_show": "TenneT TSO", "name_show": "–" }, "geometry": { "type": "LineString", "coordinates": [ [ 9.3435755, 53.8518519 ], [ 9.3446243, 53.8522767 ] ] } },
{ "type": "Feature", "properties": { "voltage_kv": "380 kV", "operator_show": "–", "name_show": "–" }, "geometry": { "type": "LineString", "coordinates": [ [ 7.7106169, 51.6761258 ], [ 7.7113185, 51.6762771 ] ] } },
{ "type": "Feature", "properties": { "voltage_kv": "380 kV", "operator_show": "Amprion", "name_show": "–" }, "geometry": { "type": "LineString", "coordinates": [ [ 8.3111218, 49.0065458 ], [ 8.3127798, 49.006481 ] ] } },
{ "type": "Feature", "properties": { "voltage_kv": "380 kV", "operator_show": "–", "name_show": "–" }, "geometry": { "type": "LineString", "coordinates": [ [ 12.0508735, 50.8019251 ], [ 12.0752391, 50.823663899999985 ], [ 12.27797, 50.818268 ], [ 12.3148742, 50.8506668 ], [ 12.4165704, 50.8715669 ] ] } },
{ "type": "Feature", "properties": { "voltage_kv": "380 kV", "operator_show": "Amprion", "name_show": "380kV Toeppersee West" }, "geometry": { "type": "LineString", "coordinates": [ [ 6.6139604, 51.475896399999982 ], [ 6.6131979, 51.4746826 ] ] } },
{ "type": "Feature", "properties": { "voltage_kv": "380 kV", "operator_show": "RWE", "name_show": "380kV Lohheide West" }, "geometry": { "type": "LineString", "coordinates": [ [ 6.6157474, 51.4782569 ], [ 6.6153453, 51.4773538 ] ] } },
{ "type": "Feature", "properties": { "voltage_kv": "380 kV; 110 kV", "operator_show": "–", "name_show": "–" }, "geometry": { "type": "LineString", "coordinates": [ [ 6.9157904, 49.9710305 ], [ 6.9097448, 49.9718434 ] ] } },
{ "type": "Feature", "properties": { "voltage_kv": "380 kV", "operator_show": "–", "name_show": "–" }, "geometry": { "type": "LineString", "coordinates": [ [ 6.9157904, 49.9710305 ], [ 6.9179381, 49.9713646 ] ] } },
{ "type": "Feature", "properties": { "voltage_kv": "380 kV", "operator_show": "–", "name_show": "–" }, "geometry": { "type": "LineString", "coordinates": [ [ 6.9157904, 49.9710305 ], [ 6.9177335, 49.971060799999989 ] ] } },
{ "type": "Feature", "properties": { "voltage_kv": "380 kV", "operator_show": "–", "name_show": "–" }, "geometry": { "type": "LineString", "coordinates": [ [ 7.8611684, 48.5731407 ], [ 7.8619066, 48.5732039 ] ] } },
{ "type": "Feature", "properties": { "voltage_kv": "380 kV", "operator_show": "–", "name_show": "–" }, "geometry": { "type": "LineString", "coordinates": [ [ 7.8612808, 48.573489 ], [ 7.8619066, 48.5732039 ] ] } },
{ "type": "Feature", "properties": { "voltage_kv": "380 kV", "operator_show": "–", "name_show": "–" }, "geometry": { "type": "LineString", "coordinates": [ [ 9.204667, 49.0426832 ], [ 9.2035345, 49.042144599999979 ] ] } },
{ "type": "Feature", "properties": { "voltage_kv": "380 kV", "operator_show": "–", "name_show": "–" }, "geometry": { "type": "LineString", "coordinates": [ [ 6.6234085, 51.257495399999989 ], [ 6.6250786, 51.2571875 ] ] } },
{ "type": "Feature", "properties": { "voltage_kv": "380 kV", "operator_show": "–", "name_show": "–" }, "geometry": { "type": "LineString", "coordinates": [ [ 6.6250786, 51.2571875 ], [ 6.6234047, 51.2576545 ] ] } },
{ "type": "Feature", "properties": { "voltage_kv": "380 kV", "operator_show": "Amprion", "name_show": "380kV Lippe Nord" }, "geometry": { "type": "LineString", "coordinates": [ [ 7.0203649, 51.626793799999987 ], [ 7.0220491, 51.6267399 ] ] } },
{ "type": "Feature", "properties": { "voltage_kv": "380 kV", "operator_show": "TransnetBW GmbH", "name_show": "–" }, "geometry": { "type": "LineString", "coordinates": [ [ 8.6230594, 49.3557066 ], [ 8.621876, 49.356181699999986 ] ] } },
{ "type": "Feature", "properties": { "voltage_kv": "380 kV", "operator_show": "TransnetBW GmbH", "name_show": "–" }, "geometry": { "type": "LineString", "coordinates": [ [ 8.6230594, 49.3557066 ], [ 8.6219779, 49.3563231 ] ] } },
{ "type": "Feature", "properties": { "voltage_kv": "380 kV", "operator_show": "50Hertz Transmission", "name_show": "–" }, "geometry": { "type": "LineString", "coordinates": [ [ 11.3285302, 51.0663453 ], [ 11.1466325, 51.0190062 ], [ 11.1285076, 50.9975076 ] ] } },
{ "type": "Feature", "properties": { "voltage_kv": "380 kV", "operator_show": "50Hertz Transmission", "name_show": "–" }, "geometry": { "type": "LineString", "coordinates": [ [ 11.4571946, 51.0740439 ], [ 11.3394552, 51.067961699999984 ] ] } },
{ "type": "Feature", "properties": { "voltage_kv": "380 kV", "operator_show": "50Hertz Transmission", "name_show": "–" }, "geometry": { "type": "LineString", "coordinates": [ [ 11.6081956, 51.0834349 ], [ 11.4632915, 51.0734142 ] ] } },
{ "type": "Feature", "properties": { "voltage_kv": "380 kV", "operator_show": "–", "name_show": "–" }, "geometry": { "type": "LineString", "coordinates": [ [ 6.8082423, 50.968625899999978 ], [ 6.8068073, 50.9694866 ] ] } },
{ "type": "Feature", "properties": { "voltage_kv": "380 kV", "operator_show": "–", "name_show": "–" }, "geometry": { "type": "LineString", "coordinates": [ [ 6.8089257, 50.9662626 ], [ 6.8088773, 50.9675539 ] ] } },
{ "type": "Feature", "properties": { "voltage_kv": "380 kV", "operator_show": "–", "name_show": "–" }, "geometry": { "type": "LineString", "coordinates": [ [ 6.809146, 50.9676177 ], [ 6.8089257, 50.9662626 ] ] } },
{ "type": "Feature", "properties": { "voltage_kv": "380 kV", "operator_show": "50Hertz Transmission", "name_show": "Ltg 574 Röhrsdorf - Remptendorf und Ltg 575 Röhrsdorf - Weida" }, "geometry": { "type": "LineString", "coordinates": [ [ 12.0508735, 50.8019251 ], [ 12.0465663, 50.7980515 ] ] } },
{ "type": "Feature", "properties": { "voltage_kv": "380 kV", "operator_show": "–", "name_show": "–" }, "geometry": { "type": "LineString", "coordinates": [ [ 12.0515168, 50.7879383 ], [ 12.0514156, 50.8005438 ] ] } },
{ "type": "Feature", "properties": { "voltage_kv": "380 kV; 220 kV; 0 kV; 0 kV", "operator_show": "RWE", "name_show": "–" }, "geometry": { "type": "LineString", "coordinates": [ [ 7.1020439, 51.4803156 ], [ 7.1040602, 51.47871880000001 ] ] } },
{ "type": "Feature", "properties": { "voltage_kv": "380 kV", "operator_show": "–", "name_show": "–" }, "geometry": { "type": "LineString", "coordinates": [ [ 10.1514327, 49.983607299999989 ], [ 10.1512416, 49.9833031 ] ] } },
{ "type": "Feature", "properties": { "voltage_kv": "380 kV", "operator_show": "–", "name_show": "–" }, "geometry": { "type": "LineString", "coordinates": [ [ 10.1509812, 49.987946599999987 ], [ 10.1501994, 49.9838695 ] ] } },
{ "type": "Feature", "properties": { "voltage_kv": "380 kV", "operator_show": "–", "name_show": "–" }, "geometry": { "type": "LineString", "coordinates": [ [ 7.5943037, 50.3871373 ], [ 7.594828, 50.3870783 ] ] } },
{ "type": "Feature", "properties": { "voltage_kv": "380 kV", "operator_show": "–", "name_show": "–" }, "geometry": { "type": "LineString", "coordinates": [ [ 6.8488242, 50.8622398 ], [ 6.8486438, 50.8621243 ] ] } },
{ "type": "Feature", "properties": { "voltage_kv": "380 kV", "operator_show": "TenneT TSO GmbH", "name_show": "Wahle–Mecklar" }, "geometry": { "type": "LineString", "coordinates": [ [ 9.8536263, 51.6486199 ], [ 9.8546414, 51.6481187 ] ] } },
{ "type": "Feature", "properties": { "voltage_kv": "380 kV", "operator_show": "–", "name_show": "–" }, "geometry": { "type": "LineString", "coordinates": [ [ 9.8535909, 51.6482928 ], [ 9.8546306, 51.648124 ] ] } },
{ "type": "Feature", "properties": { "voltage_kv": "380 kV", "operator_show": "–", "name_show": "–" }, "geometry": { "type": "LineString", "coordinates": [ [ 10.0890905, 52.3188962 ], [ 10.0819006, 52.3236379 ] ] } },
{ "type": "Feature", "properties": { "voltage_kv": "380 kV", "operator_show": "–", "name_show": "–" }, "geometry": { "type": "LineString", "coordinates": [ [ 10.0890905, 52.3188962 ], [ 10.0913603, 52.3184593 ] ] } },
{ "type": "Feature", "properties": { "voltage_kv": "380 kV", "operator_show": "–", "name_show": "–" }, "geometry": { "type": "LineString", "coordinates": [ [ 10.0890905, 52.3188962 ], [ 10.0913994, 52.319291299999989 ] ] } },
{ "type": "Feature", "properties": { "voltage_kv": "380 kV", "operator_show": "–", "name_show": "–" }, "geometry": { "type": "LineString", "coordinates": [ [ 10.0952418, 52.318660899999983 ], [ 10.0985879, 52.3228474 ] ] } },
{ "type": "Feature", "properties": { "voltage_kv": "380 kV", "operator_show": "TenneT TSO", "name_show": "Leitung 3026" }, "geometry": { "type": "LineString", "coordinates": [ [ 10.1846439, 52.3052655 ], [ 10.0985879, 52.3228474 ] ] } },
{ "type": "Feature", "properties": { "voltage_kv": "380 kV", "operator_show": "–", "name_show": "–" }, "geometry": { "type": "LineString", "coordinates": [ [ 10.0939932, 52.319114399999989 ], [ 10.0952418, 52.318660899999983 ] ] } },
{ "type": "Feature", "properties": { "voltage_kv": "380 kV", "operator_show": "–", "name_show": "–" }, "geometry": { "type": "LineString", "coordinates": [ [ 10.0939997, 52.3182943 ], [ 10.0952418, 52.318660899999983 ] ] } },
{ "type": "Feature", "properties": { "voltage_kv": "380 kV", "operator_show": "–", "name_show": "–" }, "geometry": { "type": "LineString", "coordinates": [ [ 8.1047063, 53.101312 ], [ 8.1248872, 53.0404857 ], [ 8.1104851, 52.9706783 ] ] } },
{ "type": "Feature", "properties": { "voltage_kv": "380 kV", "operator_show": "TransnetBW", "name_show": "–" }, "geometry": { "type": "LineString", "coordinates": [ [ 8.5634012, 49.1326642 ], [ 8.5629373, 49.1327808 ] ] } },
{ "type": "Feature", "properties": { "voltage_kv": "380 kV", "operator_show": "TenneT TSO", "name_show": "Ltg 3024 Karben - Großkrotzenburg" }, "geometry": { "type": "LineString", "coordinates": [ [ 8.8125439, 50.203093699999989 ], [ 8.8193547, 50.1745509 ], [ 8.8450712, 50.1636188 ] ] } },
{ "type": "Feature", "properties": { "voltage_kv": "380 kV", "operator_show": "TenneT TSO", "name_show": "Ltg 3024 Großkrotzenburg" }, "geometry": { "type": "LineString", "coordinates": [ [ 8.8110214, 50.2034619 ], [ 8.8125439, 50.203093699999989 ] ] } },
{ "type": "Feature", "properties": { "voltage_kv": "380 kV", "operator_show": "TenneT TSO", "name_show": "Ltg 3024 Großkrotzenburg" }, "geometry": { "type": "LineString", "coordinates": [ [ 8.8110177, 50.203627199999978 ], [ 8.8125439, 50.203093699999989 ] ] } },
{ "type": "Feature", "properties": { "voltage_kv": "380 kV", "operator_show": "Amprion;TransnetBW", "name_show": "–" }, "geometry": { "type": "LineString", "coordinates": [ [ 8.3127798, 49.006481 ], [ 8.3200307, 48.9866878 ], [ 8.1828415, 48.9106999 ], [ 8.1845278, 48.8427425 ], [ 8.132202, 48.747799899999976 ] ] } },
{ "type": "Feature", "properties": { "voltage_kv": "380 kV", "operator_show": "TransnetBW", "name_show": "Grafenrheinfeld - Kupferzell" }, "geometry": { "type": "LineString", "coordinates": [ [ 9.6963876, 49.233028899999987 ], [ 9.6954532, 49.2334763 ] ] } },
{ "type": "Feature", "properties": { "voltage_kv": "380 kV; 220 kV; 110 kV", "operator_show": "Amprion GmbH", "name_show": "–" }, "geometry": { "type": "LineString", "coordinates": [ [ 8.2631876, 49.0305537 ], [ 8.2736303, 49.0479828 ] ] } },
{ "type": "Feature", "properties": { "voltage_kv": "380 kV; 220 kV", "operator_show": "Amprion", "name_show": "–" }, "geometry": { "type": "LineString", "coordinates": [ [ 8.2727343, 49.021956699999983 ], [ 8.2660518, 49.0285584 ] ] } },
{ "type": "Feature", "properties": { "voltage_kv": "380 kV", "operator_show": "–", "name_show": "–" }, "geometry": { "type": "LineString", "coordinates": [ [ 10.2339762, 48.4352197 ], [ 10.2340576, 48.4350614 ] ] } },
{ "type": "Feature", "properties": { "voltage_kv": "380 kV", "operator_show": "–", "name_show": "–" }, "geometry": { "type": "LineString", "coordinates": [ [ 12.1483804, 50.0247387 ], [ 12.0325868, 50.1305828 ], [ 11.9152415, 50.1769995 ], [ 11.8641588, 50.170172699999988 ], [ 11.8133579, 50.184280200000011 ] ] } },
{ "type": "Feature", "properties": { "voltage_kv": "380 kV", "operator_show": "–", "name_show": "–" }, "geometry": { "type": "LineString", "coordinates": [ [ 11.8133579, 50.184280200000011 ], [ 11.8116423, 50.1835065 ] ] } },
{ "type": "Feature", "properties": { "voltage_kv": "380 kV", "operator_show": "–", "name_show": "–" }, "geometry": { "type": "LineString", "coordinates": [ [ 11.8133579, 50.184280200000011 ], [ 11.8111677, 50.18365 ] ] } },
{ "type": "Feature", "properties": { "voltage_kv": "380 kV", "operator_show": "Amprion", "name_show": "Feld 403" }, "geometry": { "type": "LineString", "coordinates": [ [ 7.0068844, 51.174522 ], [ 7.0068983, 51.1746292 ] ] } },
{ "type": "Feature", "properties": { "voltage_kv": "380 kV", "operator_show": "RWE", "name_show": "380 kV Neurath 2b" }, "geometry": { "type": "LineString", "coordinates": [ [ 6.8016544, 51.1224567 ], [ 6.8029977, 51.1223353 ] ] } },
{ "type": "Feature", "properties": { "voltage_kv": "380 kV", "operator_show": "50Hertz", "name_show": "–" }, "geometry": { "type": "LineString", "coordinates": [ [ 13.2662777, 52.9934248 ], [ 13.2648632, 52.9934606 ] ] } },
{ "type": "Feature", "properties": { "voltage_kv": "380 kV", "operator_show": "50Hertz Transmission GmbH", "name_show": "–" }, "geometry": { "type": "LineString", "coordinates": [ [ 13.2647386, 52.9947899 ], [ 13.2661199, 52.9946339 ] ] } },
{ "type": "Feature", "properties": { "voltage_kv": "380 kV", "operator_show": "Amprion GmbH", "name_show": "380 kV Bürstadt Ltg." }, "geometry": { "type": "LineString", "coordinates": [ [ 8.420044, 49.6305964 ], [ 8.4195338, 49.6314398 ] ] } },
{ "type": "Feature", "properties": { "voltage_kv": "380 kV", "operator_show": "Amprion GmbH", "name_show": "Wonnegau Ost" }, "geometry": { "type": "LineString", "coordinates": [ [ 8.4240321, 49.6323474 ], [ 8.4218596, 49.6330653 ] ] } },
{ "type": "Feature", "properties": { "voltage_kv": "380 kV", "operator_show": "Amprion GmbH", "name_show": "Ried West" }, "geometry": { "type": "LineString", "coordinates": [ [ 8.423794, 49.631892399999984 ], [ 8.4216652, 49.632929399999988 ] ] } },
{ "type": "Feature", "properties": { "voltage_kv": "380 kV", "operator_show": "Amprion GmbH", "name_show": "Biblis 3c" }, "geometry": { "type": "LineString", "coordinates": [ [ 8.423794, 49.631892399999984 ], [ 8.4214654, 49.632789799999976 ] ] } },
{ "type": "Feature", "properties": { "voltage_kv": "380 kV", "operator_show": "Amprion GmbH", "name_show": "Biblis 1a" }, "geometry": { "type": "LineString", "coordinates": [ [ 8.423794, 49.631892399999984 ], [ 8.421073, 49.6325155 ] ] } },
{ "type": "Feature", "properties": { "voltage_kv": "380 kV", "operator_show": "Amprion GmbH", "name_show": "Ried Ost" }, "geometry": { "type": "LineString", "coordinates": [ [ 8.423794, 49.631892399999984 ], [ 8.4208763, 49.6323781 ] ] } },
{ "type": "Feature", "properties": { "voltage_kv": "380 kV", "operator_show": "Amprion GmbH", "name_show": "Kurpfalz Ost" }, "geometry": { "type": "LineString", "coordinates": [ [ 8.4206744, 49.632237 ], [ 8.4236183, 49.6314253 ] ] } },
{ "type": "Feature", "properties": { "voltage_kv": "380 kV", "operator_show": "Amprion GmbH", "name_show": "Kurpfalz West" }, "geometry": { "type": "LineString", "coordinates": [ [ 8.4204784, 49.6321 ], [ 8.4236183, 49.6314253 ] ] } },
{ "type": "Feature", "properties": { "voltage_kv": "380 kV", "operator_show": "–", "name_show": "–" }, "geometry": { "type": "LineString", "coordinates": [ [ 6.9079803, 51.5648735 ], [ 6.9089743, 51.565182 ] ] } },
{ "type": "Feature", "properties": { "voltage_kv": "380 kV", "operator_show": "–", "name_show": "–" }, "geometry": { "type": "LineString", "coordinates": [ [ 6.9089743, 51.565182 ], [ 6.9079158, 51.565048499999989 ] ] } },
{ "type": "Feature", "properties": { "voltage_kv": "380 kV", "operator_show": "TransnetBW GmbH", "name_show": "–" }, "geometry": { "type": "LineString", "coordinates": [ [ 9.04436, 48.9017378 ], [ 9.0437121, 48.9007406 ] ] } },
{ "type": "Feature", "properties": { "voltage_kv": "380 kV", "operator_show": "TransnetBW GmbH", "name_show": "–" }, "geometry": { "type": "LineString", "coordinates": [ [ 9.0437121, 48.9007406 ], [ 9.0439179, 48.9018676 ] ] } },
{ "type": "Feature", "properties": { "voltage_kv": "380 kV", "operator_show": "TransnetBW GmbH", "name_show": "–" }, "geometry": { "type": "LineString", "coordinates": [ [ 9.0429004, 48.9010329 ], [ 9.0436834, 48.9019271 ] ] } },
{ "type": "Feature", "properties": { "voltage_kv": "380 kV", "operator_show": "EnBW", "name_show": "Philippsburg - Pulverdingen" }, "geometry": { "type": "LineString", "coordinates": [ [ 9.0432315, 48.9020547 ], [ 9.0429004, 48.9010329 ] ] } },
{ "type": "Feature", "properties": { "voltage_kv": "380 kV; 110 kV", "operator_show": "Netze BW GmbH;TransnetBW GmbH", "name_show": "AL1-EDS 380 kV, EDS-WDL 380 kV, AL1-EDS/AIC 2x 110 kV" }, "geometry": { "type": "LineString", "coordinates": [ [ 9.3725626, 48.7192049 ], [ 9.3755375, 48.7206885 ] ] } },
{ "type": "Feature", "properties": { "voltage_kv": "380 kV", "operator_show": "TransnetBW GmbH", "name_show": "AL1-BZW 380 kV, EDS-WDL 380 kV" }, "geometry": { "type": "LineString", "coordinates": [ [ 9.3719177, 48.7152428 ], [ 9.3725626, 48.7192049 ] ] } },
{ "type": "Feature", "properties": { "voltage_kv": "750 kV", "operator_show": "Dortmunder Stadtwerke AG (DSW21)", "name_show": "–" }, "geometry": { "type": "LineString", "coordinates": [ [ 7.4649036, 51.569004 ], [ 7.4649928, 51.5690112 ] ] } }
]
}
